ticker,description_en,description_ko,exchange,industry_en,industry_ko,close,volume,market_cap,perf_3m,perf_6m,perf_9m_interp,perf_12m,rs_raw,rs_rating,eps_raw,eps_rating
009150,"Samsung Electro-Mechanics Co., Ltd",삼성전기보통주,KRX,Semiconductors,세미컨덕터,1558000,161045,111024685891390.0,-24.91566265060241,258.1609195402299,473.1118204175606,688.0627212948913,273.90082719029544,99,93.96649388818207,80.0
327260,"RF Materials Co., Ltd.",알에프머트리얼즈,KRX,Industrial conglomerates,산업 복합 기업,47100,79296,834736717796.0,65.26315789473684,49.95339601270673,312.1376994506072,574.3220028885077,213.38788282825905,99,,
208860,"DASAN DMC Co., Ltd.",다산디엠씨,KRX,Packaged software,패키지 소프트웨어,11600,735,44236816200.0,1242.5925925925926,772.1804511278195,665.0749107595989,557.9693703913783,896.0819834927964,99,24.521931900077526,58.0
043260,Sungho Electronics Corp.,성호전자,KRX,Electronic components,전자 부품,26500,601067,1976838493347.0,-7.3426573426573425,-35.91293833131802,1211.00105979187,2457.915057915058,723.663572938059,99,,
010170,"Taihan Fiberoptics Co., Ltd",대한광통신,KRX,Electrical products,전기 제품,18200,3846046,2752096124268.0,30.74712643678161,127.5,646.4090328220168,1165.3180656440336,400.1442702679227,99,,
109070,JOOSUNG CORPERATION,주성코퍼레이션보통주,KRX,Pulp & paper,펄프 및 제지,7190,19802,81838792610.0,339.48655256723714,436.16703952274423,494.9017015795539,553.6363636363636,432.73564197462724,99,134.40041840837014,85.0
032580,"Fidelix Co., Ltd",피델릭스,KRX,Semiconductors,세미컨덕터,7020,88975,232463080673.0,61.937716262975776,527.3458445040214,487.0374082333191,446.7289719626168,316.99753144518183,99,,
217320,"SUNTECH Co., Ltd. (Seoul)",썬테크,KRX,Electrical products,전기 제품,11000,70,11550000000.0,-15.384615384615385,15.789473684210526,634.401501909756,1253.0135301353014,374.4870549920074,99,,
000500,"Gaon Cable Co., Ltd.",가온전선보통주,KRX,Electrical products,전기 제품,314500,15190,9484167818069.0,31.041666666666668,454.9995560003552,668.0539782777879,881.1084005552206,413.24905363333943,99,36.46604928314931,64.0
036930,"Jusung Engineering Co., Ltd",주성엔지니어링,KRX,Industrial machinery,산업용 기계,211000,155433,9407958473206.0,16.639027086788282,220.18209408194232,393.42438037430446,566.6666666666666,242.71023905929798,99,-36.103397341112014,29.0
017900,AUK CORP.,광전자보통주,KRX,Semiconductors,세미컨덕터,10020,234808,497593967590.0,46.49122807017544,240.23769100169778,332.9729903067251,425.7082896117524,218.38028541210525,99,,
225190,LK SAMYANG CO. LTD,엘케이삼양,KRX,Electronics/Appliances,일렉트로닉스/어플라이언스,5170,605962,57854586937.0,451.76093916755605,166.49484536082474,212.52983805078972,258.5648307407547,308.22227849749623,99,-477.69389815755284,6.0
159010,"ASFLOW CO.,LTD",아스플로,KRX,Industrial machinery,산업용 기계,29800,57266,385158753395.0,57.83898305084746,443.7956204379562,535.7561740773419,627.7167277167277,344.5892976667442,99,,
154040,Dasan Solueta Co.Ltd.,다산솔루에타,KRX,Auto parts: OEM,자동차 부품: OEM,9130,5605,22804472704.0,1143.8692098092642,768.6964795432921,718.6074990309053,668.5185185185185,888.712183342249,99,,
402340,"SK Square Co., Ltd.",SK스퀘어보통주,KRX,Financial conglomerates,금융지주회사,1152000,107877,156654014282227.0,-28.6687306501548,126.77165354330708,296.4325098183366,466.0933660933661,166.39201363094003,98,,
351320,Nexa Dynamics Co. Ltd.,넥사다이내믹스,KRX,Semiconductors,세미컨덕터,4000,88208,113641871223.0,249.65034965034965,215.2088258471237,181.06120304701864,146.91358024691357,208.49686168835103,98,17.099348395354284,54.0
024840,"KBI METAL Co., Ltd.",케이비아이메탈,KRX,Electrical products,전기 제품,6310,222216,275559827423.0,57.75,197.64150943396226,214.69877785052478,231.75604626708727,151.91926671031487,98,,
446540,"Megatouch Co., Ltd.",메가터치,KRX,Semiconductors,세미컨덕터,10330,211586,316962310982.0,78.10344827586206,153.18627450980392,151.35159136118216,149.5169082125604,122.05233412705414,98,,
080220,Jeju Semiconductor Corp.,제주반도체,KRX,Semiconductors,세미컨덕터,77400,98981,2613808984375.0,-20.123839009287927,108.90688259109312,212.5179574245788,316.1290322580645,119.46123885103214,98,,
046970,"WOORIRO CO., LTD.",우리로,KRX,Telecommunications equipment,통신 장비,8000,659557,343287313385.0,39.37282229965157,-5.100830367734282,252.32763359662067,509.7560975609756,167.14570907783303,98,,
002990,"KUMHO Engineering & Construction Co., Ltd.",금호건설보통주,KRX,Automotive aftermarket,자동차 애프터마켓,13010,190414,470984690475.0,42.49726177437021,171.3242961418144,208.66746721984336,246.01063829787233,142.19938504165412,98,,
219130,"TigerElec Co., Ltd.",타이거일렉,KRX,Semiconductors,세미컨덕터,82400,6530,510194635773.0,35.30377668308703,198.0108499095841,210.2578711387451,222.50489236790608,140.2762333564819,98,673.6564392174241,95.0
064290,"INTEKPLUS Co., Ltd.",인텍플러스,KRX,Electronic equipment/Instruments,전자 장비/기기,54900,28653,710075258255.0,34.065934065934066,209.99435347261434,215.89987310207505,221.80539273153576,143.16629748761866,98,-316.96081403593604,9.0
222800,"Simmtech Co., Ltd.",심텍,KRX,Semiconductors,세미컨덕터,152300,101824,5752201040268.0,21.25796178343949,197.4609375,236.98757629017305,276.5142150803461,150.69573048747964,98,,
131290,"TSE Co., Ltd",티에스이,KRX,Semiconductors,세미컨덕터,281500,11516,3117015164375.0,18.776371308016877,149.7781721384206,299.2555578041031,448.7329434697856,187.06388320566862,98,413.4197155258412,93.0
020120,"KidariStudio, Inc.",키다리스튜디오보통주,KRX,Information technology services,정보 기술 서비스,7860,20235,294652364159.0,136.03603603603602,151.1182108626198,118.13861073166325,85.15901060070671,125.29758085341237,98,,
015590,"DKME Co., Ltd.",디케이엠이보통주,KRX,Industrial machinery,산업용 기계,2135,7729,112666203728.0,0.0,333.9430894308943,333.9430894308943,333.9430894308943,200.3658536585366,98,-436.80194309631867,7.0
079650,Seosan Corporation,서산,KRX,Construction materials,건축 자재,6200,117986,124800000000.0,46.91943127962085,314.99330655957164,309.1882603064612,303.3832140533507,204.28072869572503,98,-28.746422836519987,32.0
095610,"TES Co., Ltd.",테스,KRX,Electronic production equipment,전자 생산 장비,162300,34387,2773832606125.0,-14.488935721812433,175.55178268251274,227.37869507957413,279.2056074766355,130.6316427590195,98,51.78416537841128,70.0
000660,SK hynix Inc.,에스케이하이닉스보통주,KRX,Semiconductors,세미컨덕터,1819000,556850,1357147520996094.0,-30.253067484662576,105.76923076923077,264.61123408965136,423.45323741007195,146.6655134599258,98,797.1318276523928,96.0
134580,Topco Media Co.Ltd.,탑코미디어,KRX,Telecommunications equipment,통신 장비,3140,77354,155981156845.0,221.0633946830266,81.60786581839213,50.957189614176905,20.306513409961685,118.99967164171677,98,92.25781577226132,79.0
417840,Justem Co. Ltd.,저스템,KRX,Homebuilding,홈빌딩,16880,196664,389249143448.0,20.571428571428573,155.37065052950075,221.1156180074954,286.86058548549005,140.89794223306868,98,,
317400,Xi S&D Inc.,자이에스앤디보통주,KRX,Miscellaneous commercial services,기타 상업 서비스,10020,95472,372740429077.0,148.3271375464684,142.3216444981862,168.5137634255637,194.7058823529412,160.4391130739256,98,5147.298500603726,99.0
001820,"SAMWHA CAPACITOR CO., LTD.",삼화콘덴서공업보통주,KRX,Electronic components,전자 부품,148500,177891,1507340852928.0,7.4529667149059335,170.0,260.3414264036419,350.6828528072838,159.18604252814754,98,97.67142005084746,80.0
092870,"Exicon Co., Ltd.",엑시콘,KRX,Electronic equipment/Instruments,전자 장비/기기,45300,184578,536978465747.99994,124.25742574257426,65.93406593406593,137.5745414994562,209.21501706484642,132.24769519670343,98,,
098120,"Micro Contact Solution Co., Ltd.",(주)마이크로컨텍솔루션,KRX,Electronic production equipment,전자 생산 장비,59400,19764,482140432358.0,146.985446985447,111.38790035587189,144.47899690690792,177.57009345794393,145.48157693832354,98,254.77974367875342,90.0
386380,Sky Labs Inc.,Sky Labs Inc.,KRX,Medical specialties,의학 전문 분야,23000,525614,430587354755.0,170.58823529411765,170.58823529411765,170.58823529411765,170.58823529411765,170.58823529411765,98,,
047040,"Daewoo Engineering & Construction Co., Ltd",대우건설보통주,KRX,Homebuilding,홈빌딩,18390,1831733,7083617275391.0,-7.1680969207470975,8.945497630331754,209.1818900894041,409.41828254847644,122.64189528534364,98,,
109670,"C-Site Co.,Ltd.",씨싸이트,KRX,Financial conglomerates,금융지주회사,12870,27209,57769460249.0,300.93457943925233,153.3464566929134,103.73909660992975,54.131736526946106,182.6172897416588,98,,
069540,LIGHTRON FIBER-OPTIC DEVICES INC.,빛과전자,KRX,Semiconductors,세미컨덕터,4075,1167747,453021446686.0,81.51447661469933,50.3690036900369,228.92049188237834,407.4719800747198,169.95808577530676,98,,
006340,"Daewon Cable Co., Ltd.",대원전선보통주,KRX,Electrical products,전기 제품,13520,194642,1084127283925.9999,26.591760299625467,160.0,256.0869565217391,352.17391304347825,164.28887803289368,98,1.8536420975995074,46.0
189330,"Xiilab Co., Ltd.",씨이랩,KRX,Information technology services,정보 기술 서비스,11410,18165,105456874008.0,26.07734806629834,148.5838779956427,132.5462084475367,116.50853889943075,89.95866429504136,97,-25.080335490291798,33.0
356680,"AXGATE Co., Ltd.",엑스게이트,KRX,Computer communications,컴퓨터 통신,19210,4270170,519878227615.0,11.42691415313225,180.02915451895043,155.73746882574028,131.44578313253012,98.01324695669707,97,1881.3934598178992,98.0
004710,"Hansol Technics Co., Ltd",한솔테크닉스보통주,KRX,Electronic production equipment,전자 생산 장비,11210,1083655,525130791092.0,6.761904761904762,162.5366828267636,138.94045391650474,115.34422500624588,86.06903425466474,97,-93.96180725930293,19.0
457600,"VECT Co.,Ltd.",벡트,KRX,Packaged software,패키지 소프트웨어,4210,5734,59559089489.0,138.66213151927437,91.79954441913439,63.36772092751592,34.93589743589744,93.48548516421931,97,-21.206629416468438,35.0
052860,"I & C Technology Co., Ltd.",아이앤씨테크놀로지,KRX,Semiconductors,세미컨덕터,6980,13673,110223493252.0,61.01499423298731,64.04230317273796,112.73276207326037,161.42322097378278,92.04565493715116,97,,
036540,"SFA Semicon Co., Ltd.",에스에프에이반도체,KRX,Semiconductors,세미컨덕터,10540,515194,1733110011292.0,71.94127243066885,68.10207336523126,116.9640253333092,165.82597730138713,98.95492417225304,97,-196.2744187163862,13.0
003010,Hae In Corp.,혜인보통주,KRX,Wholesale distributors,도매 유통업체,9370,57878,100389340935.0,114.66208476517755,71.6117216117216,72.56512006512006,73.51851851851852,89.40390594514307,97,79.23174852045534,77.0
072950,"Vissem Electronics Co., Ltd.",빛샘전자,KRX,Electronic components,전자 부품,14190,315554,113750859833.0,76.93266832917706,103.29512893982807,138.88160702310552,174.46808510638297,114.10203154553415,97,112.33025010143895,83.0
144960,"New Power Plasma Co., Ltd.",뉴파워프라즈마,KRX,Aerospace & defense,항공우주 및 방위산업,12510,212860,517557353897.0,69.05405405405405,144.81409001956948,137.6004151755306,130.38674033149172,110.18187072693998,97,321.8253959546893,92.0
252990,"SEMCNS Co., Ltd.",샘씨엔에스,KRX,Electrical products,전기 제품,18170,89929,1055793930016.0,45.70970328789094,96.64502164502164,131.92545199898143,167.2058823529412,97.43915251454524,97,340.7759743363847,92.0
080580,"OKins Electronics Co., Ltd.",오킨스전자,KRX,Semiconductors,세미컨덕터,26450,153146,512268856812.0,78.11447811447812,32.31615807903952,106.25341802257061,180.1906779661017,94.9978420593336,97,,
092190,"Seoul Viosys Co., Ltd.",서울바이오시스,KRX,Semiconductors,세미컨덕터,7810,54464,362275918465.0,9.23076923076923,136.3086232980333,167.2001131757342,198.0916030534351,104.01237559774822,97,,
071200,"Infinitt Healthcare Co., Ltd",인피니트헬스케어,KRX,Medical/Nursing services,의료/간호 서비스,12080,4969,288129679184.0,80.4185351270553,89.48194662480377,93.51347740405491,97.54500818330605,88.27550049325508,97,729.9734038805432,96.0
126640,"Hwashin Precision Co., Ltd",화신정공,KRX,Auto parts: OEM,자동차 부품: OEM,3885,100332,129553666992.0,-19.314641744548286,158.48303393213573,182.6775359234138,206.87203791469193,101.88066485622899,97,189.7884505566032,88.0
319660,PSK INC,피에스케이,KRX,Industrial machinery,산업용 기계,141600,49206,4194380311583.9995,-23.127035830618894,68.57142857142857,208.33634719710668,348.1012658227848,115.75099398601645,97,86.24621195008976,78.0
031980,PSK HOLDINGS INC.,피에스케이홀딩스,KRX,Semiconductors,세미컨덕터,166200,11289,3518983190918.0,19.65442764578834,66.2,162.77567567567567,259.35135135135135,105.52717646372075,97,21.951112953622008,57.0
078930,GS Holdings Corp.,GS보통주,KRX,Food retail,식품 소매,112200,23122,10385494742119.0,66.71619613670134,68.7218045112782,108.065422652552,147.4090407938258,91.52573204621174,97,1602.2769465286308,98.0
052460,"iCRAFT Co., Ltd.",아이크래프트,KRX,Information technology services,정보 기술 서비스,5910,14337,72461293449.0,128.6266924564797,64.16666666666667,94.44074778200255,124.7148288973384,108.11512565179342,97,,
010950,S-Oil Corporation,S-OIL보통주,KRX,Oil refining/Marketing,정유/마케팅,161300,61963,17840260736275.0,56.147144240077445,48.663594470046085,107.41760581588113,166.17161716171617,86.90942118555967,97,,
025560,Mirae Corp,미래산업보통주,KRX,Industrial machinery,산업용 기계,6460,40543,181010870743.0,-31.27659574468085,149.03623747108713,176.01905682184753,203.0018761726079,93.10079579523617,97,30.19231430334863,61.0
302920,"Contents On Co., Ltd.",더콘텐츠온,KRX,Movies/Entertainment,무비/엔터테인먼트,2000,1,8649482298.0,300.0,-35.483870967741936,-39.17050691244239,-42.857142857142854,96.49769585253456,97,,
353200,"Daeduck Electronics Co., Ltd.",대덕전자보통주,KRX,Electronic components,전자 부품,126300,486028,5952664324808.0,-4.751131221719457,52.72067714631197,198.71949350273346,344.71830985915494,117.3312436129523,97,1145.869056750698,97.0
010120,"LS Electric Co., Ltd.",LS ELECTRIC보통주,KRX,Electrical products,전기 제품,208000,38566,30556300346375.0,-12.421052631578947,35.064935064935064,153.5789791603745,272.09302325581393,87.17896644359313,97,62.09214259997606,73.0
066570,LG Electronics Inc.,LG전자보통주,KRX,Electronics/Appliances,일렉트로닉스/어플라이언스,217000,191306,35256909747314.0,4.830917874396135,96.0252935862692,138.5566882439118,181.0880829015544,85.06638009610555,97,50.16870991872733,70.0
440110,"FADU, Inc.",파두,KRX,Semiconductors,세미컨덕터,85600,194120,4089059783936.0,-0.46511627906976744,76.31307929969104,181.82169802088623,287.33031674208144,108.90697230090385,97,-155.74209643972608,14.0
119850,"GnCenergy Co., Ltd.",지엔씨에너지,KRX,Electrical products,전기 제품,56400,35663,870834990120.0,149.0066225165563,78.76386687797148,80.9403749974273,83.11688311688312,108.16687400507891,97,16.284613895958827,53.0
089860,"LOTTE rental co., ltd.",롯데렌탈보통주,KRX,Finance/Rental/Leasing,금융/렌탈/리스,49350,2744,1802761074829.0,75.31083481349911,59.967585089141004,63.48633061563649,67.00507614213198,68.21613229478154,96,-12.872867149885167,39.0
058610,"SPG Co., Ltd",에스피지,KRX,Electrical products,전기 제품,99600,22865,2233260013771.0,20.28985507246377,-9.700815956482321,126.24050111266793,262.1818181818182,83.86024269658627,96,-11.67456251570275,39.0
331920,"Celemics, Inc.",셀레믹스,KRX,Electronic equipment/Instruments,전자 장비/기기,11050,6763,126910646915.0,-4.49438202247191,-16.35124905374716,123.56779652575801,263.4868421052632,72.34292510646605,96,-100.244672257334,18.0
085910,"Neo Technical System Co., Ltd.",네오티스,KRX,Metal fabrication,금속 가공,16850,43859,220808406944.0,-22.350230414746544,-22.170900692840647,149.53954965357968,321.25,80.78363762624919,96,,
161890,KOLMAR KOREA CO. LTD,한국콜마보통주,KRX,Household/Personal care,가정/개인 위생용품,148100,26918,3469946147919.0,51.58648925281474,88.90306122448979,88.54301727044057,88.18297331639135,73.76040606339025,96,74.70255478815938,76.0
0070X0,"Stechm Co., Ltd.","Stechm Co., Ltd.",KRX,Industrial machinery,산업용 기계,11500,1,17516000000.0,4.640582347588717,130.46092184368737,130.46092184368737,130.46092184368737,80.13278604524791,96,,
396300,HT ROBOTICS Co. Ltd,세아메카닉스,KRX,Computer communications,컴퓨터 통신,5700,3700840,159201895275.0,57.241379310344826,62.39316239316239,78.63247863247864,94.87179487179488,70.07603890362512,96,,
181710,NHN Corporation,NHN보통주,KRX,Internet software/Services,인터넷 소프트웨어/서비스,56400,19581,1725948287964.0,62.77056277056277,45.92496765847348,79.37757816885937,112.83018867924528,72.73477200954073,96,,
089970,VM Inc.,브이엠,KRX,Industrial machinery,산업용 기계,61800,83477,1642790139771.0,-41.75306314797361,48.201438848920866,148.6769906109011,249.15254237288136,72.50496910735123,96,,
014990,"In the F CO.,LTD.",인디에프보통주,KRX,Apparel/Footwear,어패럴/풋웨어,4015,88352,64744813128.0,176.13480055020634,7.209612817089453,-10.769639021801325,-28.748890860692104,63.99213680700174,96,,
007810,"Korea Circuit Co., Ltd.",코리아써키트보통주,KRX,Electronic components,전자 부품,69900,469738,1628428586548.0,-22.505543237250553,-6.550802139037433,147.01113188177067,300.5730659025788,79.20446183416219,96,,
065170,BL Pharmtech Corp.,비엘팜텍,KRX,Chemicals: specialty,화학: 특수,2425,82217,66843787260.0,4.751619870410368,-23.62204724409449,110.4190900143164,244.46022727272728,68.152101956754,96,-75.94547039977763,21.0
005930,"Samsung Electronics Co., Ltd.",삼성전자보통주,KRX,Semiconductors,세미컨덕터,282250,2706508,1816424298828125.0,-12.751159196290573,57.68156424581006,144.87019388761092,232.05882352941177,81.82165265405033,96,804.6420553669633,96.0
241710,COSMECCA KOREA CO. LTD,코스메카코리아,KRX,Household/Personal care,가정/개인 위생용품,124600,10549,1359564038849.0,76.98863636363636,52.88343558282209,66.86261764627316,80.84179970972424,70.91302513321844,96,69.38865423817117,75.0
034730,SK Inc.,SK보통주,KRX,Financial conglomerates,금융지주회사,606000,20538,33312943939209.0,-22.307692307692307,92.68680445151034,138.59692335251572,184.50704225352112,74.23507708843252,96,,
083450,"Global Standard Technology Co., Ltd.",글로벌스탠다드테크놀로지,KRX,Industrial machinery,산업용 기계,50000,12032,880389779091.0,-3.8461538461538463,92.3076923076923,108.2614694722318,124.2152466367713,63.418420144877544,96,12.343002742156987,51.0
276240,"Elivision Co., Ltd.",엘리비젼,KRX,Computer peripherals,컴퓨터 주변기기,696,5,7461738600.0,74.43609022556392,35.14563106796116,59.151762902401636,83.15789473684211,65.26549383166655,96,,
067290,JW Shinyak Corp.,제이더블유신약,KRX,Pharmaceuticals: major,의약품: 주요,3175,1386734,175464844360.0,54.12621359223301,64.76388168137001,95.3139643418142,125.86404700225837,78.83886404198172,96,29.369530686903218,60.0
420770,"GigaVis Co., Ltd.",기가비스,KRX,Electronic components,전자 부품,125300,16111,1560385736942.0,-27.988505747126435,61.67741935483871,144.20246456659797,226.72750977835724,75.32607644110821,96,393.1593691495615,93.0
065690,"Pakers Co., Ltd.",파커스,KRX,Computer peripherals,컴퓨터 주변기기,1860,8417,20987731455.0,100.0,28.36438923395445,56.627522648786375,84.8906560636183,73.97651358927183,96,,
006110,"Sam-A Aluminium Co., Ltd.",삼아알미늄보통주,KRX,Aluminum,알루미늄,55900,20284,815154227066.0,27.33485193621868,56.582633053221286,108.29131652661064,160.0,75.90873069045387,96,,
456010,"ICTK Co., Ltd.",아이씨티케이,KRX,Semiconductors,세미컨덕터,27000,1137957,327753106689.0,45.945945945945944,86.20689655172414,78.65477907434115,71.10266159695817,65.57124582298307,96,-112.1198317462262,18.0
003350,"Hankook Cosmetics Manufacturing Co., Ltd",한국화장품제조보통주,KRX,Household/Personal care,가정/개인 위생용품,15610,130283,344785175037.0,92.71604938271605,74.21875,54.27804969879518,34.33734939759036,69.65324957236353,96,10.322716491570016,50.0
011070,"LG Innotek Co., Ltd",LG이노텍보통주,KRX,Electronic production equipment,전자 생산 장비,588000,140335,12660511198044.0,-36.50107991360691,86.07594936708861,140.0379746835443,194.0,69.42235284468381,96,,
191600,BLUETOP CO. LTD.,블루탑,KRX,Electronic components,전자 부품,13950,1,39882045114.0,42.20183486238532,101.0086455331412,101.59127928830974,102.17391304347827,77.83550151793997,96,,
299480,"G&E Healthcare Co., Ltd.",지앤이헬스케어,KRX,Textiles,텍스타일,647,2103,7182180911.0,123.87543252595155,52.594339622641506,54.24897704023641,55.903614457831324,82.09955923452247,96,,
226340,"Bonne Co., Ltd.",본느,KRX,Packaged software,패키지 소프트웨어,4655,92830,38512141428.0,143.717277486911,76.66034155597723,42.52109045202819,8.381839348079161,82.99956526598132,96,9.243386178671148,50.0
281820,"KCTECH CO., LTD.",케이씨텍보통주,KRX,Electronic production equipment,전자 생산 장비,85500,19113,1718108989716.0,-11.122661122661123,85.8695652173913,105.73161638178271,125.59366754617415,58.98990538000518,95,67.85116840109495,75.0
332570,"Pentastone Electronics, Inc.",피에스일렉트로닉스,KRX,Telecommunications equipment,통신 장비,8930,204549,405655509911.0,56.666666666666664,75.78740157480316,59.219579381650775,42.6517571884984,58.19841429565714,95,,
093370,"Foosung Co., Ltd.",후성 보통주,KRX,Chemicals: specialty,화학: 특수,14010,321300,1496210511017.0,-24.677419354838708,94.58333333333333,114.04166666666666,133.5,58.554032258064524,95,,
437730,"Samhyun Co., Ltd.",삼현,KRX,Building products,건축 자재,51300,52428,1633117452621.0,40.16393442622951,9.850107066381156,68.6722819145653,127.49445676274945,57.26894291923099,95,-216.0721578738412,12.0
138080,"OE Solutions Co., Ltd.",오이솔루션,KRX,Semiconductors,세미컨덕터,30100,235475,335388825130.0,13.584905660377359,-16.15598885793872,86.49453198793746,189.14505283381365,57.330681456913425,95,44.872387619065584,67.0
024850,"HLB innoVation Co., Ltd.",HLB이노베이션,KRX,Industrial machinery,산업용 기계,19650,397632,480642299004.0,67.94871794871794,-12.080536912751677,43.95973154362416,100.0,53.55532610566168,95,1.8269994312000897,46.0
356860,"TLB Co., Ltd.",티엘비,KRX,Electronic components,전자 부품,46150,185347,1052170151520.0001,20.338983050847457,50.90700505412575,79.68823797681983,108.46947089951392,55.948536006430885,95,,
096770,"SK Innovation Co., Ltd",SK이노베이션 보통주,KRX,Oil refining/Marketing,정유/마케팅,158300,267377,24845757102966.0,62.02661207778915,40.08849557522124,46.88890798178538,53.689320388349515,52.94398962018689,95,,
051160,GaeaSoft Corp.,지어소프트,KRX,Advertising/Marketing services,광고/마케팅 서비스,12080,13936,162286047325.0,69.187675070028,51.9496855345912,53.015659093826216,54.08163265306123,59.48446548430693,95,38.61430376920822,65.0
232530,"Energy Material Technology Co., Ltd.",이엠티,KRX,Electrical products,전기 제품,10990,1,277659071579.0,-8.416666666666666,8.919722497522299,96.08357258896733,183.24742268041237,54.283476886713736,95,,
043590,"WELKEEPS HITECH CO.,LTD",웰킵스하이텍,KRX,Electronic components,전자 부품,1734,3038,22553389791.0,104.0,30.572289156626507,30.37623466840334,30.18018018018018,59.82574080104201,95,33.426925927710606,63.0
331660,"Korea Miracle People Co., Ltd.",한국미라클피플사,KRX,Household/Personal care,가정/개인 위생용품,4100,17,22275000000.0,9.62566844919786,28.125,95.13666879795396,162.14833759590792,60.93226865845152,95,,
203650,"Dream Security Co., Ltd.",드림시큐리티,KRX,Packaged software,패키지 소프트웨어,2930,3083943,273183256989.00003,27.94759825327511,83.125,73.29192817294282,63.458856345885636,55.154196205075735,95,-35.284132498822466,30.0
452260,HANWHA GALLERIA CORPORATION,한화갤러리아보통주,KRX,Department stores,백화점,2770,104729,535794060135.00006,30.969267139479907,13.292433537832311,80.30693105463045,147.32142857142858,60.57186548857024,95,,
095340,"ISC Co., Ltd.",아이에스시,KRX,Semiconductors,세미컨덕터,209500,7780,4348640680313.0005,12.694997310381925,-15.010141987829615,79.60225884901712,174.21465968586386,52.83935423356304,95,58.46451687987991,72.0
001450,"Hyundai Marine & Fire Insurance Co., Ltd.",현대해상화재보험보통주,KRX,Property/Casualty insurance,재산/상해 보험,48400,85814,3531193701553.0,39.481268011527376,53.89507154213037,61.268093262354384,68.6411149825784,52.55336316202359,95,48.12785114912091,69.0
004310,"Hyundai Pharmaceutical Co., Ltd.",현대약품보통주,KRX,Pharmaceuticals: major,의약품: 주요,8820,430559,273918872680.99997,42.25806451612903,0.5701254275940707,62.78506271379703,125.0,54.574263434729836,95,,
003160,DI Corporation,디아이보통주,KRX,Electronic equipment/Instruments,전자 장비/기기,36400,62030,834225028038.0,42.745098039215684,20.13201320132013,75.98957347964095,131.84713375796179,62.69178330347085,95,253.7832436635528,90.0
031330,"SAMT Co., Ltd.",에스에이엠티,KRX,Semiconductors,세미컨덕터,8380,83565,803771287842.0,-29.933110367892976,61.77606177606177,107.66564057033042,153.55521936459908,52.62614019504107,95,561.7058982519013,94.0
053610,"Protec Co., Ltd.",프로텍,KRX,Industrial machinery,산업용 기계,76200,4300,684000000000.0,2.2818791946308723,39.81651376146789,92.02364149611856,144.23076923076923,56.12693657552349,95,249.82366430085202,90.0
222040,COSMAX NBT INC.,코스맥스엔비티,KRX,Pharmaceuticals: other,의약품: 기타,7280,10203,154366820412.0,14.645669291338583,90.57591623036649,90.82601585796539,91.0761154855643,60.35387723131467,95,,
000990,DB HiTek Co. LTD,DB하이텍보통주,KRX,Semiconductors,세미컨덕터,130400,37498,5193272781372.0,-9.381514940931202,57.67835550181378,94.03352404065953,130.3886925795053,52.66750844802324,95,50.19012606088276,70.0
187660,Penetrium Bioscience Inc.,현대에이디엠바이오,KRX,Medical/Nursing services,의료/간호 서비스,6660,103535,419565841026.0,30.58823529411765,-38.70098270332256,73.3496501284583,185.40028296023914,56.24508419472204,95,-98.92932051223089,19.0
006400,"Samsung SDI Co., Ltd",삼성SDI보통주,KRX,Electrical products,전기 제품,537000,73611,40552422270000.0,6.5476190476190474,26.352941176470587,92.26300904977376,158.17307692307693,57.97685304891188,95,,
290550,"DK Tech Co., Ltd.",디케이티,KRX,Electronic components,전자 부품,22100,53515,446027434349.0,10.55527763881941,19.97828447339848,87.88266075521776,155.78703703703704,56.951707508658416,95,61.80281088640958,73.0
000650,"Chunil Express Co., Ltd",천일고속보통주,KRX,Other transportation,기타 교통수단,143900,47,202641657829.0,-17.488532110091743,-32.12264150943396,112.4746593941664,257.07196029776674,60.48938279246314,95,-161.57821341609798,14.0
000150,Doosan Corporation,두산보통주,KRX,Trucks/Construction/Farm machinery,트럭/건설/농기계,1528000,9547,22611002002716.0,1.1920529801324504,37.16337522441652,103.80292655026135,170.44247787610618,62.75857712220979,95,,
006360,GS Engineering & Construction Corporation,GS건설보통주,KRX,Homebuilding,홈빌딩,35100,155068,2937155966187.0,37.64705882352941,28.1021897810219,59.37972063738765,90.65725149375339,50.686655911844355,94,,
032820,Woori Technology Inc.,우리기술,KRX,Electronics/Appliances,일렉트로닉스/어플라이언스,13010,453587,2239268137207.0,3.1720856463124503,-41.13122171945702,79.83901341772814,200.8092485549133,49.172242309161874,94,,
115440,"WooriNet, Inc.",우리넷,KRX,Telecommunications equipment,통신 장비,12270,3460847,125366642990.0,52.04460966542751,17.98076923076923,49.343845587402285,80.70692194403534,50.42415121861238,94,-96.04660060699773,19.0
084370,"Eugene Technology Co., Ltd.",유진테크,KRX,Industrial machinery,산업용 기계,157900,24740,3640867311859.0,-8.728323699421965,34.04074702886248,85.03233166091853,136.02391629297458,47.52806951678233,94,265.08430348219997,91.0
094840,Suprema HQ Inc.,슈프리마에이치큐,KRX,Miscellaneous commercial services,기타 상업 서비스,12910,2211,115168762779.0,7.315045719035744,69.86842105263158,81.71082222046871,93.55322338830585,51.952511619895525,94,590.5713185897011,95.0
008930,"Hanmi Science Co., Ltd",한미사이언스보통주,KRX,Medical distributors,의료 유통업체,51900,16329,3527883735657.0,74.74747474747475,36.578947368421055,34.91335044929397,33.24775353016688,50.84700016856628,94,90.28123197049932,79.0
041520,"ELC Co., Ltd.",이엘씨,KRX,Electronic production equipment,전자 생산 장비,12590,1,147279344282.0,51.68674698795181,45.8864426419467,52.22533718999098,58.56423173803527,52.00990110917532,94,,
010060,OCI Holdings Company Ltd.,오씨아이홀딩스보통주,KRX,Chemicals: specialty,화학: 특수,229000,195241,3816262687683.0,6.2645011600928076,18.163054695562437,80.8900379860791,143.61702127659575,51.03982325568458,94,,
041830,"InBody Co., Ltd.",인바디,KRX,Medical specialties,의학 전문 분야,52700,3637,648627967072.0,0.0,87.2113676731794,86.55101011524931,85.89065255731923,51.93060606914959,94,49.98361390232851,70.0
044820,Cosmax BTI Inc.,코스맥스비티아이 주식회사 보통주,KRX,Pharmaceuticals: major,의약품: 주요,25450,2839,249859043360.0,45.42857142857143,59.0625,49.99082918050941,40.91915836101882,48.16592607973422,94,233.41227721384888,90.0
136660,QMC Co. Ltd.,큐엠씨,KRX,Electronic equipment/Instruments,전자 장비/기기,2395,79,5271275028.0,71.07142857142857,19.75,30.316176470588236,40.88235294117647,46.61827731092438,94,,
240810,"Wonik IPS Co., Ltd.",원익아이피에스,KRX,Industrial machinery,산업용 기계,129300,218536,6505265651321.0,-21.35036496350365,11.46551724137931,100.20203236370641,188.9385474860335,51.58107343282239,94,231.41853427147547,90.0
077360,"Duksan Hi-Metal Co., Ltd.",덕산하이메탈,KRX,Industrial machinery,산업용 기계,13290,115776,597042233734.0,21.591948764867336,26.091081593927893,70.22296015180265,114.35483870967742,50.77055559702853,94,303.9040973148845,92.0
036800,"NICE Information & Telecommunication, Inc.",나이스정보통신,KRX,Miscellaneous commercial services,기타 상업 서비스,7530,3409,324103734131.0,30.502599653379548,51.50905432595574,59.050987339969026,66.59292035398231,47.63163226533324,94,60.54933210264052,73.0
029460,"KC CO., LTD.",케이씨보통주,KRX,Industrial machinery,산업용 기계,43450,3023,466330790377.0,38.15580286168522,39.04,53.72542635658915,68.4108527131783,47.49757695862758,94,45.427068469306235,67.0
036710,"SIMMTECH Holdings Co., Ltd.",심텍홀딩스,KRX,Electronic components,전자 부품,4480,55249,227902137909.0,11.166253101736972,81.01010101010101,71.95959595959596,62.90909090909091,47.64225881645237,94,12.785139509344473,51.0
296520,GAIA CORPORATION CO. LTD,가이아코퍼레이션,KRX,Wholesale distributors,도매 유통업체,793,7,3700937344.0,-0.6265664160401002,209.765625,83.14368206521739,-43.47826086956522,49.63558267271439,94,,
037460,"Samji Electronics Co., Ltd.",삼지전자,KRX,Electronics distributors,전자 부품 유통업체,31000,3285,461450430870.0,-9.75254730713246,24.0,86.69831053901851,149.39662107803701,48.11796740055812,94,304.96134882146146,92.0
412350,"Laserssel Co., Ltd.",레이저쎌,KRX,Industrial machinery,산업용 기계,5870,129922,79294521332.0,20.28688524590164,-28.063725490196077,65.53074833704541,159.1252221642869,47.4332031005879,94,5.507875041056659,48.0
053260,"Keum Kang Steel Co., Ltd.",금강철강,KRX,Steel,스틸,7030,28814,109386284409.0,34.16030534351145,60.31927023945268,58.35763289503224,56.395995550611794,48.67870187442392,94,,
250030,JINCOSTECH CO. LTD.,진코스텍,KRX,Household/Personal care,가정/개인 위생용품,24150,1203,69840186846.0,21.540010065425264,18.38235294117647,68.96390374331551,119.54545454545455,49.99434627215942,94,,
085620,"Mirae Asset Life Insurance Co., Ltd.",미래에셋생명보험보통주,KRX,Life/Health insurance,생명/건강 보험,19410,5949,2522458950806.0,-6.004842615012106,15.880597014925373,82.20406291207216,148.52752880921895,46.92050070123845,94,-37.04965732026387,29.0
017890,"Korea Alcohol Industrial Co., Ltd.",한국알콜산업,KRX,Chemicals: specialty,화학: 특수,15810,19290,302387956066.0,34.43877551020408,46.388888888888886,60.54251074278699,74.69613259668509,50.10101664975383,94,50.44778961919274,70.0
448900,"PIM KOREA Co., Ltd.",한국피아이엠,KRX,Auto parts: OEM,자동차 부품: OEM,54500,5183,306968192816.0,-6.678082191780822,-52.5674499564839,91.92615156496792,236.41975308641975,52.48445806226842,94,,
067310,Hana Micron Inc.,하나마이크론,KRX,Semiconductors,세미컨덕터,46050,164116,3071878083801.0,-7.530120481927711,56.36672325976231,87.30658437869633,118.24644549763033,49.37190243444671,94,,
007340,DN AUTOMOTIVE CORPORATION,디엔오토모티브보통주,KRX,Auto parts: OEM,자동차 부품: OEM,48100,5904,2473147217178.0,27.080581241743726,22.081218274111674,68.64687311915874,115.21252796420582,52.02035636819274,94,134.8650714881915,85.0
030530,"WONIK HOLDINGS CO., LTD.",원익홀딩스,KRX,Semiconductors,세미컨덕터,28500,313656,2161639207458.0002,32.25058004640371,4.779411764705882,56.404304422498925,108.02919708029196,46.742814672060845,94,,
228340,TONGYANG PILE Inc.,동양파일,KRX,Construction materials,건축 자재,3475,24104,69000000000.0,3.2689450222882614,61.25290023201856,74.44394471644125,87.63498920086393,45.973944838780056,93,,
079940,"Gabia, Inc.",가비아,KRX,Miscellaneous commercial services,기타 상업 서비스,40550,2790,532164321184.0,37.69100169779287,60.276679841897234,52.291364831980644,44.306049822064054,46.45121957830554,93,20.58758843649297,56.0
388790,LiComm Co. Ltd.,라이콤,KRX,Electrical products,전기 제품,5380,99001,161425688725.0,12.31732776617954,3.4615384615384617,64.5190291888405,125.57651991614256,43.638348619776124,93,,
147760,Protec Mems Technology Inc.,피엠티,KRX,Semiconductors,세미컨덕터,4165,62617,76200000000.0,5.710659898477157,57.75895111031546,67.84336742472266,77.92778373912986,42.99028441422446,93,44.09410148396103,67.0
189350,"Coset, Inc.",주식회사 코셋,KRX,Electrical products,전기 제품,2145,1,9120000362.0,22.361665715915574,59.006671608598964,59.66028647694522,60.31390134529148,44.74083817253336,93,,
048770,TPC Robotics Corporation,티피씨메카트로닉스,KRX,Industrial machinery,산업용 기계,4265,39027,65931563759.0,22.73381294964029,35.3968253968254,56.55257936507937,77.70833333333333,43.025072798903736,93,1.2645071143154674,45.0
126730,Korchip Corp.,코칩,KRX,Electronic components,전자 부품,22900,46893,186145256233.0,43.75392341494037,33.06217315514236,41.36768788476073,49.673202614379086,42.322182096832584,93,164.57598981487737,87.0
307180,"IL CO.,LTD.",아이엘,KRX,Electrical products,전기 제품,5790,54225,213370667648.0,13.7524557956778,7.421150278293135,67.23998690385245,127.05882352941177,45.84497446058259,93,-2703.428137936145,2.0
042700,"Hanmi Semiconductor Co., Ltd",한미반도체보통주,KRX,Industrial machinery,산업용 기계,244250,45204,23096704727173.0,-6.2380038387715935,-8.00376647834275,77.45667434963379,162.91711517761033,43.97880307427164,93,43.58264596509479,67.0
036170,"HMNEX Co., Ltd.",에이치엠넥스,KRX,Semiconductors,세미컨덕터,2740,21407,163339041100.0,-12.460063897763579,-47.80952380952381,81.77705627705629,211.36363636363637,44.082208207128346,93,86.53445912683958,78.0
489460,"BioBijou Co., Ltd.",바이오비쥬,KRX,Household/Personal care,가정/개인 위생용품,11920,5796,176449316292.0,94.77124183006536,49.0,11.290123456790123,-26.419753086419753,44.68257080610022,93,154.07090540764636,86.0
088350,"HANWHA LIFE INSURANCE Co., Ltd.",한화생명보험보통주,KRX,Life/Health insurance,생명/건강 보험,5680,205427,4237841059569.9995,25.110132158590307,22.282023681377826,50.730917203464934,79.17981072555204,40.48260318551508,93,137.32855959099714,85.0
033640,Nepes Corporation,네패스,KRX,Electronic components,전자 부품,27350,13765,636433927917.0,5.394990366088632,53.393157599551316,66.9010642879023,80.4089709762533,42.29863471917684,93,,
093520,"MAKUS, Inc.",매커스,KRX,Semiconductors,세미컨덕터,28600,1155,248215724945.0,61.03603603603604,22.22222222222222,29.696243005595523,37.170263788968825,42.23216021777173,93,57.50970701265925,72.0
103590,"Iljin Electric Co., Ltd.",일진전기 보통주,KRX,Electrical products,전기 제품,82600,129185,3895232875824.0,2.608695652173913,12.534059945504087,74.43584256216549,136.3376251788269,45.70498379816886,93,103.6980399323721,81.0
162120,"LUKEN Technologies Co., Ltd.",루켄테크놀러지스,KRX,Semiconductors,세미컨덕터,4000,675,44626407623.0,29.24071082390953,33.333333333333336,54.77239353891336,76.2114537444934,44.55972045291183,93,,
091580,"Sangsin Energy Display Precision Co., Ltd.",상신이디피,KRX,Electrical products,전기 제품,21450,21837,281225409508.0,29.921259842519685,19.299221357063402,49.77566109869977,80.25210084033614,41.833900596227735,93,,
375500,"DL E&C Co., Ltd.",DL이앤씨보통주,KRX,Engineering & construction,엔지니어링 및 건설,80500,33679,3238724459696.0,23.08868501529052,10.729023383768913,53.77526963809473,96.82151589242054,41.50063578897304,93,783.6491500997279,96.0
059120,"AJINEXTEK Co., Ltd.",아진엑스텍,KRX,Electronic equipment/Instruments,전자 장비/기기,7450,67292,130216298103.0,28.670120898100173,4.488078541374474,47.75685978350775,91.02564102564102,40.12216422934472,93,,
229640,LS Eco Energy Ltd.,LS에코에너지보통주,KRX,Electrical products,전기 제품,63500,33113,1940964843750.0,18.69158878504673,49.23619271445359,57.085628824759254,64.93506493506493,41.72801280887425,93,13.117682981319856,52.0
192820,"COSMAX, Inc.",코스맥스보통주,KRX,Household/Personal care,가정/개인 위생용품,269500,5902,3086020095825.0,71.00253807106598,33.415841584158414,25.808797985061663,18.20175438596491,43.88629401946339,93,134.2212768520788,85.0
077500,Uniquest Corporation,유니퀘스트 보통주,KRX,Electronics distributors,전자 부품 유통업체,9000,46582,198504932518.0,41.732283464566926,52.027027027027025,40.483427553628125,28.939828080229226,40.98296991800365,93,239.42473910303693,90.0
322000,HD HYUNDAI ENERGY SOLUTIONS CO. LTD.,에이치디현대에너지솔루션보통주,KRX,Semiconductors,세미컨덕터,128900,216651,1345119977093.0,-2.274450341167551,-9.097320169252468,72.32141865553125,153.74015748031496,42.48307105685173,93,7461.85329270238,99.0
192650,"Dreamtech Co., Ltd.",드림텍보통주,KRX,Computer communications,컴퓨터 통신,8270,125144,537087717056.0,68.77551020408163,28.81619937694704,29.220011914178848,29.62382445141066,45.04221123013996,93,-41.19925260346328,28.0
059090,MiCo Ltd.,미코,KRX,Semiconductors,세미컨덕터,22300,21811,710237000084.0,24.51144611948632,69.84006092916984,60.51325080356797,51.186440677966104,46.11252892993531,93,99.31503516917921,81.0
121890,"SD System Co., Ltd.",에스디시스템,KRX,Electronic equipment/Instruments,전자 장비/기기,2695,352,36285649452.0,22.5,55.960648148148145,61.832222020558206,67.70379589296826,46.099333212334926,93,,
212560,"NEOOTO Co., Ltd.",네오오토,KRX,Auto parts: OEM,자동차 부품: OEM,10270,9341,140379591007.0,10.193133047210301,37.29946524064171,62.01336898395722,86.72727272727273,41.28527460925845,93,-37.42923502556754,29.0
232830,"ITCENPS Co., Ltd.",아이티센피엔에스,KRX,Packaged software,패키지 소프트웨어,2970,120963,48443816414.0,65.0,15.56420233463035,17.540652475162258,19.517102615694164,36.524391485097354,92,-16.04304043844603,37.0
108490,"ROBOTIS Co., Ltd.",로보티즈,KRX,Industrial machinery,산업용 기계,296500,31414,4367624891281.0005,11.25703564727955,15.369649805447471,58.12536762447341,100.88108544349936,39.37803483359587,92,,
039030,"EO Technics Co., Ltd",이오테크닉스,KRX,Industrial machinery,산업용 기계,474500,7461,5827187044144.0,0.9574468085106383,16.441717791411044,60.926486601333224,105.41125541125541,36.93887068420419,92,737.9858204414707,96.0
413630,"CP System Co., Ltd",씨피시스템,KRX,Electrical products,전기 제품,4270,75603,155766398621.0,45.40816326530612,25.0,31.786871961102108,38.573743922204216,37.23538848278372,92,,
033790,FINO INC.,피노,KRX,Packaged software,패키지 소프트웨어,8240,835442,632334356689.0,15.244755244755245,1.477832512315271,53.48205840079604,105.48628428927681,38.187137138379725,92,,
093320,KINX Inc.,케이아이엔엑스,KRX,Specialty telecommunications,특수 통신,136100,955,643299296379.0,29.00473933649289,33.30068560235064,39.98008418048566,46.65948275862069,35.58994624288856,92,55.88303470327015,71.0
208710,PHOTON CO. LTD,포톤,KRX,Semiconductors,세미컨덕터,2865,144738,36640766716.0,42.53731343283582,43.825301204819276,37.026286966046,30.227272727272727,39.23069755276193,92,,
295310,HVM CO. LTD.,에이치브이엠,KRX,Metal fabrication,금속 가공,61500,17477,782727561092.0,5.128205128205129,-24.539877300613497,62.47651165395289,149.49290060851928,39.53718904365379,92,,
059100,"I-Components Co., Ltd",아이컴포넌트,KRX,Industrial specialties,산업 분야,6900,1689,44697943821.0,43.89989572471324,30.681818181818183,29.348330241187384,28.014842300556587,35.16895643459773,92,178.72802774944316,88.0
122640,"YEST Co.,Ltd.",예스티,KRX,Food: specialty/candy,식품: 특산품/과자,31750,49825,668082946777.0,-1.550387596899225,58.75,60.78525641025641,62.82051282051282,35.850998807394156,92,,
094800,Mirae Asset Maps Realty Real Estate Public Investment Company,미래에셋맵스리얼티부동산공모투자회사보통주,KRX,Real estate investment trusts,부동산 투자 신탁,7720,1005,713895979996.0,40.36363636363637,10.285714285714286,32.652897303499714,55.02008032128514,35.737192927554375,92,,
340450,GC Genome Corp.,지씨지놈,KRX,Medical/Nursing services,의료/간호 서비스,8570,480416,193463487358.0,73.13131313131314,9.73111395646607,9.801454414130472,9.871794871794872,35.13339790100353,92,,
340810,SECERN AI Co. Ltd.,시선에이아이,KRX,Packaged software,패키지 소프트웨어,3915,32636,53566010742.0,50.57692307692308,55.97609561752988,31.108807645942687,6.241519674355495,38.89605381833484,92,45.43111402281831,67.0
0015N0,"Aromatica Co., Ltd.",아로마티카,KRX,Household/Personal care,가정/개인 위생용품,11660,45402,145389212112.0,112.0,26.327193932827736,-15.636403033586133,-57.6,35.41815817984832,92,57.88687457042723,72.0
258790,SOFTCAMP CO. LTD,소프트캠프,KRX,Packaged software,패키지 소프트웨어,6960,3550,27819656043.0,96.33286318758815,1.1627906976744187,-5.367971739770385,-11.89873417721519,35.312362231173026,92,,
052710,"Amotech Co., Ltd",아모텍,KRX,Semiconductors,세미컨덕터,18710,107381,353440762329.0,-1.5262173156909986,71.60318461097404,67.44649141898837,63.28979822700271,39.857407925116625,92,,
049430,Komelon Corporation,코메론,KRX,Tools & hardware,공구 및 하드웨어,22350,2951,207538952351.0,13.164556962025317,6.428571428571429,55.26908023483366,104.10958904109589,38.427270925710324,92,66.31749893412515,75.0
086670,"BMT Co., Ltd.",비엠티,KRX,Industrial machinery,산업용 기계,19440,16242,187391007605.0,23.037974683544302,27.894736842105264,45.903523564391584,63.91231028667791,36.75730401205267,92,296.80829321800974,92.0
137080,NARAE NANOTECH CORPORATION,나래나노텍,KRX,Industrial machinery,산업용 기계,6170,2054,67044283829.00001,13.837638376383763,25.79001019367992,57.09347837928271,88.3969465648855,39.79114237812313,92,,
121440,GOLFZON HOLDINGS Co. Ltd.,골프존홀딩스,KRX,Recreational products,레크리에이션 제품,7770,19402,295222712059.0,17.018072289156628,60.04119464469619,51.30500099207286,42.56880733944954,37.59022951090637,92,-33.5389346949472,30.0
290740,"Actro Co., Ltd.",액트로,KRX,Wholesale distributors,도매 유통업체,11960,7784,114184797621.0,23.17198764160659,-33.88612493090105,46.10041579541904,126.08695652173913,36.929044533894064,92,,
084670,DONGYANG EXPRESS Corporation,동양고속보통주,KRX,Other transportation,기타 교통수단,24350,1323,61702849233.0,-21.451612903225808,-38.97243107769424,79.90028752863755,198.77300613496934,39.359527355892205,92,,
236200,Suprema Inc.,슈프리마,KRX,Computer communications,컴퓨터 통신,56900,4405,368935875320.0,29.908675799086758,19.789473684210527,41.41336148393907,63.03724928366762,36.81148720999815,92,1252.2477412253572,97.0
475150,"SK Eternix Co., Ltd.",에스케이이터닉스보통주,KRX,Alternative power generation,대체 전력 생산,52050,259245,1729444242859.0,6.008146639511201,-5.877034358047016,55.04903468819641,115.97510373443983,35.43267946872233,92,-77.92116057763803,21.0
035610,"Solborn, Inc.",솔본,KRX,Packaged software,패키지 소프트웨어,5050,378,129874729538.0,40.86471408647141,45.743145743145746,34.15798063856316,22.57281553398058,36.84067401772647,92,-1.0267180390470285,44.0
244920,"A Plus Asset Advisor Co., Ltd.",에이플러스에셋보통주,KRX,Multi-line insurance,복합 보험,12570,3283,284856928253.0,17.476635514018692,19.714285714285715,47.88235294117648,76.05042016806723,35.720065970313364,92,1114.6928283118932,97.0
452430,Sapien Semiconductors Inc.,사피엔반도체,KRX,Semiconductors,세미컨덕터,39350,35834,332236808062.0,25.318471337579616,29.016393442622952,36.7100315836968,44.403669724770644,32.15340748524993,91,,
005090,"SGC Energy Co., Ltd.",SGC에너지보통주,KRX,Electric utilities,전력 회사,49200,9016,704514125061.0,14.685314685314685,-19.607843137254903,46.23056118999324,112.06896551724138,33.612462588121815,91,1381.5289901280005,97.0
062040,"Sanil Electric Co., Ltd.",산일전기보통주,KRX,Electrical products,전기 제품,208500,23460,6284621140480.0,-11.087420042643924,45.600558659217874,63.45245324265241,81.30434782608695,33.636503928533884,91,46.1132733648054,68.0
011560,Sebo Manufacturing Engineering Corp.,세보엠이씨,KRX,Engineering & construction,엔지니어링 및 건설,23950,3594,236814968491.0,-4.7713717693836974,36.46723646723647,60.63330959164293,84.79938271604938,34.47143704723228,91,54.73525387684509,71.0
195870,"HAESUNG DS Co., Ltd.",해성디에스보통주,KRX,Industrial machinery,산업용 기계,60500,29517,1040400000000.0,-11.678832116788321,20.758483033932137,63.621562336078696,106.48464163822526,33.50140455493189,91,,
323280,"TAESUNG CO., LTD.",태성,KRX,Industrial machinery,산업용 기계,49850,97921,1420016118050.0,16.065192083818392,-5.587121212121212,41.978302511810114,89.54372623574145,31.613058340613428,91,,
042510,"RaonSecure Co., Ltd.",라온시큐어,KRX,Computer communications,컴퓨터 통신,11500,164241,117235987616.0,55.4054054054054,35.45347467608952,18.656763910232538,1.8600531443755537,33.35622050830168,91,11393.963288906503,99.0
064760,"Tokai Carbon Korea Co., Ltd.",티씨케이,KRX,Electrical products,전기 제품,282500,3417,3109082080841.0,7.007575757575758,17.954070981210855,48.94518835684747,79.93630573248407,32.17014331713878,91,31.197962289997722,61.0
201490,ME2ON CO. LTD,미투온,KRX,Packaged software,패키지 소프트웨어,3750,312153,121241412907.0,85.64356435643565,29.310344827586206,-4.707572684246113,-38.72549019607843,31.432882132026595,91,,
228850,"Rayence Co., Ltd.",레이언스,KRX,Medical specialties,의학 전문 분야,8010,3032,124475245609.0,33.5,31.311475409836067,31.96368472478558,32.615894039735096,32.57821083487135,91,,
246960,SCL Science Inc.,에스씨엘사이언스,KRX,Pharmaceuticals: major,의약품: 주요,2665,50506,92519885254.0,61.515151515151516,25.41176470588235,15.373866542664496,5.335968379446641,33.83038053165931,91,-45.33775300901715,27.0
354320,"ALMAC Co., Ltd.",알멕,KRX,Auto parts: OEM,자동차 부품: OEM,41400,27592,269716269206.99997,26.412213740458014,-15.510204081632653,37.41731175228712,90.34482758620689,33.015272547555476,91,,
005320,ONTIDE Corp.,온타이드보통주,KRX,Apparel/Footwear,어패럴/풋웨어,1253,3746,42005226746.0,47.411764705882355,23.570019723865876,21.565544213077978,19.561068702290076,31.904032410199726,91,,
425420,"TFE Co., Ltd.",티에프이,KRX,Semiconductors,세미컨덕터,64400,5815,770909583950.0,44.07158836689038,3.870967741935484,29.15370929063201,54.436450839328536,35.12086092113536,91,337.7684775453359,92.0
013700,"Camus Engineering & Construction, Inc.",까뮤이앤씨보통주,KRX,Engineering & construction,엔지니어링 및 건설,1584,55183,93868550457.0,31.561461794019934,22.316602316602317,32.253453761532754,42.190305206463194,31.97665697452763,91,,
170920,"LTC Co., Ltd.",엘티씨,KRX,Chemicals: specialty,화학: 특수,40200,96201,388380513668.0,-13.268608414239482,24.84472049689441,64.45281710123908,104.06091370558376,33.36424689504766,91,,
092730,"NeoPharm Co., Ltd.",네오팜,KRX,Household/Personal care,가정/개인 위생용품,23500,2228,369915712261.0,33.14447592067989,35.290731145653425,35.643050758011896,35.995370370370374,34.6436208230791,91,19.975360013514965,55.0
000720,"Hyundai Engineering & Construction Co., Ltd",현대건설보통주,KRX,Homebuilding,홈빌딩,122000,53899,13541187495923.0,5.2631578947368425,-19.89494418910046,50.160831154547246,120.21660649819495,32.201761850623086,91,,
204270,"JNTC Co., Ltd.",제이앤티씨,KRX,Electronic production equipment,전자 생산 장비,24700,368357,1358398091888.0,34.97267759562842,55.34591194968554,34.71683588246402,14.087759815242494,34.81917256772978,91,-4.392411220800341,43.0
096530,"Seegene, Inc.",씨젠,KRX,Medical specialties,의학 전문 분야,34350,32635,1362478691101.0,13.930348258706468,53.348214285714285,44.55948263692829,35.77075098814229,32.30782888563956,91,,
007610,"Seondo Electric Co., Ltd",선도전기보통주,KRX,Electrical products,전기 제품,4480,59966,74918218603.0,8.21256038647343,49.58263772954925,49.58263772954925,49.58263772954925,33.034606792318925,91,-113.11219671680858,18.0
005950,ISU CHEMICAL CO. LTD.,이수화학보통주,KRX,Chemicals: specialty,화학: 특수,10870,32140,271380547600.0,-15.474339035769828,38.82503192848021,68.41069447061533,97.99635701275045,34.85668106806126,91,,
028050,SAMSUNG E&A CO. LTD.,삼성E&A보통주,KRX,Engineering & construction,엔지니어링 및 건설,49100,204563,9672600000000.0,3.586497890295359,31.635388739946382,54.76696973229203,77.89855072463769,34.29478099549337,91,15.599373021666334,53.0
000880,Hanwha Corp,한화보통주,KRX,Industrial specialties,산업 분야,135200,8435,6206933670044.0,28.761904761904763,21.255605381165918,38.597814224608335,55.94002306805075,34.66345043952691,91,236.44190164229914,90.0
033560,"Bluecom Co., Ltd",블루콤,KRX,Telecommunications equipment,통신 장비,4730,148,76338082051.0,20.356234096692113,41.82908545727136,44.02118878736829,46.21329211746522,34.55520691109782,91,,
241770,"MECARO Co., Ltd.",메카로,KRX,Industrial machinery,산업용 기계,41250,311,411001736450.0,-0.2418379685610641,5.769230769230769,57.84644744568409,109.92366412213741,34.61113327998603,91,50.034162483047965,70.0
089890,"KOSES Co., Ltd.",코세스,KRX,Industrial machinery,산업용 기계,29100,8775,463955990362.0,-3.0,45.791583166332664,56.9998378259409,68.20809248554913,32.99990269556454,91,,
010580,SM BEXEL CO. LTD.,에스엠벡셀보통주,KRX,Tools & hardware,공구 및 하드웨어,2705,231847,307208815002.0,63.4441087613293,25.52204176334107,5.292467422551037,-14.937106918238994,28.553123958062343,90,-122.96003422349233,17.0
172670,"ALT Co., Ltd.",에이엘티,KRX,Semiconductors,세미컨덕터,13700,11053,121987395401.0,22.869955156950674,21.9946571682992,36.27205385887487,50.54945054945055,30.911214378105193,90,,
290720,"FOODNAMOO., INC.",푸드나무,KRX,Food: meat/fish/dairy,식품: 육류/어류/유제품,3085,2982,116355282402.0,34.71615720524017,1.9834710743801653,25.50864374975047,49.033816425120776,29.19164913194635,90,,
053800,"AhnLab, Inc.",안랩,KRX,Packaged software,패키지 소프트웨어,75300,10609,708821997166.0,41.01123595505618,24.875621890547265,24.464170088601474,24.052718286655683,31.08299643518336,90,-5.824049675816424,42.0
028260,SAMSUNG C&T CORP,삼성물산보통주,KRX,Engineering & construction,엔지니어링 및 건설,359500,29505,57004039205015.0,-23.915343915343914,36.17424242424242,63.495826095348384,90.81740976645435,28.531358091071464,90,47.95971369371497,69.0
251970,"PUM-TECH KOREA CO., LTD.",펌텍코리아,KRX,Containers/Packaging,컨테이너/패키징,60000,9734,712907195091.0,59.57446808510638,25.918153200419727,12.220160344052228,-1.477832512315271,31.161883440473897,90,32.557743994018395,63.0
041960,"Komipharm International Co., Ltd",코미팜,KRX,Biotechnology,바이오테크놀로지,9850,36519,719691401291.0,27.260981912144704,14.40185830429733,33.32148556636814,52.24111282843895,30.897284104678768,90,,
003550,LG Corp,LG보통주,KRX,Electronics/Appliances,일렉트로닉스/어플라이언스,114300,21169,16362819463205.0,10.434782608695652,31.53049482163406,43.09948286413232,54.66847090663058,30.033602761957653,90,69.41844584016796,75.0
377450,"REFINE Co., Ltd.",리파인,KRX,Real estate development,부동산 개발,14220,21,246952498913.0,56.607929515418505,25.50750220653133,11.186993610077655,-3.1335149863760217,29.355367972213998,90,-38.53085895401734,29.0
024800,"Yoosung T & S Co., Ltd.",유성티엔에스,KRX,Trucking,트러킹,4430,413,141444741211.0,4.235294117647059,8.845208845208845,45.95153004243913,83.05785123966942,29.265035672522302,90,190.23928087364953,88.0
163730,"Finger, Inc.",핑거,KRX,Internet software/Services,인터넷 소프트웨어/서비스,14100,140538,159496445322.0,24.778761061946902,50.0,32.03883495145631,14.077669902912621,29.13480539565255,90,540.6951529785064,94.0
217190,"Genesem, Inc.",제너셈,KRX,Industrial machinery,산업용 기계,7530,5106,98916282043.0,29.82758620689655,37.40875912408759,30.42566017681332,23.442561229539052,30.18643058884662,90,-54.32320826951076,25.0
098460,Koh Young Technology Inc.,고영테크놀러지,KRX,Semiconductors,세미컨덕터,29400,102423,1910575759888.0,-6.518282988871224,15.294117647058824,54.040501446480235,92.78688524590164,29.81698767233965,90,,
319400,HUYNDAI MOVEX Co. Ltd.,현대무벡스,KRX,Industrial machinery,산업용 기계,21000,103294,2298046788788.0,-25.13368983957219,-16.666666666666668,65.0509204857031,146.76850763807286,28.977076355592985,90,63.943555890708254,74.0
004800,Hyosung Corporation,효성보통주,KRX,Financial conglomerates,금융지주회사,162600,379,2745030524826.0,-8.135593220338983,23.088569265707797,55.96937174086784,88.85017421602788,30.327385756385112,90,109.76975179971241,82.0
389680,"UDMTEK Co., Ltd.",유디엠텍,KRX,Packaged software,패키지 소프트웨어,3045,27907,24998036904.0,85.8974358974359,3.9249146757679183,-5.921360089501933,-15.767634854771785,30.806158305273204,90,51.59689695035792,70.0
091970,"LSKAIROBOT CO.,LTD",나노캠텍,KRX,Industrial specialties,산업 분야,3615,7532,22775292435.0,41.2109375,15.865384615384615,21.0216975432944,26.17801047120419,29.097393525976642,90,,
900260,Rothwell International Co. Ltd.,로스웰인터내셔널,KRX,Auto parts: OEM,자동차 부품: OEM,1877,648,87417310089.0,16.874221668742216,9.254947613504074,40.492066670429985,71.7291857273559,31.044928669754878,90,55.25132900204025,71.0
053350,"INITECH Co., Ltd",이니텍,KRX,Internet software/Services,인터넷 소프트웨어/서비스,4595,3429,86645827332.0,80.90551181102362,42.701863354037265,-3.703357139485167,-50.1085776330076,30.140190440718342,90,-66.10319639996769,23.0
431190,"K3I Co., Ltd.",케이쓰리아이,KRX,Packaged software,패키지 소프트웨어,4120,136309,32640887508.0,91.62790697674419,0.8567931456548348,-10.630204561388084,-22.117202268431,30.273040053864822,90,9.894064616146776,50.0
127710,Asia Business Daily Co. Ltd.,아시아경제,KRX,Publishing: newspapers,출판: 신문,1346,7373,56629437550.0,66.58415841584159,-18.47365233192005,4.675804413337222,27.825261158594493,29.439146014338966,90,,
093380,"PungKang Co., Ltd.",풍강,KRX,Auto parts: OEM,자동차 부품: OEM,3185,3972,29915251236.0,51.30641330166271,21.102661596958175,15.182548637244096,9.262435677530018,29.63209450301154,90,,
347700,Sphere Corp.,스피어,KRX,Packaged software,패키지 소프트웨어,23450,211594,1153663843918.0,5.8690744920993225,-48.799126637554586,44.034780115566136,136.86868686868686,28.768497866179416,90,-1029.3250640578744,4.0
318660,TIME Technical Support. ltd,타임기술,KRX,Packaged software,패키지 소프트웨어,4100,3,8608400000.0,7.894736842105263,10.81081081081081,44.92505606042724,79.03930131004367,30.11292837309845,90,,
298040,Hyosung Heavy Industries Corp.,효성중공업보통주,KRX,Electrical products,전기 제품,2867000,3920,26966801574707.0,-13.618559807170834,9.135896459840122,60.51768954551504,111.89948263118995,30.863189804440694,90,88.77354307815907,79.0
307950,Hyundai Autoever Corp.,현대오토에버보통주,KRX,Information technology services,정보 기술 서비스,381000,2915,10352225828171.0,-30.97826086956522,0.0,71.49234693877551,142.98469387755102,30.504103815439223,90,13.28681731846995,52.0
032940,Wonik Corporation,원익,KRX,Electronics distributors,전자 부품 유통업체,9240,59738,169196131325.0,42.592592592592595,0.9836065573770492,19.241803278688526,37.5,28.582119004250153,90,,
005160,"Dongkuk Industries Co., Ltd.",동국산업,KRX,Steel,스틸,3495,24947,180077813816.0,51.62689804772234,8.878504672897197,10.992650394701027,13.106796116504855,27.246349455909556,89,-12.305664575289166,39.0
005830,DB INSURANCE CO. LTD,DB손해보험보통주,KRX,Multi-line insurance,복합 보험,185200,15334,10105708502960.0,35.18248175182482,9.19811320754717,21.506571054640638,33.8150289017341,26.97693533351431,89,16.61568427882699,54.0
006260,LS Corp.,LS보통주,KRX,Electrical products,전기 제품,321500,8874,8916770809174.0,-14.037433155080214,17.335766423357665,54.86776352286974,92.3997606223818,27.305684851689758,89,78.51156016870273,77.0
180640,HANJIN KAL Corp.,한진칼보통주,KRX,Hotels/Resorts/Cruise lines,호텔/리조트/크루즈 라인,141200,9180,9307538553643.0,20.58070025619129,23.968393327480246,32.2329528826456,40.49751243781095,27.572051832063877,89,-134.83236367805495,16.0
000810,"Samsung Fire & Marine Insurance Co., Ltd",삼성화재해상보험보통주,KRX,Property/Casualty insurance,재산/상해 보험,650000,10488,25054878032207.0,4.166666666666667,40.692640692640694,42.56854256854257,44.44444444444444,27.207792207792206,89,9.393507721102559,50.0
055550,"Shinhan Financial Group Co., Ltd.",신한금융지주회사보통주,KRX,Major banks,주요 은행,110200,170837,50049149789429.0,12.105798575788404,17.35889243876464,38.30372367602972,59.2485549132948,27.824553635933192,89,20.015717245380266,55.0
032830,"Samsung Life Insurance Co., Ltd.",삼성생명보험보통주,KRX,Life/Health insurance,생명/건강 보험,298000,58935,52884773689270.0,-26.96078431372549,30.70175438596491,64.48594039990195,98.270126413839,27.90725051445098,89,6.7386188158793505,48.0
064850,"FnGuide, Inc.",에프앤가이드,KRX,Packaged software,패키지 소프트웨어,19880,3995,226837394714.0,-29.752650176678443,2.0010261672652643,66.44766755517735,130.89430894308944,27.967540462435036,89,124.73831880018169,84.0
000370,"Hanwha General Insurance Co., Ltd",한화손해보험보통주,KRX,Property/Casualty insurance,재산/상해 보험,7670,43319,887481414185.0,28.691275167785236,17.099236641221374,26.18630262396166,35.27336860670194,27.18829164149109,89,34.52386377278813,63.0
019210,"YG-1 Co., Ltd",와이지-원,KRX,Metal fabrication,금속 가공,12610,106521,451531828613.0,-39.95238095238095,-0.23734177215189872,72.5466987637295,145.33073929961088,27.547066877285317,89,766.8776283290459,96.0
468530,"PROTEINA Co., Ltd.",프로티나,KRX,Medical specialties,의학 전문 분야,51500,98698,524718257904.0,72.81879194630872,-25.792507204610953,-2.662335473650506,20.46783625730994,27.530115494333185,89,-61.64297745817433,24.0
004770,Sunny Electronics Corporation,써니전자보통주,KRX,Electronic production equipment,전자 생산 장비,2050,103557,68795545254.0,29.664769133459835,25.535823637477037,26.83041181873852,28.125,27.96415474462705,89,-32.9257268791497,30.0
078350,"Hanyang Digitech Co., Ltd",한양디지텍,KRX,Electronic production equipment,전자 생산 장비,26950,82731,403216447973.0,19.51219512195122,-8.64406779661017,32.55739872580839,73.75886524822695,27.339317284265526,89,,
035890,"Seohee Construction Co., Ltd.",서희건설,KRX,Engineering & construction,엔지니어링 및 건설,2255,39147,413060603027.0,8.93719806763285,38.34355828220859,38.34355828220859,38.34355828220859,26.581014196378295,89,228.3732928279075,89.0
025890,"Hankook Steel Co., Ltd.",한국주강보통주,KRX,Metal fabrication,금속 가공,2615,746,29151827888.0,19.40639269406393,33.55464759959142,33.45248953156522,33.350331463539014,27.834050796564703,89,-96.41082578629738,19.0
193250,Linked Inc.,링크드,KRX,Electronic equipment/Instruments,전자 장비/기기,2015,8397,27941071386.0,67.21991701244814,15.142857142857142,1.3757763975155273,-12.391304347826088,27.713432643488574,89,,
047770,"Codes Combine Co., Ltd",코데즈컴바인,KRX,Apparel/Footwear,어패럴/풋웨어,3555,309151,142880934467.0,25.176056338028168,-16.549295774647888,28.43266918584679,73.41463414634147,27.130024046719342,89,549.8944554487259,94.0
001440,"Taihan Cable & Solution Co., Ltd.",대한전선보통주,KRX,Metal fabrication,금속 가공,31050,426847,5749260023499.0,-14.462809917355372,9.523809523809524,54.408888073843144,99.29396662387677,26.860208877363743,89,-170.0882220504654,13.0
018260,"SAMSUNG SDS CO., LTD.",삼성에스디에스보통주,KRX,Information technology services,정보 기술 서비스,220500,10500,17055716720580.998,10.25,41.07485604606526,37.84512033072494,34.61538461538461,26.807072198434962,89,-3.2257576766195255,43.0
100590,MERCURY CORPORATION,머큐리,KRX,Computer communications,컴퓨터 통신,5070,98318,85491329298.0,26.433915211970074,-0.1968503937007874,28.87353741997204,57.94392523364486,27.897688536771255,89,-390.29130066924995,7.0
403870,"HPSP Co., Ltd.",에이치피에스피,KRX,Semiconductors,세미컨덕터,55500,257541,4409495155334.0,0.3616636528028933,27.586206896551722,47.1264367816092,66.66666666666667,28.42052753008668,89,5.511327476931635,48.0
005430,"Korea Airport Service Co., Ltd.",한국공항보통주,KRX,Other transportation,기타 교통수단,86500,1035,258418816805.0,10.897435897435898,51.75438596491228,39.95126705653021,28.14814814814815,28.32973459289249,89,11.596377775507232,51.0
443670,SPSoft Inc.,에스피소프트,KRX,Packaged software,패키지 소프트웨어,5050,103163,120043849945.0,66.66666666666667,20.525059665871122,-0.2843451670644388,-21.09375,26.49605956642801,89,199.79499102539955,89.0
073240,"Kumho Tire Co., Inc.",금호타이어보통주,KRX,Automotive aftermarket,자동차 애프터마켓,6780,356838,1887300068665.0,33.46456692913386,8.48,25.16050209205021,41.84100418410042,28.48212802688367,89,,
092230,"KPX Holdings Co., Ltd.",KPX홀딩스보통주,KRX,Chemicals: specialty,화학: 특수,95900,12,374644226027.0,21.39240506329114,21.085858585858585,31.265643157236077,41.445427728613566,27.316347919658103,89,515.7533802063633,94.0
017650,"Daelim Paper Co., Ltd.",대림제지,KRX,Pulp & paper,펄프 및 제지,10800,19486,87695998764.0,22.171945701357465,19.601328903654483,32.576944775277376,45.55256064690027,28.41494514570941,89,-1.943972245708526,44.0
060370,"LS Marine Solution Co., Ltd.",엘에스마린솔루션,KRX,Engineering & construction,엔지니어링 및 건설,33500,9827,1712548732185.0,27.134724857685008,10.561056105610561,29.231962931392477,47.90286975717439,28.39306770190949,89,80.51065186572843,77.0
390110,"anymedi, Inc.",애니메디솔루션,KRX,Medical specialties,의학 전문 분야,528,1,4460641727.0,60.0,75.41528239202658,3.14623768724136,-69.12280701754386,25.887742612344816,88,,
068790,DMS CO Ltd,디엠에스,KRX,Semiconductors,세미컨덕터,7790,18063,162217628670.0,46.9811320754717,-1.267427122940431,10.801617668813696,22.870662460567825,25.2734234314769,88,-16.50063793110379,37.0
125020,"TC Materials Co., Ltd.",티씨머티리얼즈,KRX,Electrical products,전기 제품,6260,84481,216178517647.0,11.985688729874777,26.720647773279353,32.761654263579814,38.80266075388027,24.4512680500978,88,,
402420,"CALTH, Inc.",켈스,KRX,Medical specialties,의학 전문 분야,1800,1,3992897081.0,20.0,28.571428571428573,28.571428571428573,28.571428571428573,25.142857142857146,88,,
086790,Hana Financial Group Inc.,하나금융지주보통주,KRX,Major banks,주요 은행,133400,97685,34344329006958.0,15.497835497835498,17.63668430335097,33.678050344717015,49.719416386083054,26.40596440596441,88,6.610039060195838,48.0
105560,KB Financial Group Inc.,KB금융지주 보통주,KRX,Regional banks,지역 은행,174100,152860,58433799279785.0,11.388355726167626,17.635135135135137,35.58123599790267,53.5273368606702,25.90408388920865,88,18.807570360282575,55.0
236030,"Ssial Food, Inc.",씨알푸드,KRX,Food: specialty/candy,식품: 특산품/과자,2090,16,5003224059.0,-43.513513513513516,-0.47619047619047616,72.84788827191653,146.17196702002354,26.303327557744517,88,,
084870,"TBH GLOBAL CO., LTD.",TBH글로벌보통주,KRX,Apparel/Footwear,어패럴/풋웨어,2160,643,44532521324.0,15.508021390374331,-1.36986301369863,30.1533918464441,61.67664670658683,24.295243664016194,88,,
001430,SeAH Besteel Holdings Corporation,세아베스틸지주보통주,KRX,Steel,스틸,45850,28316,1588691986084.0,28.07262569832402,-33.83838383838384,24.597774148672354,83.03393213572855,25.987714768533024,88,,
068930,"Digital Daesung Co., Ltd",디지털대성,KRX,Miscellaneous commercial services,기타 상업 서비스,9570,6129,250575347900.0,30.381471389645778,12.32394366197183,21.352707525808803,30.381471389645778,24.964213071343593,88,127.20559661326001,84.0
138360,"N Robotics Co., Ltd.",협진,KRX,Household/Personal care,가정/개인 위생용품,1675,78374,145896830772.0,-20.61611374407583,-9.45945945945946,53.474404637195335,116.40826873385014,23.83819728468687,88,-67.49348556933795,22.0
134060,"e-future Co., Ltd.",이퓨쳐,KRX,Other consumer services,기타 소비자 서비스,5410,119,20416196966.0,18.9010989010989,35.08114856429463,29.157886355040255,23.234624145785876,25.055171373463715,88,594.8041081591592,95.0
263860,"GENIANS, INC.",지니언스,KRX,Packaged software,패키지 소프트웨어,19160,92417,158963316116.0,47.72552043176561,42.24201930215293,9.136882666949482,-23.96825396825397,24.57233777287593,88,57.172563676562206,72.0
200470,"APACT Co., Ltd.",에이팩트,KRX,Miscellaneous commercial services,기타 상업 서비스,8040,182803,357591524048.0,-5.85480093676815,12.92134831460674,46.69636439299361,80.47138047138047,25.675898261088903,88,,
261780,ARIBIOLAB,차백신연구소,KRX,Biotechnology,바이오테크놀로지,3640,122369,101780257349.0,38.93129770992366,0.8310249307479224,15.883138364654537,30.93525179856115,25.102402102762188,88,-1.5835266399022867,44.0
185490,"EyeGene, Inc.",아이진,KRX,Biotechnology,바이오테크놀로지,1944,5298,84284603691.0,44.42793462109955,36.421052631578945,14.097492696576094,-8.226067238426758,26.22966946638548,88,-29.12568721457469,32.0
368770,"FIBERPRO, Inc.",파이버프로,KRX,Financial conglomerates,금융지주회사,13420,43953,431779744263.0,-5.692199578355587,-30.104166666666668,44.05360772357724,118.21138211382114,24.155284802804108,88,66.9544494602839,75.0
010400,"Woojin I & S Co., Ltd.",우진아이엔에스보통주,KRX,Engineering & construction,엔지니어링 및 건설,4190,856,28139829516.0,24.33234421364985,14.6374829001368,25.448822750881405,36.260162601626014,25.002231335988782,88,,
457370,"Hanchem Co., Ltd.",한켐,KRX,Chemicals: specialty,화학: 특수,11220,76033,88783653808.0,21.035598705501616,38.00738007380074,26.36565322708442,14.723926380368098,24.2336314184513,88,-48.530928179923876,26.0
183300,KoMiCo Ltd.,코미코,KRX,Semiconductors,세미컨덕터,31150,29015,1621289417267.0,-14.234581497797357,37.95394154118689,50.86445762653456,63.77497371188223,24.824841976801792,88,-79.04636125985091,21.0
123010,"MSDI Co., Ltd",아이윈플러스,KRX,Semiconductors,세미컨덕터,3310,91870,67527593079.0,-4.885057471264368,57.76930409914204,46.215815597170696,34.66232709519935,25.775466369796675,88,89.68209750054932,79.0
336040,"TASCOM Co.,Ltd.",타스컴,KRX,Pharmaceuticals: major,의약품: 주요,3800,1,22001731682.0,58.66388308977035,2.7027027027027026,2.7027027027027026,2.7027027027027026,25.087174857529764,88,,
336260,"Doosan Fuel Cell Co., Ltd.",두산퓨얼셀보통주,KRX,Electronic production equipment,전자 생산 장비,47850,92908,3196052005157.0,-12.522851919561242,37.30272596843616,49.071531051444964,60.84033613445378,24.433777863042483,88,-1524.0675227217944,3.0
265740,NFC Corporation,엔에프씨,KRX,Household/Personal care,가정/개인 위생용품,7450,44609,133083818340.0,49.899396378269614,-8.476658476658477,6.528391805716439,21.533442088091356,23.876793634737712,88,,
187870,"DEVICE CO.,Ltd",디바이스,KRX,Industrial machinery,산업용 기계,11810,17492,160690845108.0,-17.470300489168412,8.847926267281107,54.33936076477423,99.83079526226734,25.615496263197173,88,445.8873197558697,94.0
090360,"Robostar Co., Ltd",로보스타,KRX,Industrial machinery,산업용 기계,79100,10989,770250000000.0,-18.369453044375646,37.56521739130435,52.04576659038902,66.52631578947368,23.879678736483157,88,,
131970,DOOSAN TESNA Inc.,두산테스나,KRX,Miscellaneous commercial services,기타 상업 서비스,91600,32150,1802650543976.0,-22.43861134631668,-14.392523364485982,56.45138099765775,127.29528535980148,24.895384060067983,88,,
007660,"ISU Petasys Co., Ltd.",이수페타시스보통주,KRX,Electronic components,전자 부품,117500,62738,8728356000519.0,6.334841628959276,10.22514071294559,33.44590368980613,56.666666666666664,22.60147886546739,87,86.15223225047785,78.0
382800,"GnBS eco Co.,Ltd",지앤비에스 에코,KRX,Industrial machinery,산업용 기계,5510,170022,167112967014.0,9.760956175298805,-8.013355592654424,33.03913578977074,74.0916271721959,23.727863943981966,87,,
316140,"Woori Financial Group, Inc.",우리금융지주보통주,KRX,Major banks,주요 은행,36000,262692,26043497586060.0,23.924268502581757,6.508875739644971,21.178966171709277,35.84905660377358,22.27708710405827,87,8.570220104643685,49.0
019010,"VenueG Co., Ltd.",베뉴지,KRX,Department stores,백화점,4895,4411,197784003754.0,-13.971880492091389,-5.501930501930502,46.740904667733936,98.98373983739837,22.455790603803806,87,,
199430,KNR Systems Inc.,케이엔알시스템,KRX,Electronic equipment/Instruments,전자 장비/기기,18150,7035,204569983263.0,38.33841463414634,-14.588235294117647,13.715272024302681,42.01877934272301,23.564529068240148,87,-0.4369920336074954,45.0
017670,"SK Telecom Co., Ltd.",SK텔레콤보통주,KRX,Wireless telecommunications,무선 통신,89100,138687,18384943229675.0,-1.2195121951219512,13.503184713375797,37.7515923566879,62.0,22.163150535963958,87,203.38030601798002,89.0
298000,Hyosung Chemical Corp.,효성화학보통주,KRX,Chemicals: major diversified,화학: 주요 복합,52600,4645,194417451382.0,11.08764519535375,30.198019801980198,30.198019801980198,30.198019801980198,22.55386995932962,87,,
008060,"DAEDUCK Co., Ltd.",대덕보통주,KRX,Electronic components,전자 부품,14850,9158,462736178398.0,-8.502772643253234,18.326693227091635,44.80348502185032,71.280276816609,23.4809819558089,87,,
094860,"NEORIGIN Co., Ltd.",네오리진,KRX,Information technology services,정보 기술 서비스,1489,14492,73482816467.0,15.78538102643857,7.898550724637682,29.075410579271413,50.252270433905146,23.75939875813828,87,,
303360,PROTIA INC.,프로티아,KRX,Medical specialties,의학 전문 분야,5310,3304,69035272217.0,34.09090909090909,19.72942502818489,14.214763691165118,8.700102354145343,22.16522185106271,87,92.52908155176614,79.0
130580,"NICE D&B Co., Ltd.",나이스디앤비,KRX,Miscellaneous commercial services,기타 상업 서비스,6900,5672,104257997417.0,28.73134328358209,24.324324324324323,20.439189189189186,16.554054054054053,23.75605082694635,87,4.606870755093675,47.0
001230,DONGKUK HOLDINGS CO. LTD.,동국홀딩스보통주,KRX,Steel,스틸,2095,29834,326646519165.0,20.05730659025788,6.561546286876907,23.77202482580723,40.98250336473755,22.28613753158749,87,,
045510,ZUNGWON EN-SYS Inc,정원엔시스,KRX,Information technology services,정보 기술 서비스,1103,4225,34071688950.000004,47.06666666666667,8.137254901960784,7.71648737315938,7.2957198443579765,23.456559090562294,87,60.90116188681664,73.0
162300,"Shin Steel Co., Ltd.",신스틸,KRX,Steel,스틸,2190,76074,88808779526.0,21.666666666666668,38.51992409867173,21.527265151961164,4.534606205250597,21.58302575784337,87,-0.2651156189932209,45.0
076610,"Haesung Optics Co., Ltd.",해성옵틱스,KRX,Electronic components,전자 부품,1130,59403,68370451694.0,0.8928571428571429,-27.096774193548388,37.70609318996416,102.5089605734767,22.980798771121353,87,60.9557068466174,73.0
101680,"HNK Machine Tool Co., Ltd",한국정밀기계,KRX,Industrial machinery,산업용 기계,2930,141,24998235202.0,36.5967365967366,4.085257548845471,11.474677455964319,18.864097363083165,21.52350111227323,87,-126.5707755258166,17.0
003690,Korean Reinsurance Company,코리안리재보험보통주,KRX,Multi-line insurance,복합 보험,14690,9758,2592497639465.0,15.4874213836478,17.52,25.654353369763207,33.78870673952641,21.58758057531704,87,22.66149881804241,57.0
000430,"DAEWON KANG UP Co., Ltd.",대원강업보통주,KRX,Auto parts: OEM,자동차 부품: OEM,4770,8271,300700000000.0,20.759493670886076,20.454545454545453,22.41762474813322,24.380704041720993,21.754372317234367,87,199.2527113611281,89.0
028670,"Pan Ocean Co., Ltd.",팬오션보통주,KRX,Marine shipping,해상 운송,5650,111411,2993589306641.0,16.85625646328852,13.0,28.200507614213198,43.401015228426395,23.662807153843328,87,13.132010045410254,52.0
044450,KSS LINE LTD.,케이에스에스 해운 보통주,KRX,Marine shipping,해상 운송,11790,35352,261740356178.0,28.431372549019606,10.28999064546305,19.151509980711978,28.01302931596091,22.863455008035032,87,,
004100,"Taeyang Metal Industrial Co., Ltd.",태양금속공업보통주,KRX,Auto parts: OEM,자동차 부품: OEM,3055,68817,112003365326.0,22.44488977955912,0.3284072249589491,24.314689049372678,48.300970873786405,23.566769341447255,87,,
014710,"Sajo Seafood Co., Ltd.",사조씨푸드보통주,KRX,Food: meat/fish/dairy,식품: 육류/어류/유제품,9220,181,158410604858.0,21.47562582345191,36.1890694239291,22.39371021255348,8.598351001177857,22.026476456912853,87,-185.46849382442514,13.0
204610,T3 Entertainment Co. Ltd.,티쓰리엔터테인먼트,KRX,Packaged software,패키지 소프트웨어,2945,1694,144941264191.0,11.553030303030303,11.977186311787072,29.613593155893536,47.25,22.389368014748243,87,17.9975239812952,54.0
014910,"SUNGMOON Electronics Co., Ltd.",성문전자보통주,KRX,Electronic components,전자 부품,1980,21526,42499997980.0,-16.80672268907563,24.60667086217747,48.01762114537445,71.42857142857143,22.087883611594417,87,795.6029459121968,96.0
202960,"PANDORA TV Co., Ltd.",판도라티비,KRX,Advertising/Marketing services,광고/마케팅 서비스,598,4,6284693925.0,73.33333333333333,-0.3333333333333333,-12.270595690747781,-24.20785804816223,21.970975918884662,87,,
003490,"Korean Air Lines Co., Ltd.",대한항공보통주,KRX,Airlines,에어라인즈,31200,399186,11623606856418.0,10.638297872340425,27.868852459016395,32.205761021630735,36.542669584245075,23.578775761914613,87,-133.14774489806598,16.0
091440,"HanWool Materials Science, Inc.",한울소재과학,KRX,Computer peripherals,컴퓨터 주변기기,3130,217340,112073264122.0,29.33884297520661,3.3003300330033003,14.12521491670125,24.9500998003992,20.210666140103395,86,12.95428480783343,52.0
036630,Sejong Telecom Inc.,세종텔레콤,KRX,Major telecommunications,주요 통신사,7770,231,108780000000.0,22.362204724409448,-8.372641509433961,19.532844330672013,47.43833017077799,20.664588488166988,86,,
020150,LOTTE ENERGY MATERIALS CORPORATION,롯데에너지머티리얼즈보통주,KRX,Electrical products,전기 제품,41800,32450,2102473349762.0002,-7.214206437291898,-1.762632197414806,37.6780059351909,77.11864406779661,19.721120986197782,86,-435.27074600764854,7.0
140410,"Mezzion Pharma Co., Ltd.",메지온,KRX,Pharmaceuticals: major,의약품: 주요,82300,18054,2517101568604.0,35.80858085808581,-9.26130099228225,8.579794972368859,26.42089093701997,19.47130932665564,86,,
102950,"AHA Co., Ltd.",아하,KRX,Wholesale distributors,도매 유통업체,1897,3,23002634604.0,5.800334634690463,56.77685950413223,30.79174466919319,4.806629834254144,20.7951806553921,86,,
275630,"SSR, Inc.",에스에스알,KRX,Miscellaneous commercial services,기타 상업 서비스,3825,548,17240167236.0,44.6124763705104,0.6578947368421053,5.763729977116705,10.869565217391305,21.303228534474187,86,-645.3712866453869,5.0
066670,DTC Co. Ltd.,디티씨,KRX,Electronic production equipment,전자 생산 장비,3295,245,51488238678.0,24.339622641509433,27.22007722007722,18.07284852739398,8.925619834710744,20.579558173040162,86,138.29073495095426,85.0
005180,"Binggrae Co., Ltd",빙그레보통주,KRX,Food: meat/fish/dairy,식품: 육류/어류/유제품,85100,2704,660268010759.0,26.26112759643917,19.52247191011236,15.748078060319337,11.973684210526315,19.953297874767273,86,58.01174246325765,72.0
453340,HYUNDAI GREEN FOOD CO. LTD,현대그린푸드보통주,KRX,Restaurants,레스토랑,19000,1892,625216936798.0,16.350275566442132,18.527760449157828,21.763880224578912,25.0,19.598438361324202,86,32.70705976635907,63.0
007390,"NATURECELL Co., Ltd.",네이처셀,KRX,Beverages: non-alcoholic,음료: 무알코올,25300,30531,1588324006271.0,4.329896907216495,40.63368538076709,32.78597849285268,24.938271604938272,21.403545858598207,86,-71.93170619359698,22.0
100790,"Mirae Asset Venture Investment Co., Ltd.",미래에셋벤처투자,KRX,Investment managers,투자 운용사,17790,50440,946005287857.0,-10.96096096096096,-37.46924428822496,39.740987611985084,116.95121951219512,19.460208182806667,86,,
197140,"DigiCAP Co., Ltd.",디지캡,KRX,Packaged software,패키지 소프트웨어,2400,600,31060807657.0,14.014251781472684,26.515550869794414,22.517034694156465,18.51851851851852,19.115921529082954,86,-17.930638685684777,36.0
045100,"Hanyang ENG Co., Ltd.",한양이엔지,KRX,Electronic production equipment,전자 생산 장비,31800,4815,514946004486.0,3.2467532467532467,1.76,31.46793715154587,61.17587430309174,20.17946358962882,86,6.3062580486919195,48.0
406820,"BEAUTYSKIN Co., Ltd.",뷰티스킨,KRX,Investment trusts,투자 신탁,2395,91848,33772365437.0,39.813193228254526,31.66575041231446,5.782833504739381,-20.100083402835697,19.394977394145442,86,23.848440557010846,58.0
125490,"Hallacast Co., Ltd.",한라캐스트,KRX,Industrial machinery,산업용 기계,12150,89208,442043456726.0,27.7602523659306,-12.274368231046932,13.530247077137085,39.3348623853211,19.222249192654495,86,762.4460411023867,96.0
278470,"APR Co.,Ltd.",에이피알보통주,KRX,Household/Personal care,가정/개인 위생용품,371000,31535,13795960533142.0,-4.010349288486417,7.22543352601156,36.79657326524793,66.3677130044843,20.47380424375419,86,135.58564457017852,85.0
005960,Dongbu Corporation,동부건설보통주,KRX,Engineering & construction,엔지니어링 및 건설,8360,2491,194339301588.0,20.634920634920636,2.7027027027027026,21.603452191687484,40.50420168067227,21.216039568980747,86,,
054920,Hancom WITH Inc,한컴위드,KRX,Industrial machinery,산업용 기계,4970,490788,119169832230.0,48.80239520958084,-2.1653543307086616,-0.1605460178133472,1.8442622950819672,19.42463047314433,86,,
070590,"Inticube Co., Ltd.",한솔인티큐브,KRX,Information technology services,정보 기술 서비스,2155,1377,28964448242.0,26.615746180963573,15.117521367521368,16.697070233705798,18.27661909989023,20.664540612608914,86,,
299660,"Cellid Co., Ltd.",셀리드,KRX,Pharmaceuticals: major,의약품: 주요,2765,917701,77297800713.0,66.76718938480097,8.858267716535433,-10.392749093386227,-29.643765903307887,20.471226297888652,86,-239.70734373107825,11.0
216080,"Jetema Co., Ltd.",제테마,KRX,Medical specialties,의학 전문 분야,7140,15833,268094234123.0,47.36842105263158,-9.390862944162437,3.5427414479840342,16.476345840130506,21.073013289843054,86,,
114920,"Daejoo Energy INnovation Technology Co., Ltd.",대주이엔티 주식회사,KRX,Steel,스틸,2900,150,10009507687.0,10.26615969581749,31.818181818181817,26.83346065699007,21.84873949579832,20.20654027252104,86,,
289080,SV INVESTMENT Corp.,에스브이인베스트먼트,KRX,Investment managers,투자 운용사,2805,281572,163876685429.0,36.496350364963504,-29.78723404255319,8.574167158922462,46.935568360398115,19.74304044133888,86,8.157088824243914,49.0
050120,"ES CUBE CO., LTD.",ES큐브,KRX,Savings banks,저축은행,3230,184,44066614723.0,20.074349442379184,34.864300626304804,22.457703975844055,10.051107325383304,21.504362162458108,86,-34.38203720804164,30.0
126340,"VINATECH CO,. LTD.",비나텍,KRX,Electronic components,전자 부품,87400,14387,607197777176.0,0.0,-27.768595041322314,35.14978410218192,98.06816324568615,21.08987046130915,86,-585.4440692661428,5.0
001530,DI DONG-IL Corporation,DI동일보통주,KRX,Textiles,텍스타일,25300,1455,519900640106.0,13.963963963963964,16.32183908045977,24.573416219605058,32.82499335875034,20.329635317348618,86,,
314130,Genome & Co.,지놈앤컴퍼니,KRX,Pharmaceuticals: major,의약품: 주요,4680,133313,252867729702.0,22.033898305084747,-43.34140435835351,17.98447023461635,79.3103448275862,19.60424146280371,86,-179.0126105125822,13.0
245450,"CNSLINK Co,. Ltd",씨앤에스링크,KRX,Telecommunications equipment,통신 장비,1898,12,3112495580.0,26.533333333333335,-0.0526592943654555,13.45193122238249,26.956521739130434,18.68449206676283,85,,
056360,"Coweaver Co., Ltd.",코위버,KRX,Telecommunications equipment,통신 장비,6800,212943,58253227673.0,19.507908611599298,5.1004636785162285,16.82244355948496,28.544423440453688,17.896629580330696,85,,
096760,JW Holdings Corporation,JW홀딩스 보통주,KRX,Pharmaceuticals: major,의약품: 주요,4305,4910,299250324249.0,14.49468085106383,8.030112923462987,19.941549570460438,31.852986217457886,17.762802082701796,85,239.09175874489216,90.0
294870,IPARK Hyundai Development Company,HDC현대산업개발보통주,KRX,Engineering & construction,엔지니어링 및 건설,23600,5583,1510662450027.0,23.56020942408377,11.058823529411764,13.657490582439872,16.25615763546798,17.61857811909743,85,31.577901390578322,62.0
171090,"SUNIC SYSTEM Co., Ltd.",선익시스템,KRX,Industrial machinery,산업용 기계,70700,9250,644059488678.0,18.22742474916388,-19.384264538198405,17.91489297788214,55.21405049396268,18.039905686394835,85,,
069640,HANSAEMK CO. LTD.,한세엠케이보통주,KRX,Apparel/Footwear,어패럴/풋웨어,1388,8478,25243444588.0,42.50513347022587,18.632478632478634,2.637088255065784,-13.358302122347066,18.584306341129817,85,67.44646787436334,75.0
224060,"Codi Co., Ltd.",더코디,KRX,Semiconductors,세미컨덕터,4820,175812,22561489835.0,20.80200501253133,-32.01692524682652,17.52706597277392,67.07105719237435,18.837041588676882,85,,
323350,DAWON NEXVIEW CO. LTD.,다원넥스뷰,KRX,Industrial machinery,산업용 기계,10010,37046,79822820234.0,2.983539094650206,-3.3783783783783785,27.88155802861685,59.14149443561208,17.922350455030195,85,,
308080,"ViGenCell, Inc.",바이젠셀,KRX,Biotechnology,바이오테크놀로지,6150,106018,117255766907.0,-5.963302752293578,11.818181818181818,33.56060606060606,55.303030303030305,17.751042535446206,85,30.53717099385712,61.0
115500,Korea Computer & Systems Inc.,케이씨에스,KRX,Information technology services,정보 기술 서비스,11260,523098,120960000000.0,18.029350104821802,29.276693455797933,18.66905690064369,8.061420345489443,18.413174182314936,85,-23.135191405953734,34.0
189860,"SEOJEON ELECTRIC MACHINERY CO., LTD.",서전기전,KRX,Electrical products,전기 제품,5030,10442,47911973495.0,5.450733752620545,-11.75438596491228,26.71722409471956,65.1888341543514,18.210627957879954,85,,
484120,"Dowooinsys Co., Ltd.",도우인시스,KRX,Industrial specialties,산업 분야,23050,9531,260786649704.0,49.57819597663855,18.814432989690722,-3.475231170211,-25.764895330112722,17.74613968852882,85,,
192440,SPIGEN KOREA CO.LTD.,슈피겐코리아,KRX,Telecommunications equipment,통신 장비,30450,1571,180593464994.0,5.3633217993079585,29.574468085106382,27.961507901474352,26.348547717842322,18.922233460607796,85,,
251280,"AngioLab, Inc.",안지오랩,KRX,Biotechnology,바이오테크놀로지,2800,1112,8607459956.0,47.44602422327541,30.232558139534884,0.16008382571237334,-29.912390488110137,19.07445998473759,85,,
046890,"Seoul Semiconductor Co., Ltd",서울반도체,KRX,Semiconductors,세미컨덕터,10390,35051,593131697083.0,-10.662080825451419,12.934782608695652,37.76629584268898,62.59780907668232,18.394945175432824,85,,
089790,JT Corporation.,제이티,KRX,Electronic production equipment,전자 생산 장비,5930,8926,54743329411.0,28.63340563991323,13.601532567049809,11.104795587554207,8.608058608058608,18.11623960849782,85,,
242040,NAMU AX Corp.,나무기술,KRX,Information technology services,정보 기술 서비스,3575,154603,100707588387.0,-29.901960784313726,-44.140625,51.20554956896552,146.55172413793105,18.762545427653826,85,,
198440,KANGDONG C&L co. Ltd,강동씨앤엘,KRX,Construction materials,건축 자재,1642,69662,99786298206.0,-13.167636171337916,45.69653948535936,39.05794716203452,32.41935483870968,18.167713828685546,85,,
073490,LIG Accuver Co.Ltd.,이노와이어리스,KRX,Electronic equipment/Instruments,전자 장비/기기,32600,9722,242942882037.0,18.330308529945555,-18.295739348370926,18.103315159937758,54.502369668246445,18.19411250794088,85,,
093640,Korea Robot Manufacturing Co. Ltd.,케이알엠,KRX,Semiconductors,세미컨덕터,4755,1907,156500305157.0,32.45125348189415,1.0626992561105206,8.097935584471726,15.13317191283293,17.839262743440695,85,38.63012712963809,65.0
078340,Com2us Corporation,컴투스,KRX,Packaged software,패키지 소프트웨어,35950,16328,376597735834.0,40.4296875,11.81959564541213,3.212429401653434,-5.394736842105263,18.09933264099206,85,,
002810,"Samyung Trading Co., Ltd",삼영무역보통주,KRX,Wholesale distributors,도매 유통업체,21050,1282,369308763218.0,9.635416666666666,9.237156201349247,23.6560078140118,38.07485942667436,18.04777135507375,85,24.03787215865108,58.0
002870,SHINPOONG INC.,신풍보통주,KRX,Containers/Packaging,컨테이너/패키징,1106,31036,31003440165.0,49.86449864498645,-8.670520231213873,-2.9412080709972708,2.7881040892193307,18.18107461539622,85,,
091590,"NAM HWA CONSTRUCTION Co., Ltd.",남화토건,KRX,Engineering & construction,엔지니어링 및 건설,5930,39157,69500798645.0,-27.506112469437653,53.82619974059663,49.58466849774929,45.34313725490196,18.748356110874514,85,73.54602995079159,76.0
006120,SK Discovery Co. Ltd.,에스케이디스커버리보통주,KRX,Pharmaceuticals: major,의약품: 주요,61300,2316,1060106512069.9999,22.355289421157686,17.208413001912046,14.842738611047766,12.477064220183486,17.847758935091733,85,-61.63817560827215,24.0
014950,"Samik Pharm Co., Ltd.",삼익제약,KRX,Pharmaceuticals: major,의약품: 주요,9320,1326007,90994906998.0,27.49658002735978,-10.727969348659004,13.46910247485809,37.66617429837518,19.08009349585877,85,,
310870,"DYC Co., Ltd.",디와이씨,KRX,Finance/Rental/Leasing,금융/렌탈/리스,1505,4397,33123564054.000004,28.085106382978722,-3.1531531531531534,11.027416767849381,25.207986688851914,17.850492613901118,85,,
004430,"Songwon Industrial Co., Ltd.",송원산업보통주,KRX,Chemicals: major diversified,화학: 주요 복합,11380,3766,270720000000.0,12.118226600985222,26.164079822616408,19.75534668421657,13.346613545816734,16.700498650924033,84,,
451800,"Hanwha REIT Co., Ltd.",한화리츠보통주,KRX,Real estate investment trusts,부동산 투자 신탁,5260,8329,980616033325.0,14.972677595628415,4.780876494023905,17.248638000402828,29.71639950678175,16.338253838493063,84,46.965208690229474,68.0
218410,RFHIC Corp.,알에프에이치아이씨,KRX,Semiconductors,세미컨덕터,59000,37236,1489862705994.0,-9.50920245398773,-26.06516290726817,34.32715451996327,94.71947194719472,16.792611730382873,84,65.45050716874853,74.0
021240,"Coway Co., Ltd.",코웨이보통주,KRX,Electronics/Appliances,일렉트로닉스/어플라이언스,100100,10320,6997259022522.0,10.730088495575222,37.878787878787875,19.139995744810186,0.4012036108324975,15.776032845116202,84,16.83218571262839,54.0
001540,"AHN-GOOK PHARMACEUTICAL Co., Ltd.",안국약품,KRX,Pharmaceuticals: major,의약품: 주요,10000,5605,113653650284.0,1.0101010101010102,28.205128205128204,27.233877233877234,26.262626262626263,16.744366744366744,84,151.89452789326313,86.0
025000,"KPX Chemical Co., Ltd.",KPX케미칼보통주,KRX,Chemicals: specialty,화학: 특수,56800,540,231531487942.0,16.872427983539094,15.212981744421906,15.624876980484702,16.036772216547497,16.12389738170646,84,187.74775995578685,88.0
090430,Amorepacific Corp.,아모레퍼시픽 보통주,KRX,Household/Personal care,가정/개인 위생용품,142400,22965,8775060808706.0,28.63595302619693,0.0,6.96,13.92,15.630381210478772,84,97.68890599729548,80.0
124500,ITCENGLOBAL CO. LTD.,아이티센글로벌,KRX,Metal fabrication,금속 가공,29700,13319,690334675312.0,21.47239263803681,-40.06054490413724,14.778408301786317,69.61736150770987,17.456002036286517,84,226.06391496065493,89.0
128940,"Hanmi Pharmaceutical Co., Ltd.",한미약품보통주,KRX,Pharmaceuticals: major,의약품: 주요,506000,12961,6593711242676.0,19.48051948051948,-4.887218045112782,15.294008112651106,35.475234270414994,16.968612659798456,84,96.08073900195342,80.0
028100,"Dong-Ah Geological Engineering Co., Ltd",동아지질보통주,KRX,Engineering & construction,엔지니어링 및 건설,19400,701,210236200523.0,14.454277286135694,9.977324263038549,19.0150647717833,28.05280528052805,17.190749777524257,84,58.273883470933626,72.0
474610,"RF Systems Co., Ltd.",알에프시스템즈,KRX,Telecommunications equipment,통신 장비,8050,17173,110929979324.0,11.650485436893204,-22.596153846153847,21.012761522730845,64.62167689161554,17.26785108839579,84,,
033160,"MK Electron Co., Ltd.",엠케이전자,KRX,Industrial machinery,산업용 기계,16620,162147,387053471031.0,-23.93592677345538,0.7272727272727273,42.6969696969697,84.66666666666667,16.043811108799666,84,,
069730,DSR Wire Corp,DSR제강보통주,KRX,Steel,스틸,5400,367,77183997955.0,0.9345794392523364,10.882956878850102,27.154625849783617,43.42629482071713,16.666607285571107,84,,
012630,"HDC HOLDINGS CO., Ltd.",HDC보통주,KRX,Real estate development,부동산 개발,25350,3344,1259818202400.0,19.858156028368793,-11.052631578947368,14.65640846301801,40.36544850498339,16.737107489158326,84,169.2297266559757,87.0
105330,"KNW Co., Ltd",케이엔더블유,KRX,Movies/Entertainment,무비/엔터테인먼트,8080,5057,125531059942.0,8.456375838926174,-9.31537598204265,22.29469296135963,53.904761904761905,16.759366112386246,84,-337.02150288540486,9.0
012210,"Sammi Metal Products Co., Ltd.",삼미금속,KRX,Metal fabrication,금속 가공,12340,207616,286761636810.0,52.15782983970407,-7.2180451127819545,-6.972590205672912,-6.72713529856387,16.67957781247788,84,-38.62600077252516,29.0
089230,"E&M Co., Ltd.",더이앤엠,KRX,Internet software/Services,인터넷 소프트웨어/서비스,2095,8033,84352371445.0,10.263157894736842,-23.818181818181817,20.506330019311925,64.83084185680566,16.40906116948189,84,,
280360,"Lotte Wellfood Co.,Ltd",롯데웰푸드보통주,KRX,Food: specialty/candy,식품: 특산품/과자,123800,769,1086539394951.0001,28.15734989648033,8.31146106736658,8.264122142074898,8.216783216783217,16.221413243837073,84,63.968475021517264,74.0
027040,"Seoul Electronics & Telecom Co., Ltd.",서울전자통신,KRX,Electronic components,전자 부품,1850,147066,26372884531.0,-2.6315789473684212,-11.270983213429256,29.22689371438629,69.72477064220183,16.483504649684406,84,,
149950,"AVATEC Co., Ltd.",아바텍,KRX,Home furnishings,가정용 가구,11850,19030,142142223473.0,8.219178082191782,20.304568527918782,22.983673447416443,25.662778366914104,17.07787530132658,84,,
389500,"SBB Tech Co., Ltd.",에스비비테크,KRX,Metal fabrication,금속 가공,43400,15478,277375027180.0,-5.032822757111598,-12.323232323232324,30.638383838383835,73.6,16.369901200185662,84,-65.44486108059616,23.0
175330,"JB Financial Group Co., Ltd.",JB금융지주보통주,KRX,Major banks,주요 은행,30350,32682,5548436375427.0,22.626262626262626,-4.2586750788643535,13.992666817866299,32.24400871459695,17.44610514122483,84,8.209996411214311,49.0
051900,"LG H&H Co., Ltd.",LG생활건강보통주,KRX,Household/Personal care,가정/개인 위생용품,296000,5743,4304600084971.9995,25.690021231422506,18.163672654690618,11.47121685831876,4.778761061946903,17.158738607560263,84,-25.145040798846274,33.0
052690,"KEPCO Engineering & Construction Co., Inc.",한국전력기술 보통주,KRX,Engineering & construction,엔지니어링 및 건설,129800,46819,4960872766113.0,15.789473684210526,-18.003790271636134,16.4632211432517,50.93023255813954,16.193722159635232,84,358.0588800980462,93.0
420570,"J2KBIO Co., Ltd.",제이투케이바이오,KRX,Chemicals: major diversified,화학: 주요 복합,9420,6905,53913790321.0,24.438573315719946,21.548387096774192,10.827328511192622,0.10626992561105207,16.271826433003554,84,,
368970,"OSP Co., Ltd",오에스피,KRX,Food: specialty/candy,식품: 특산품/과자,2720,542,31172241354.0,37.37373737373738,16.50479611653399,2.8913254105757487,-10.722145295382491,16.6842901958404,84,,
456570,IMGT Corporation Limited,아이엠지티,KRX,Medical specialties,의학 전문 분야,13240,53,69969249988.0,19.27927927927928,15.130434782608695,15.180535058841336,15.230635335073977,16.820032747016516,84,,
443060,"HD Hyundai Marine Solution Co., Ltd.",에이치디현대마린솔루션보통주,KRX,Wholesale distributors,도매 유통업체,239500,4276,10672094322205.0,6.444444444444445,29.880694143167027,20.638021490188166,11.395348837209303,14.960590671890678,83,42.165942512238686,66.0
139130,iM Financial Group Co. Ltd.,아이엠금융지주보통주,KRX,Major banks,주요 은행,18170,47940,2795954223328.0,10.455927051671733,4.126074498567335,18.766414635480437,33.40675477239354,15.442219601956957,83,26.2668160570069,59.0
002960,"Hankook Shell Oil Co., Ltd",한국쉘석유보통주,KRX,Integrated oil,통합 석유,515000,106,662999975681.0,8.879492600422832,9.341825902335456,18.408536713543967,27.475247524752476,14.596919068295513,83,21.478036645603698,56.0
013030,Hy-Lok Corp.,하이록코리아,KRX,Industrial machinery,산업용 기계,38800,8149,427721179104.0,21.06084243369735,8.07799442896936,10.270881272455695,12.46376811594203,14.586865736952358,83,31.05982373580153,61.0
093190,"Bixolon Co., Ltd.",빅솔론,KRX,Computer peripherals,컴퓨터 주변기기,8080,611,115655792885.0,-1.941747572815534,9.782608695652174,24.666779304648195,39.55094991364422,14.023368553662705,83,136.06790695684373,85.0
138040,Meritz Financial Group Inc.,메리츠금융지주회사보통주,KRX,Investment banks/Brokers,투자은행/중개사,127100,12150,20276272106934.0,21.047619047619047,8.539709649871904,9.917840814428072,11.295971978984237,14.36975210770446,83,12.098996214493049,51.0
150900,FASOO AI Co.Ltd.,파수,KRX,Packaged software,패키지 소프트웨어,4065,9939,45064192371.0,32.41042345276873,20.088626292466767,1.779426082578352,-16.529774127310063,14.031825030654502,83,,
022220,TKG AIKANG CO. LTD,티케이지애강,KRX,Miscellaneous manufacturing,기타 제조업,826,456,43455651405.0,37.89649415692821,-7.6062639821029085,-2.242582677693152,3.1210986267166043,13.813048056155395,83,-144.14410524387296,15.0
060540,System and Application Technologies Inc,에스에이티,KRX,Electronic equipment/Instruments,전자 장비/기기,1383,2469,36193599253.0,26.880733944954127,9.501187648456057,8.065936923688321,6.630686198920586,15.591855732194645,83,,
446070,"UNID btplus Co., Ltd.",유니드비티플러스보통주,KRX,Forest products,임산물,3855,3499,38017073860.0,15.93984962406015,27.649006622516556,14.481533534648554,1.314060446780552,15.064859970413192,83,100.15846880061542,81.0
452190,HBL Corporation,한빛레이저,KRX,Electronic equipment/Instruments,전자 장비/기기,4930,473132,112298248272.0,20.833333333333332,23.25,11.777594099694811,0.3051881993896236,15.399889793150223,83,,
099440,"SMEC CO.,LTD",스맥,KRX,Specialty telecommunications,특수 통신,4190,5233,272566928864.00003,48.31858407079646,-11.040339702760084,-6.571571720538921,-2.102803738317757,15.384490595995237,83,,
352910,"Obigo, Inc.",오비고,KRX,Packaged software,패키지 소프트웨어,4820,546,60851017227.0,19.012345679012345,10.17142857142857,12.398437234584677,14.625445897740784,15.044000612355745,83,,
050090,BK Holdings CO. LTD.,비케이홀딩스,KRX,Industrial machinery,산업용 기계,690,9569,16814908710.0,66.66666666666667,-19.014084507042252,-21.802124220734242,-24.59016393442623,13.585392134226126,83,-32.176162848132236,31.0
446440,"Epi Biotech Co., Ltd.",에피바이오텍,KRX,Biotechnology,바이오테크놀로지,17000,33,39216939688.0,17.322291235334713,21.428571428571427,13.872509604216921,6.316447779862414,15.252422256664039,83,,
015860,"Iljin Holdings Co., Ltd.",일진홀딩스보통주,KRX,Electrical products,전기 제품,7070,4873,321438887329.0,8.269525267993874,5.365126676602086,18.26697892271663,31.16883116883117,14.267997460827528,83,-363.03491645282884,8.0
173130,"OPASnet Co., Ltd.",오파스넷,KRX,Information technology services,정보 기술 서비스,7610,15902,97953561926.0,22.34726688102894,-0.2621231979030144,9.884711271710954,20.031545741324923,14.86973351543815,83,-3.6681747972025196,43.0
253590,"NEOSEM, Inc.",네오셈,KRX,Electronic equipment/Instruments,전자 장비/기기,13730,209590,581387162476.0,17.050298380221655,-11.419354838709678,13.493951612903224,38.40725806451613,14.916490319830597,83,-18.981085392825676,35.0
088280,SAWNICS INC.,쏘닉스,KRX,Telecommunications equipment,통신 장비,3210,6490,54861573124.0,6.821963394342762,-3.8922155688622753,18.758738030546834,41.409691629955944,13.984028176065207,83,-8.500002779008774,41.0
048910,"Daiwon Media Co., Ltd.",대원미디어,KRX,Movies/Entertainment,무비/엔터테인먼트,7150,30388,85678498678.0,51.965993623804465,-2.188782489740082,-10.181539204026205,-18.17429591831233,14.677473927106066,83,,
140070,"SurplusGLOBAL,Inc.",서플러스글로벌,KRX,Electronics distributors,전자 부품 유통업체,2205,5804,75663561783.0,32.51201923076923,15.143603133159269,2.0274467278699575,-11.088709677419354,14.221275729029664,83,-680.0160820323689,5.0
188260,"SANIGEN Co., Ltd.",세니젠,KRX,Chemicals: major diversified,화학: 주요 복합,2195,2519,30296529198.0,18.841364374661612,28.663540445486518,10.156404878275618,-8.350730688935283,13.630388676830016,83,,
131090,"Secuve Co., Ltd",시큐브,KRX,Information technology services,정보 기술 서비스,4330,1640,31585663834.0,20.78103207810321,13.499344692005243,8.855568856231262,4.21179302045728,13.625754144980041,83,83.97188483936561,77.0
069330,"U.I. Display Co., Ltd.",유아이디,KRX,Home furnishings,가정용 가구,1218,915,20546164913.0,27.806925498426022,15.01416430594901,5.4976258881990905,-4.0189125295508275,14.421345732289863,83,,
013990,Agabang & Company,아가방앤컴퍼니,KRX,Apparel/Footwear,어패럴/풋웨어,4850,11323,132022395239.0,38.3737517831669,3.1914893617021276,-0.0010617063744851052,-3.193612774451098,15.34886368944207,83,154.47415270210655,86.0
194370,JS Corporation,제이에스코퍼레이션보통주,KRX,Consumer sundries,소비 잡화,12730,550,368802993736.0,9.741379310344827,12.754650132860938,16.93869519012219,21.122740247383444,14.059768838211244,83,42.691094287087395,66.0
445180,"Purit Co., Ltd.",퓨릿,KRX,Chemicals: specialty,화학: 특수,9280,34814,154702692032.0,7.407407407407407,15.279503105590063,18.5321400042386,21.78477690288714,14.082246965506123,83,36.30356023756066,64.0
100030,"Inzisoft Co., Ltd.",인지소프트,KRX,Packaged software,패키지 소프트웨어,19850,1193,52994655776.0,19.57831325301205,11.705120990433315,7.5452688285499905,3.3854166666666665,12.358486598334816,82,768.9521326969264,96.0
035460,"Kisan Telecom Co., Ltd",기산텔레콤,KRX,Telecommunications equipment,통신 장비,2480,6561,36554831982.0,5.756929637526652,-4.615384615384615,18.06688203964027,40.74914869466515,13.142901078794823,82,,
160980,CYMECHS INC.,싸이맥스,KRX,Industrial machinery,산업용 기계,26800,21799,293315923834.0,-18.41704718417047,8.94308943089431,33.761485543849524,58.57988165680474,12.890072452641528,82,20.583379972349356,56.0
012200,"Keyang Electric Machinery Co., Ltd",계양전기보통주,KRX,Industrial machinery,산업용 기계,3290,144389,115346020546.0,-39.40656696046114,-46.379994713067475,46.77403674053521,139.9280681941379,12.30179526013667,82,37.346202490627235,65.0
393210,"TOMATOSYSTEM Co., Ltd.",토마토시스템,KRX,Packaged software,패키지 소프트웨어,4015,732658,62444647369.0,61.895161290322584,-0.49566294919454773,-18.97836106961285,-37.46105919003115,13.371047874361327,82,,
042370,"Vitzro Tech Co., Ltd.",비츠로테크,KRX,Electrical products,전기 제품,10960,156346,279030272198.0,14.166666666666666,-3.0088495575221237,12.142497404746488,27.293844367015097,12.95216510951456,82,,
267270,"HD Construction Equipment Co., Ltd.",에이치디현대건설기계보통주,KRX,Trucks/Construction/Farm machinery,트럭/건설/농기계,130000,10002,6160411085129.0,7.8838174273858925,-1.06544901065449,16.685476115148454,34.4364012409514,13.16481264004343,82,703.683011612899,96.0
083550,KM Corporation,케이엠,KRX,Miscellaneous manufacturing,기타 제조업,3330,8,42263565946.0,31.36094674556213,-8.390646492434662,-0.32013333597066396,7.750379820493334,12.352298696642455,82,,
355150,KOSTECSYS. CO. LTD.,코스텍시스,KRX,Semiconductors,세미컨덕터,20750,23279,156652379751.0,-17.0,-5.681818181818182,31.714918129954807,69.1116544417278,12.228950877972885,82,,
191410,"RYUK-IL C&S., Ltd.",육일씨엔에쓰,KRX,Electronic production equipment,전자 생산 장비,1726,6174,27499534761.0,45.04201680672269,-26.23931623931624,-9.68312561191818,6.8730650154798765,12.20693135553817,82,,
411080,SANDS LAB Inc.,샌즈랩,KRX,Packaged software,패키지 소프트웨어,6410,62014,96949496555.0,47.018348623853214,7.550335570469799,-11.04371256602745,-29.637760702524698,12.181111909924816,82,-262.4025941890038,11.0
004150,"Hansol Holdings Co., Ltd.",한솔홀딩스보통주,KRX,Specialty stores,전문점,3595,20623,141746968498.0,15.780998389694043,11.993769470404985,11.304577042894799,10.615384615384615,13.095145581614496,82,365.14511401329287,93.0
419050,SAMKEE ENERGY SOLUTIONS CO. LTD,삼기에너지솔루션즈,KRX,Electrical products,전기 제품,1921,1221012,110731919617.0,17.997542997542997,23.855577047066408,9.833025431263877,-4.1895261845386536,13.098832457775526,82,-164.36074337388703,13.0
330860,NEPES ARK CORP.,네패스아크,KRX,Industrial machinery,산업용 기계,28350,21917,356383311510.0,-25.09907529722589,17.634854771784234,39.35720011316484,61.07954545454545,13.57468994900855,82,,
0120G0,Samyang Biopharm Corporation,삼양바이오팜보통주,KRX,Medical specialties,의학 전문 분야,48450,4724,345495923281.0,-4.0594059405940595,-61.54761904761905,23.41973886328725,108.38709677419355,12.428080941734727,82,,
278990,"EMB Co., Ltd.",이엠비,KRX,Electronic components,전자 부품,3250,23,26210523367.0,25.0,-4.129793510324483,3.969586003458448,12.068965517241379,12.381751602075068,82,,
007070,"GS Retail Co., Ltd.",지에스리테일보통주,KRX,Food retail,식품 소매,22900,6268,1905295623779.0,-1.7167381974248928,4.328018223234624,21.642164451423135,38.95631067961165,12.298603391883924,82,,
067170,Autech Corporation,오텍,KRX,Industrial machinery,산업용 기계,2500,22363,64520276766.0,-18.83116883116883,40.449438202247194,33.612143036214874,26.774847870182555,12.634818289261393,82,-12.416195603318913,39.0
425040,TEMC Co. Ltd.,티이엠씨,KRX,Chemicals: specialty,화학: 특수,12930,146422,277935683270.0,4.527081649151172,2.132701421800948,19.479049123598884,36.82539682539682,13.4982621338198,82,130.54796061043444,84.0
039010,HYUNDAI HT CO LTD.,현대에이치티,KRX,Computer communications,컴퓨터 통신,8470,5937,66347260456.0,15.552523874488404,3.4188034188034186,10.447265787071611,17.475728155339805,12.48936902203833,82,-98.11703823266397,19.0
003380,"Harim Holdings Co., Ltd.",하림지주,KRX,Wholesale distributors,도매 유통업체,11230,32023,1072790783005.0001,11.630218687872764,-20.184790334044067,14.081977356095535,48.34874504623514,13.101273888806427,82,112.06005035319095,83.0
000700,"EUSU HOLDINGS CO., LTD.",유수홀딩스보통주,KRX,Marine shipping,해상 운송,6620,3738,172917637634.0,20.802919708029197,0.60790273556231,8.578599255105098,16.549295774647888,13.46832743627474,82,383.61269948929015,93.0
003610,"Pangrim Co., Ltd",방림보통주,KRX,Textiles,텍스타일,5720,3997,180181428337.0,9.369024856596559,9.78886756238004,14.602158207077284,19.41544885177453,12.508904866884995,82,,
002420,"Wooyang P&L Co.,Ltd.",세기상사보통주,KRX,Movies/Entertainment,무비/엔터테인먼트,6050,1350,192617528229.0,13.50844277673546,17.248062015503876,12.835500541802118,8.422939068100359,13.104677435775455,82,13.534240238750298,52.0
033780,KT & G Corporation,케이티앤지보통주,KRX,Tobacco,토바코,176000,16505,18094162362671.0,3.2863849765258215,9.794135995009357,20.422012152381818,31.04988830975428,13.56776128203942,82,96.47432433216099,80.0
101170,WOORIM POWER TRAIN SOLUTION Co. Ltd.,우림피티에스,KRX,Trucks/Construction/Farm machinery,트럭/건설/농기계,8620,4140,113665363503.0,6.815365551425031,-33.53893600616808,16.59610259652911,66.7311411992263,12.683807778487479,82,,
268280,Miwon Specialty Chemical Co. Ltd.,미원스페셜티케미칼보통주,KRX,Chemicals: major diversified,화학: 주요 복합,131900,285,655975979614.0,29.56777996070727,2.0897832817337463,-1.4406991372311095,-4.971181556195965,10.962692501944241,81,111.02329728272511,82.0
169670,"Kostek Systems, Inc.",코스텍시스템,KRX,Industrial machinery,산업용 기계,5400,20,15489364386.0,14.893617021276595,31.70731707317073,8.041158536585366,-15.625,10.782141930461858,81,,
090080,"Pyung Hwa Industrial Co., Ltd.",평화산업 주식회사 보통주,KRX,Auto parts: OEM,자동차 부품: OEM,1003,5926,54902256012.0,20.119760479041915,7.502679528403001,4.561876744951247,1.6210739614994933,10.785030238587513,81,279.84634109259315,91.0
024900,"DY DEOKYANG Co.,Ltd.",디와이덕양보통주,KRX,Auto parts: OEM,자동차 부품: OEM,2210,33810,71989231567.0,20.76502732240437,13.333333333333334,5.99702380952381,-1.3392857142857142,11.904225214676035,81,-27.64061471145516,32.0
037760,"Cenit Co., Ltd",쎄니트,KRX,Steel,스틸,2365,3827,73727080441.0,-3.6659877800407332,11.032863849765258,21.028897298843848,31.024930747922436,11.150943267290014,81,-21.440307378601787,35.0
372800,"ITEYES, Inc.",아이티아이즈,KRX,Packaged software,패키지 소프트웨어,3120,1091,21277828498.0,82.99120234604105,-23.05795314426634,-36.76707181022841,-50.476190476190474,11.136237852279375,81,-133.71330565840773,16.0
000210,"DL Holdings Co., Ltd.",DL보통주,KRX,Chemicals: specialty,화학: 특수,51200,2157,1098766753006.0001,11.425462459194778,-17.684887459807072,12.268667381207575,42.22222222222222,11.931385412402456,81,,
306200,SeAH Steel Corp.,세아제강보통주,KRX,Steel,스틸,140600,683,386973832178.0,12.390087929656275,11.146245059288537,11.234246836849337,11.322248614410135,11.696583273972111,81,104.7387220248952,81.0
006660,"Samsung Climate Control Co., Ltd",삼성공조보통주,KRX,Auto parts: OEM,자동차 부품: OEM,12700,18988,97709320560.0,29.327902240325866,13.190730837789662,-0.4411704403744521,-14.073071718538566,11.466458631905677,81,18.014452091641154,54.0
006910,"Bosung Power Technology Co., Ltd.",보성파워텍,KRX,Metal fabrication,금속 가공,7490,100294,363059300232.0,-0.2663115845539281,-24.949899799599198,20.196131777904597,65.34216335540839,12.011154432921188,81,19.888124873768845,55.0
298020,Hyosung TNC Corp.,효성티앤씨보통주,KRX,Textiles,텍스타일,310500,621,1344337447643.0,9.523809523809524,-20.486555697823302,11.300500952931666,43.08755760368663,10.58982438128281,81,335.6076174894973,92.0
080010,"eSang Networks Co., Ltd.",이상네트웍스,KRX,Internet retail,인터넷 소매,7500,343,69429010162.0,6.990014265335235,16.27906976744186,14.871758786897935,13.46444780635401,11.719060978272855,81,13.53312901650469,52.0
024950,"Samchuly Bicycle Co., Ltd",삼천리자전거,KRX,Wholesale distributors,도매 유통업체,4290,313,48285089970.0,32.407407407407405,5.147058823529412,-2.3160604935980698,-9.779179810725552,11.57332666680412,81,,
054800,"IDIS Holdings Co., Ltd.",아이디스홀딩스,KRX,Telecommunications equipment,통신 장비,15020,120,127913186340.0,9.635036496350365,-4.5743329097839895,12.622081600423476,29.818496110630942,11.427263558794232,81,98.15883098020555,80.0
005440,HYUNDAI G.F. HOLDINGS CO. LTD.,현대지에프홀딩스보통주,KRX,Home furnishings,가정용 가구,13090,27083,2252455231934.0,-13.938198553583169,-8.011243851018975,27.501227389559006,63.013698630136986,10.925457012302136,81,1.6534137007344771,46.0
122900,"iMarket Korea, Inc.",아이마켓코리아보통주,KRX,Internet retail,인터넷 소매,8410,14805,263985814361.99997,16.968011126564672,13.956639566395664,7.519185167813216,1.0817307692307692,11.298715551313798,81,1.0423304911568634,45.0
204620,"Global Tax Free Co., Ltd.",글로벌텍스프리,KRX,Other consumer services,기타 소비자 서비스,5850,13721,407581291199.0,19.144602851323828,19.631901840490798,5.44777619325632,-8.736349453978159,10.926506856483325,81,,
003580,"HLB GLOBAL Co., Ltd.",에이치엘비글로벌보통주,KRX,Coal,코울,2055,295426,80191053902.0,31.309904153354633,-2.8368794326241136,-3.179003096593747,-3.5211267605633805,10.616559803385606,81,63.56505112033476,74.0
066430,I-ROBOTICS.Co. Ltd.,아이로보틱스,KRX,Wholesale distributors,도매 유통업체,2125,30010,82596208534.0,-12.551440329218106,6.409614421632448,25.97877981355595,45.54794520547945,10.566691756446328,81,,
143240,Saramin Co. Ltd.,사람인,KRX,Internet software/Services,인터넷 소프트웨어/서비스,17200,136,181838031540.0,10.753380553766902,2.8093245666467426,11.755539476305827,20.70175438596491,11.354675907290257,81,477.9448680328705,94.0
161390,"HANKOOK TIRE & TECHNOLOGY Co., Ltd.",한국타이어앤테크놀로지보통주,KRX,Automotive aftermarket,자동차 애프터마켓,57500,11437,6989955619812.0,-11.265432098765432,1.5901060070671378,25.958451696344024,50.326797385620914,11.068898178300241,81,34.770938709165726,64.0
056190,SFA Engineering Corp.,에스에프에이,KRX,Electronic production equipment,전자 생산 장비,27750,11869,796147888184.0,17.088607594936708,2.2099447513812156,7.6222839846519115,13.034623217922608,11.40881342876583,81,,
066620,"Kukbo Design Co., Ltd.",국보디자인,KRX,Miscellaneous commercial services,기타 상업 서비스,25150,1651,164247661114.0,4.140786749482402,12.276785714285714,15.175951542588866,18.07511737089202,10.761885625346281,81,,
388050,G2Power Co. Ltd,지투파워,KRX,Electrical products,전기 제품,10420,69060,192333025970.0,25.09003601440576,-13.884297520661157,2.9429087109337893,19.770114942528735,11.801759632322579,81,18.803473955295203,54.0
357780,"Soulbrain Co., Ltd.",솔브레인,KRX,Chemicals: specialty,화학: 특수,373500,3288,2833702588081.0,5.807365439093484,-2.987012987012987,14.03280929596719,31.05263157894737,10.74263175321771,81,210.19269547305348,89.0
452450,"Pie Co.,Ltd.",피아이이,KRX,Medical specialties,의학 전문 분야,5380,60056,192752472878.0,46.994535519125684,11.85031185031185,-11.109157800334271,-34.068627450980394,12.132319527449711,81,-118.55022553747645,17.0
199290,"Bio Protech, Inc.",바이오프로테크,KRX,Medical specialties,의학 전문 분야,460,11,6810076904.0,15.288220551378446,19.791666666666668,7.613675656984786,-4.564315352697095,10.68349361474225,81,,
079550,LIG Defense&Aerospace,LIG넥스원보통주,KRX,Aerospace & defense,항공우주 및 방위산업,693000,6545,15081696571350.0,-8.81578947368421,7.776049766718507,23.466338136371302,39.1566265060241,10.553487092349098,80,-10.219035969306912,40.0
049550,"InkTec Co., Ltd.",잉크테크,KRX,Computer peripherals,컴퓨터 주변기기,3430,288,67543625870.0,12.091503267973856,4.25531914893617,8.265139116202946,12.274959083469723,9.795684776911312,80,,
012860,"MOBASE ELECTRONICS CO., LTD.",모베이스전자,KRX,Auto parts: OEM,자동차 부품: OEM,2400,143734,165347313118.0,-9.433962264150944,-29.41176470588235,22.313697052425034,74.03915881073242,9.614633325794642,80,,
100120,"Vieworks Co., Ltd",뷰웍스,KRX,Medical specialties,의학 전문 분야,26000,300,211784460497.0,8.786610878661088,-7.473309608540926,10.302754062724611,28.07881773399015,9.696296789099204,80,413.23881964975726,93.0
264850,"Elensys Co., Ltd.",이랜시스,KRX,Electrical products,전기 제품,5720,29535,173285174789.0,23.80952380952381,-0.17452006980802792,0.8931321219587312,1.9607843137254901,10.059688796984762,80,-40.69533024767208,28.0
302430,"Innometry Co., Ltd.",이노메트리,KRX,Electronic equipment/Instruments,전자 장비/기기,7450,9136,70150281906.0,18.066561014263076,9.882005899705014,3.380534809410374,-3.120936280884265,9.254945291351456,80,-274.1279615742594,10.0
004780,"DAERYUK CAN CO., LTD.",대륙제관,KRX,Containers/Packaging,컨테이너/패키징,4185,256,66316340647.00001,8.7012987012987,8.984375,10.516283885542169,12.048192771084338,9.790289811844781,80,3.716505583066815,47.0
092460,"Hanla IMS Co., Ltd.",한라아이엠에스,KRX,Trucks/Construction/Farm machinery,트럭/건설/농기계,16600,920,278887786865.0,6.342088404868674,13.156100886162235,11.837704238021198,10.51930758988016,9.639457904760189,80,44.987818583751526,67.0
078020,LS SECURITIES Co. Ltd.,엘에스증권,KRX,Investment banks/Brokers,투자은행/중개사,6620,1426,329149175644.0,7.119741100323624,-2.503681885125184,12.03687798669171,26.577437858508603,10.070023232144475,80,109.1416633735286,82.0
101730,Wemade Max Co. Ltd.,위메이드맥스,KRX,Packaged software,패키지 소프트웨어,4665,19050,388757450409.0,53.20197044334975,-7.440476190476191,-19.21580022541561,-30.99112426035503,9.751308042090535,80,-18.545802398897617,36.0
033100,"Cheryong Electric Co., Ltd.",제룡전기,KRX,Electrical products,전기 제품,48100,8667,765373762512.0,-12.386156648451731,7.246376811594203,25.521544160655097,43.79671150971599,10.358463837012366,80,1.409406926809596,46.0
088790,"Jindo Co., Ltd",진도 보통주,KRX,Apparel/Footwear,어패럴/풋웨어,2465,2965,30372496262.0,6.25,-8.534322820037106,11.677193860179415,31.888710540395934,9.506316316107648,80,82.38135738987475,77.0
108670,"LX HAUSYS, LTD.",엘엑스하우시스보통주,KRX,Miscellaneous manufacturing,기타 제조업,32600,828,308270714712.0,2.3547880690737832,14.185639229422067,14.285802070851386,14.385964912280702,9.513396470140345,80,,
061970,"LB Semicon, Inc.",엘비세미콘,KRX,Semiconductors,세미컨덕터,4540,57393,308365234375.0,1.452513966480447,19.462632659503914,14.75049548237904,10.038358305254167,9.431302876019604,80,,
351020,"Miju Co., Ltd.",미쥬,KRX,Agricultural commodities/Milling,농산물/제분,7360,151,,5.293276108726753,8.714918759231905,11.947443730163684,15.179968701095461,9.285776681588912,80,,
010820,"Firstec Co., Ltd",퍼스텍보통주,KRX,Aerospace & defense,항공우주 및 방위산업,6340,38177,306147474289.0,0.1579778830963665,-5.373134328358209,17.446176198652754,40.26548672566372,10.530896872430201,80,12.542298077914317,51.0
032500,"KMW, Inc.",케이엠더블유,KRX,Electronic production equipment,전자 생산 장비,19590,25292,825269651642.0,-1.2600806451612903,-27.977941176470587,17.432475795804606,62.8428927680798,9.95545321941825,80,13.761251644419154,52.0
008370,Wonpoong Corporation,원풍,KRX,Industrial specialties,산업 분야,5410,1280,56442658405.0,11.892450879007239,8.308308308308309,8.745476051227818,9.182643794147326,10.004265982339586,80,65.40404096158137,74.0
017940,E1 Corporation,E1보통주,KRX,Gas distributors,가스 유통업체,91800,694,530186580991.99994,14.037267080745341,-5.942622950819672,6.331014105985513,18.6046511627907,9.413515295889445,80,277.19609441840987,91.0
039830,Aurora World Corporation,오로라월드,KRX,Other consumer specialties,기타 소비자 전문 분야,15540,3523,147247411938.0,-9.228971962616823,67.09677419354838,21.730205278592372,-23.636363636363637,9.346534382108697,80,107.31894154482922,82.0
067010,"ECS Telecom Co., Ltd.",이씨에스텔레콤,KRX,Telecommunications equipment,통신 장비,2495,2596,27330135536.0,18.246445497630333,12.641083521444695,3.66399527115878,-5.313092979127135,9.496975361747403,80,,
120240,"Daejung Chemicals & Metals Co., Ltd",대정화금,KRX,Chemicals: major diversified,화학: 주요 복합,14640,910,105445908737.0,9.253731343283581,5.703971119133574,11.039584923636738,16.375198728139903,10.325243491495476,80,89.76149239928375,79.0
117670,"Alphachips, Inc.",알파칩스,KRX,Semiconductors,세미컨덕터,10860,3454,71946815872.0,-5.152838427947598,-26.372881355932204,19.587949565936334,65.54878048780488,9.691634368382763,80,,
361670,Samyoung S&C Co. Ltd.,삼영에스앤씨,KRX,Electronic production equipment,전자 생산 장비,3540,231,20025588579.0,22.916666666666668,17.024793388429753,1.7358399176581,-13.553113553113553,10.208170617261526,80,47.12362863919905,68.0
035080,Gradiant Corporation,그래디언트,KRX,Internet software/Services,인터넷 소프트웨어/서비스,11950,1118,132972129536.0,35.79545454545455,2.575107296137339,-7.219390796375775,-17.01388888888889,9.986547340356354,80,,
139670,KineMaster Corporation,키네마스터,KRX,Information technology services,정보 기술 서비스,1917,12016,28308213449.0,34.526315789473685,2.24,-6.932516411378555,-16.10503282275711,9.651016468962341,80,,
101160,"Worldex Industry & Trading Co., Ltd.",월덱스,KRX,Industrial machinery,산업용 기계,30650,1923,510189654350.0,2.337228714524207,-0.16286644951140064,14.855007453210401,29.872881355932204,9.847895957735926,80,,
079160,"CJ CGV Co., Ltd",씨제이씨지브이 보통주,KRX,Movies/Entertainment,무비/엔터테인먼트,5140,102262,857718873901.0,15.117581187010078,6.860706860706861,4.83035343035343,2.8,8.94524453301609,79,63.53729455452249,74.0
166090,Hana Materials Inc.,하나머티리얼즈,KRX,Semiconductors,세미컨덕터,58700,6958,1132290808868.0,-6.379585326953748,-8.424336973478939,18.79778176201675,46.01990049751244,8.726834926428552,79,166.2491646101262,87.0
031510,"Austem Co., Ltd.",오스템,KRX,Auto parts: OEM,자동차 부품: OEM,1136,1975,25329560349.0,9.33589990375361,8.708133971291867,9.074683555973486,9.441233140655106,9.179170095085537,79,,
009620,"Sambo Industrial Co., Ltd.",삼보산업,KRX,Aluminum,알루미늄,5210,5462,17648213120.0,73.95659432387312,-25.46494992846924,-35.54040815838911,-45.61586638830898,8.25839283451578,79,37.548926768074324,65.0
030210,"Daol Investment & Securities Co., Ltd.",다올투자증권보통주,KRX,Investment banks/Brokers,투자은행/중개사,3900,4452,231627855263.0,14.36950146627566,-1.8867924528301887,3.9089244486903905,9.70464135021097,8.093155255724499,79,,
038680,"Snet Systems, Inc.",에스넷시스템,KRX,Miscellaneous commercial services,기타 상업 서비스,3735,18079,66154998074.0,20.28985507246377,6.107954545454546,0.15359896251289706,-5.800756620428752,8.208101406493245,79,3644.251562050365,99.0
066970,"L & F Co., Ltd.",엘앤에프보통주,KRX,Electronic production equipment,전자 생산 장비,115200,88300,4249180390549.0005,-1.8739352640545144,-24.459016393442624,14.673028518899514,53.80507343124165,8.054243005717904,79,,
002900,TYM CORPORATION,티와이엠보통주,KRX,Trucks/Construction/Farm machinery,트럭/건설/농기계,6640,17947,249521170998.0,8.31973898858075,1.3740458015267176,8.62768607702863,15.881326352530541,8.50450724164948,79,186.59832401702042,88.0
072870,"MegaStudy Co., Ltd.",메가스터디,KRX,Other consumer services,기타 소비자 서비스,13150,393,150230209694.0,3.380503144654088,7.522485690923958,12.205687289906423,16.88888888888889,8.67561363180549,79,39.82111422327388,66.0
129920,"Daesung Hi-Tech Co., Ltd.",대성하이텍,KRX,Industrial machinery,산업용 기계,6190,127152,98142120056.0,26.584867075664622,-54.41826215022091,-2.6308178220984075,49.1566265060241,9.055456137006805,79,-14.806912621884498,38.0
002200,"Korea Export Packaging Industrial Co., Ltd.",한국수출포장공업보통주,KRX,Containers/Packaging,컨테이너/패키징,2805,657,94302338924.0,24.94432071269488,-0.7079646017699115,-2.5686330674948366,-4.429301533219761,8.43654844458105,79,-115.48118953253879,17.0
001120,LX INTERNATIONAL CORP.,LX인터내셔널보통주,KRX,Wholesale distributors,도매 유통업체,40800,1506,1445909706116.0,9.53020134228188,-13.65079365079365,7.32554657082959,28.30188679245283,8.207408479410507,79,3.760431270935889,47.0
115530,"CNPLUS Co., Ltd.",씨엔플러스,KRX,Electronic components,전자 부품,2825,1276,24287215910.0,54.96434448710916,-15.165165165165165,-22.619711295453868,-30.074257425742573,8.413911017571344,79,,
030190,"NICE Information Service Co., Ltd.",나이스평가정보보통주,KRX,Financial publishing/Services,금융 출판/서비스,15810,971,894140178642.0,14.151624548736462,-3.597560975609756,5.901949439202421,15.401459854014599,9.201819483016038,79,9.495432198246476,50.0
011760,Hyundai Corporation,현대코퍼레이션보통주,KRX,Wholesale distributors,도매 유통업체,25250,264,301475230217.0,8.602150537634408,0.3976143141153082,9.056616014866512,17.715617715617714,8.87482982397367,79,76.15397176571818,76.0
227420,DOBU Inc.,도부,KRX,Advertising/Marketing services,광고/마케팅 서비스,866,201,20556876955.0,17.027027027027028,-3.670745272525028,2.9747539460159667,9.620253164556962,8.595663178420391,79,,
282330,"BGF retail CO., LTD.",BGF리테일보통주,KRX,Food retail,식품 소매,131800,3039,2295849477196.0,10.570469798657719,-7.443820224719101,7.580415469035799,22.6046511627907,8.776437200884567,79,9.785185513316133,50.0
234340,"Hecto Financial Co., Ltd.",헥토파이낸셜,KRX,Miscellaneous commercial services,기타 상업 서비스,22400,45109,305619450474.0,12.56281407035176,-8.94308943089431,5.938379772147235,20.81984897518878,8.588153491429045,79,45.83811557082634,68.0
376980,"WantedLab, Inc.",원티드랩,KRX,Internet software/Services,인터넷 소프트웨어/서비스,3190,294,28079366140.0,39.91228070175438,-3.0395136778115504,-12.426619584003813,-21.813725490196077,8.508940530299466,79,,
053160,FreeMs Corporation,프리엠스,KRX,Industrial machinery,산업용 기계,9170,144,41359042902.0,-1.3978494623655915,11.829268292682928,15.46008869179601,19.09090909090909,8.71691343013137,79,,
142210,"Unitrontech Co., Ltd.",유니트론텍,KRX,Semiconductors,세미컨덕터,6220,20188,126440174389.0,10.08849557522124,19.615384615384617,8.477488864812809,-2.6604068857589986,9.121891548976182,79,,
417010,"NanoTIM Co., Ltd.",나노팀,KRX,Industrial machinery,산업용 기계,6630,28824,132736547507.99998,17.97153024911032,-34.80825958702065,2.3119585345653846,39.43217665615142,8.57578722038336,79,,
137950,"JC Chemical Co., Ltd.",제이씨케미칼,KRX,Chemicals: specialty,화학: 특수,3625,1632,77702151489.0,37.31060606060606,-26.246185147507628,-10.662889968833408,4.92040520984081,8.52650844294238,79,238.59676275951887,90.0
340570,T&L Co. Ltd.,티앤엘,KRX,Chemicals: specialty,화학: 특수,28650,5835,454801335907.0,3.9927404718693285,10.831721470019342,11.372891985009671,11.9140625,8.420831379753533,79,78.18845634238275,76.0
092790,"Nexteel Co., Ltd.",넥스틸보통주,KRX,Steel,스틸,13280,70783,348426810837.0,3.265940902021773,19.103139013452914,12.671569506726456,6.24,8.909318064844584,79,-69.46654313071342,22.0
067390,"AeroSpace Technology of Korea, Inc.",아스트,KRX,Aerospace & defense,항공우주 및 방위산업,6220,6203,256092401123.0,17.803030303030305,-12.640449438202246,2.13842189744023,16.917293233082706,8.40426525967626,79,,
002360,"SH Energy & Chemical Co., Ltd.",SH에너지화학보통주,KRX,Industrial specialties,산업 분야,2740,198456,22554831476.0,70.82294264339153,-34.29256594724221,-33.15124575277743,-32.00992555831265,8.438429605690157,79,,
439090,"Manyo Factory Co., Ltd.",마녀공장,KRX,Medical distributors,의료 유통업체,15460,4053,252292256756.0,5.313351498637602,26.617526617526618,9.791024282906424,-7.0354780517137705,7.999955169198895,78,21.22592008704006,56.0
321370,"SENSORVIEW Co., Ltd.",센서뷰,KRX,Telecommunications equipment,통신 장비,1839,1233245,127190678406.0,6.2246464469467275,-38.40227602484747,7.062710718717515,52.5276974622825,6.7274850100091985,78,52.39154665773892,70.0
185190,"Suppro Co.,Ltd.",주식회사 수프로,KRX,Forest products,임산물,999,1,9220147324.0,11.0,11.0,5.45,-0.1,7.670000000000001,78,,
419080,"Enjet Co., Ltd.",엔젯,KRX,Industrial machinery,산업용 기계,4795,347,48068103542.0,40.0,-0.2081165452653486,-15.35768146103847,-30.507246376811594,6.785391123376917,78,4.779404107417317,47.0
015230,"DAECHANG Forging Co., Ltd",대창단조보통주,KRX,Auto parts: OEM,자동차 부품: OEM,6570,7220,156745323505.0,12.5,-1.7937219730941705,2.9555980298463576,7.704918032786885,6.773358817907814,78,120.69779030010174,84.0
089600,"kt nasmedia Co., Ltd.",케이티나스미디어,KRX,Advertising/Marketing services,광고/마케팅 서비스,12300,774,136743831396.0,24.242424242424242,6.58578856152513,-3.6700168458994358,-13.925822253324002,7.494959589430034,78,,
122990,"WiSoL Co., Ltd.",와이솔,KRX,Electronic production equipment,전자 생산 장비,6620,3347,161457022762.0,4.91283676703645,5.079365079365079,8.736626512517853,12.393887945670627,7.207110614325292,78,,
012790,"SINIL PHARMACEUTICAL Co., Ltd.",신일제약,KRX,Pharmaceuticals: major,의약품: 주요,6110,227,70744511948.0,18.410852713178294,3.0354131534569984,0.7919001251155959,-1.4516129032258065,7.839481160340676,78,-32.28799294245818,31.0
049470,"BITPLANET Co.,Ltd.",비트플래닛,KRX,Computer processing hardware,컴퓨터 프로세싱 하드웨어,2805,41045,68696273478.99999,90.81632653061224,-18.221574344023324,-49.471611914279706,-80.72164948453609,6.643563463677079,78,-364.5392952044839,8.0
376290,CU Tech Corp.,씨유테크,KRX,Investment managers,투자 운용사,2860,744,50323873043.0,21.70212765957447,5.3406998158379375,-2.0764855351190064,-9.49367088607595,7.434959742758383,78,,
105760,"POSBANK Co., Ltd.",포스뱅크,KRX,Computer processing hardware,컴퓨터 프로세싱 하드웨어,5040,159,51056341352.0,36.40054127198918,-7.6923076923076925,-12.33050310480294,-16.968698517298186,7.161914645913907,78,674.9050488226541,95.0
037370,EG Corporation,이지,KRX,Chemicals: specialty,화학: 특수,4345,258,37949874115.0,41.76182707993475,-12.044534412955466,-16.378106622536126,-20.71167883211679,6.877866858452224,78,-461.02239535926395,7.0
311320,"GO Element Co., Ltd.",지오엘리먼트,KRX,Electronic equipment/Instruments,전자 장비/기기,8450,1418,105962297058.0,-12.88659793814433,25.0,20.85635359116022,16.712707182320443,7.359172979438401,78,143.69019675341812,86.0
086060,"Gene Bio Tech Co., Ltd.",진바이오텍,KRX,Biotechnology,바이오테크놀로지,4790,333,41029447627.0,9.111617312072893,-1.8442622950819672,6.237773387065222,14.319809069212411,7.387310957068291,78,10.505961119091458,50.0
307870,"B2En Co., Ltd.",비투엔,KRX,Financial conglomerates,금융지주회사,1259,218140,95028776894.0,27.045908183632733,-1.317829457364341,-4.900467568365852,-8.483105679367362,7.878082732433583,78,-20.735080029769833,35.0
107640,"HanJung NCS Co., Ltd.",한중엔시에스,KRX,Auto parts: OEM,자동차 부품: OEM,42100,12600,364864083529.0,16.137931034482758,-14.256619144602851,2.419073737458122,19.094766619519095,7.906616656267978,78,-1571.6830064499832,3.0
187790,"NANO Co., Ltd.",나노,KRX,Chemicals: major diversified,화학: 주요 복합,3120,19789,93845186691.0,-14.870395634379264,-12.605042016806722,21.116833830306316,54.83870967741935,6.721942044432086,78,-75.14312273770418,21.0
020560,Asiana Airlines Inc.,아시아나항공 보통주,KRX,Airlines,에어라인즈,8330,7432,1721056958618.0,12.567567567567568,17.48942172073343,3.3378586119727096,-10.81370449678801,7.029742194210653,78,-4579.454684257767,2.0
044490,"Taewoong Co., Ltd",태웅,KRX,Metal fabrication,금속 가공,37850,7293,762281232834.0,20.73365231259968,-25.784313725490197,-1.8437697659709045,22.096774193548388,7.18719906545733,78,19.027082330526596,55.0
082920,"VITZROCELL Co., Ltd.",비츠로셀,KRX,Electrical products,전기 제품,28500,13018,1245856593323.0,-29.104477611940297,-22.448979591836736,32.679958309518206,87.80889621087314,7.966183940934801,78,49.93524215459656,69.0
048830,"NPK Co., Ltd",엔피케이,KRX,Chemicals: specialty,화학: 특수,1040,12273,19349737272.0,27.92127921279213,-2.803738317757009,-5.261673950360315,-7.719609582963621,8.011507314900664,78,,
114810,"Hansol IONES Co., Ltd.",한솔아이원스,KRX,Industrial machinery,산업용 기계,14370,43378,401606167927.0,4.814004376367615,6.051660516605166,8.465645073117397,10.87962962962963,7.004988794417486,78,-23.824019278667155,34.0
140430,CATIS INC.,카티스,KRX,Computer communications,컴퓨터 통신,2560,30034,22206467614.0,54.776299879081016,-15.92775041050903,-25.073050023208772,-34.21834963590852,6.866689937707145,78,31.152453302084073,61.0
348350,withtech Inc.,위드텍,KRX,Electronic equipment/Instruments,전자 장비/기기,9240,2901,86987841930.0,18.46153846153846,-5.714285714285714,-0.23755287992190066,5.239179954441913,7.242083656662244,78,,
397810,"AdForUs Co., Ltd.",애드포러스,KRX,Advertising/Marketing services,광고/마케팅 서비스,6880,167,35144843287.0,40.695296523517385,7.668231611893583,-14.779022880184595,-37.22627737226277,7.410704881296201,78,,
067920,IGLOO Corporation,이글루코퍼레이션,KRX,Information technology services,정보 기술 서비스,5840,3592,59434345398.0,16.916916916916918,-2.3411371237458196,-0.12161751292186085,2.097902097902098,6.693796259013652,78,-41.07433843250111,28.0
328380,Saltware Co. Ltd.,솔트웨어,KRX,Information technology services,정보 기술 서비스,3730,1927,23735898268.0,40.225563909774436,-2.990897269180754,-13.856699895942546,-24.72250252270434,7.776205626344248,78,,
003650,"Michang Oil Industry Co., Ltd.",미창석유공업보통주,KRX,Oil refining/Marketing,정유/마케팅,124600,248,189576272535.0,-4.153846153846154,11.548791405550581,12.773480789692034,13.998170173833486,6.0025500122767586,77,104.17385708403884,81.0
264450,"Ubiquoss, Inc.",유비쿼스,KRX,Telecommunications equipment,통신 장비,11250,9888,164724310341.0,14.562118126272912,-25.0,0.3491620111731848,25.69832402234637,6.034344457213076,77,66.05878614006961,75.0
035510,Shinsegae I&C Inc.,신세계아이앤씨 보통주,KRX,Information technology services,정보 기술 서비스,15970,28402,204417332649.0,21.908396946564885,-15.725593667546175,-3.8370864142872954,8.051420838971584,6.461106930053577,77,-5.043390907680891,43.0
004170,"Shinsegae Co., Ltd",신세계보통주,KRX,Department stores,백화점,346000,2910,2972985084534.0,-53.05291723202171,10.015898251192368,45.11211579226285,80.20833333333333,5.846102582549024,77,,
267290,KyungDong City Gas Co. Ltd.,경동도시가스보통주,KRX,Gas distributors,가스 유통업체,21600,96,126938694000.0,11.282843894899536,-0.23094688221709006,2.9557796301445265,6.142506142506143,6.286605336046531,77,40.303835880454635,66.0
000850,"Hwacheon Machine Tool Co., Ltd",화천기공보통주,KRX,Industrial machinery,산업용 기계,37750,375,82060001779.0,-0.6578947368421053,4.861111111111111,11.231178608515057,17.601246105919003,6.475549270372192,77,152.79152666074046,86.0
086450,"DongKook Pharmaceutical Co., Ltd.",동국제약,KRX,Pharmaceuticals: major,의약품: 주요,21400,33388,955172077942.0,13.769271664008507,-12.114989733059549,0.8573987504915026,13.829787234042554,6.022147915898304,77,14.626535177373107,53.0
257720,"SILICON 2 Co.,Ltd.",실리콘투,KRX,Specialty stores,전문점,39700,156725,2541079616547.0,22.34206471494607,1.794871794871795,-4.9914529914529915,-11.777777777777779,5.941954091106632,77,70.57707770579174,75.0
236810,"NBT, Inc.",엔비티,KRX,Packaged software,패키지 소프트웨어,1671,8169,27417175674.0,60.982658959537574,-7.166666666666667,-30.1471482000935,-53.12762973352034,6.304774663758929,77,,
393890,"W-SCOPE CHUNGJU PLANT Co., Ltd.",더블유씨피,KRX,Electrical products,전기 제품,10480,28713,356368300667.0,-2.1475256769374416,-27.674258109040718,11.994998297143896,51.66425470332851,6.337988707511361,77,,
042600,"Seronics Co., Ltd",새로닉스,KRX,Electronic production equipment,전자 생산 장비,11940,884,144087886238.0,4.006968641114983,-24.763705103969755,8.352744604413228,41.46919431279621,6.614434219093931,77,,
007690,"Kukdo Chemical Co., Ltd.",국도화학보통주,KRX,Chemicals: specialty,화학: 특수,37350,879,315977169800.0,10.99554234769688,3.0344827586206895,3.5367399865526847,4.03899721448468,6.520260931010363,77,292.5223044443888,91.0
122350,SAMKEE Corp.,삼기,KRX,Auto parts: OEM,자동차 부품: OEM,1641,194789,62143085056.0,-11.345218800648299,13.328729281767956,18.356093964192247,23.383458646616543,6.475568858256029,77,-164.32109011809524,14.0
383800,LX Holdings Corp.,엘엑스홀딩스보통주,KRX,Financial conglomerates,금융지주회사,8210,59263,630619809895.0,10.945945945945946,1.2330456226880395,2.6444062080487094,4.055766793409379,5.9650221032076045,77,2.5937997821613585,46.0
049960,"Cell Biotech Co., Ltd",쎌바이오텍,KRX,Biotechnology,바이오테크놀로지,14920,1498,102110983925.0,-4.481434058898848,5.965909090909091,12.999044650040224,20.032180209171358,6.006853166464596,77,807.9191462267855,96.0
293780,"Aptabio Therapeutics, Inc.",압타바이오,KRX,Pharmaceuticals: major,의약품: 주요,6460,6690,181483394814.0,38.034188034188034,-12.93800539083558,-15.270023103581057,-17.602040816326532,6.05166135152658,77,,
227840,HYUNDAI CORPORATION HOLDINGS Co.Ltd.,현대코퍼레이션홀딩스보통주,KRX,Wholesale distributors,도매 유통업체,12830,106,112741339417.0,7.095158597662771,6.916666666666667,4.984437751004016,3.0522088353413657,5.828726089667519,77,125.2110316599656,84.0
112610,CS Wind Corp.,씨에스윈드보통주,KRX,Electrical products,전기 제품,50300,30429,2112785901260.0002,16.032295271049595,-17.540983606557376,-1.020778829685117,15.499425947187142,5.800450810608767,77,-16.72497620463841,37.0
002790,AMOREPACIFIC Holdings Corp.,아모레퍼시픽홀딩스보통주,KRX,Household/Personal care,가정/개인 위생용품,26450,5547,2056351587577.0,18.609865470852018,-6.371681415929204,-2.3204560925799864,1.7307692307692308,6.051672532792815,77,25.03508757214803,58.0
024070,"WISCOM Co., Ltd.",WISCOM보통주,KRX,Electronic equipment/Instruments,전자 장비/기기,2005,1083,30468960541.0,14.965596330275229,-1.2315270935960592,1.0861446533051164,3.403816400206292,6.637925324093162,77,,
018000,Unison Co Ltd,유니슨,KRX,Electrical products,전기 제품,1292,145902,376566542358.0,18.2067703568161,-12.108843537414966,-1.5856190705624575,8.937605396290051,6.331336700388967,77,5.133755314715831,48.0
042500,"RingNet Co., Ltd",링네트,KRX,Engineering & construction,엔지니어링 및 건설,4210,611,87146380978.0,4.72636815920398,8.926261319534282,7.153994239241484,5.381727158948686,6.182943807226482,77,-38.38769707574226,29.0
097800,"Winpac, Inc.",윈팩,KRX,Semiconductors,세미컨덕터,2400,8656,66314808825.99999,12.149532710280374,20.906801007556677,2.931276609973029,-15.044247787610619,6.618579050095969,77,,
004080,"Shinhung Co., Ltd",신흥보통주,KRX,Medical specialties,의학 전문 분야,14700,144,135527491236.0,5.9077809798270895,5.225483178239084,5.681333646881274,6.137184115523466,5.771912580059601,77,52.352973538076334,70.0
004960,"Hanshin Construction Co., Ltd.",한신공영보통주,KRX,Homebuilding,홈빌딩,10900,435,125657829723.0,6.862745098039215,-30.440331844288448,5.559054857076555,41.55844155844156,6.08053095346162,77,,
054090,"Samjin LND Co., Ltd",삼진엘앤디,KRX,Electronics/Appliances,일렉트로닉스/어플라이언스,1018,3504,24886119934.0,4.1965199590583415,-4.9486461251167135,7.337662836384064,19.623971797884842,6.081205685453775,77,,
267250,"HD HYUNDAI CO.,LTD.",에이치디현대보통주,KRX,Trucks/Construction/Farm machinery,트럭/건설/농기계,207000,14300,14522361648560.0,0.975609756097561,-18.98238747553816,8.961187214611872,36.904761904761905,5.766956231206148,76,647.5897827841607,95.0
086280,"HYUNDAI GLOVIS Co., Ltd.",현대글로비스보통주,KRX,Air freight/Couriers,항공/운수,200000,12972,14767500000000.0,4.438642297650131,-7.407407407407407,5.82010582010582,19.047619047619047,5.267520411123544,76,1.7952229196238765,46.0
001790,TS Corporation,대한제당보통주,KRX,Food: specialty/candy,식품: 특산품/과자,2825,17767,232218227005.0,17.954070981210855,-3.7478705281090288,-3.08291626578163,-2.4179620034542313,5.331878633015363,76,-119.76326309298146,17.0
003720,SAMYOUNG CO. LTD.,삼영보통주,KRX,Containers/Packaging,컨테이너/패키징,6460,14441,212030214691.0,-4.71976401179941,-10.402219140083218,11.880925736292763,34.164070612668745,5.240649837055894,76,220.24014407393057,89.0
234070,A ONE CUBETECH CO. LTD.,에이원알폼,KRX,Trucks/Construction/Farm machinery,트럭/건설/농기계,924,1,6438650179.0,2.6666666666666665,1.5384615384615385,6.499025702885775,11.459589867310012,4.966082088398132,76,,
236340,"Medizen Humancare Inc Co., Ltd.",메디젠휴먼케어,KRX,Medical/Nursing services,의료/간호 서비스,2000,1,6026279367.0,5.2631578947368425,0.0,5.555555555555555,11.11111111111111,5.43859649122807,76,,
001510,"SK Securities Co., Ltd.",SK증권보통주,KRX,Investment banks/Brokers,투자은행/중개사,2305,361247,444537821045.0,-10.1364522417154,-40.95799180327869,15.785974158240897,72.52994011976048,5.417003598258381,76,,
417500,Ji Tech Co. Ltd.,제이아이테크,KRX,Electronic production equipment,전자 생산 장비,3970,10747,124821941690.0,12.784090909090908,-17.890382626680456,1.0245972062972335,19.939577039274923,5.728394687414703,76,12.131188817023567,51.0
001940,KISCO Holdings Corp.,KISCO홀딩스보통주,KRX,Steel,스틸,26250,455,280617702484.0,8.921161825726141,3.3464566929133857,1.9605846682957733,0.5747126436781609,4.744815531267921,76,,
126560,"Hyundai Futurenet Co., Ltd",현대퓨처넷보통주,KRX,Household/Personal care,가정/개인 위생용품,3350,1579,361759005661.0,10.927152317880795,2.2900763358778624,1.2947387667413264,0.2994011976047904,5.147704187197115,76,3.261526837180286,47.0
052330,Kortek Corporation,코텍,KRX,Electronic equipment/Instruments,전자 장비/기기,10410,1661,134984670877.0,-6.300630063006301,3.1714568880079286,12.03869011647783,20.905923344947734,4.702962044684179,76,,
038500,SAMPYO Cement Co. Ltd.,삼표시멘트,KRX,Construction materials,건축 자재,6670,36837,711754061508.0,-24.71783295711061,-57.59694850603942,25.257687993470153,108.11232449297972,5.26747961323785,76,-52.126940766353414,26.0
224760,"NS Company Co., Ltd.",엔에스컴퍼니,KRX,Trucks/Construction/Farm machinery,트럭/건설/농기계,2915,419,11484225174.0,12.76595744680851,9.792843691148775,0.44329684557438753,-8.90625,5.372361086068037,76,,
016740,"DUAL Co., Ltd.",두올보통주,KRX,Auto parts: OEM,자동차 부품: OEM,4000,1559,114011120567.0,6.382978723404255,-11.11111111111111,3.791625453346521,18.694362017804153,4.828166761369615,76,26.648894027483717,59.0
011200,"HMM CO.,LTD",에이치엠엠보통주,KRX,Marine shipping,해상 운송,20950,48255,19619349902344.0,9.228362877997915,4.2288557213930345,1.9953802416488982,-0.23809523809523808,4.888573296188505,76,-30.482369011430972,31.0
016920,Cas Corporation,카스,KRX,Electronic equipment/Instruments,전자 장비/기기,1052,2449,25301403229.0,13.118279569892474,8.565531475748195,-0.21550415831967396,-8.996539792387543,5.118009332965185,76,,
094170,DONGWOON ANATECH CO.LTD.,동운아나텍,KRX,Semiconductors,세미컨덕터,27500,5979,552865073872.0,-16.540212443095598,-11.85897435897436,20.45940170940171,52.77777777777778,5.659556048402788,76,29610.210587978323,99.0
032540,"TJ Media Co., Ltd.",티제이미디어,KRX,Electronics/Appliances,일렉트로닉스/어플라이언스,3795,194,79410170364.0,17.674418604651162,-0.9138381201044387,-3.1769714478786915,-5.440104775652944,5.16358457313325,76,105.72183284326184,81.0
009160,SIMPAC Inc.,SIMPAC보통주,KRX,Steel,스틸,4770,10774,256129587936.0,10.801393728222996,-4.790419161676646,1.5640664372612245,7.918552036199095,5.258997353645933,76,-21.631699020684074,35.0
049070,"Intops Co., Ltd",인탑스,KRX,Computer processing hardware,컴퓨터 프로세싱 하드웨어,18050,1906,260207678699.0,-2.537796976241901,9.460278956943602,10.47442607513641,11.488573193329216,5.269536854585086,76,,
415640,KB Balhae Infrastructure Fund,케이비발해인프라투융자회사보통주,KRX,Financial conglomerates,금융지주회사,10070,14259,1248739128876.0,2.129817444219067,1.2060301507537687,7.11255491825006,13.019079685746352,5.119459928637664,76,,
091340,"S&K POLYTEC Co., Ltd.",에스엔케이폴리텍,KRX,Electrical products,전기 제품,2490,2399,26719660773.0,11.160714285714286,0.2012072434607646,1.653398652786283,3.1055900621118013,5.456324905957484,76,,
294570,coocon Corporation,쿠콘,KRX,Internet software/Services,인터넷 소프트웨어/서비스,26800,8763,272219638633.99997,35.35353535353536,-2.3679417122040074,-15.3071301599842,-28.24631860776439,4.957136045423623,76,-6.26151213028185,42.0
339950,"IBKIMYOUNG CO., LTD",아이비김영,KRX,Miscellaneous commercial services,기타 상업 서비스,2400,2458,104073046875.0,-4.0,3.225806451612903,12.005454811110932,20.78510317060896,5.603272886666558,76,-26.258341005628864,33.0
088130,"Dong A Eltek Co., Ltd.",동아엘텍,KRX,Electronic equipment/Instruments,전자 장비/기기,5600,5491,96693793736.0,3.130755064456722,-20.56737588652482,6.067022957211524,32.70142180094787,4.892515800109603,76,,
003300,"Hanil Holdings Co., Ltd.",한일홀딩스보통주,KRX,Construction materials,건축 자재,17350,387,539858580703.99994,7.763975155279503,2.4808033077377436,4.363487998020739,6.246172688303735,5.723682860924246,76,57.594906194364945,72.0
015360,"INVENI Co., Ltd.",INVENI보통주,KRX,Gas distributors,가스 유통업체,14610,2555,316047485142.0,2.887323943661972,-6.346153846153846,5.928864824495893,18.203883495145632,4.712248472162325,76,-8.289398697318568,41.0
000390,SP SAMHWA CO. LTD.,삼화페인트공업보통주,KRX,Industrial specialties,산업 분야,7090,9891,174696381836.0,14.35483870967742,-21.483942414174972,-1.952584805760786,17.5787728026534,4.570384600414497,75,5.62506448626077,48.0
033530,SJG SEJONG CO. LTD,에스제이지세종보통주,KRX,Auto parts: OEM,자동차 부품: OEM,6770,1787,176100361824.0,9.193548387096774,-7.5136612021857925,0.6643912638588718,8.842443729903536,4.076054113154033,75,83.62133028211737,77.0
001060,JW Pharmaceutical Corporation,JW중외제약보통주,KRX,Pharmaceuticals: major,의약품: 주요,26800,1921,612890405712.0,1.9011406844106464,-12.987012987012987,5.257645580226225,23.502304147465438,3.9150436218999944,75,,
155660,DSR Corp.,DSR보통주,KRX,Metal fabrication,금속 가공,4240,3733,68960000000.0,0.1180637544273908,1.3142174432497014,6.89053047228798,12.46684350132626,4.181543785143745,75,,
034950,Korea Ratings Corporation,한국기업평가,KRX,Financial publishing/Services,금융 출판/서비스,103700,178,463930606842.0,2.9791459781529297,2.167487684729064,4.592515772189094,7.017543859649122,3.9471678545746283,75,-1.442775381728953,44.0
003470,"Yuanta Securities Korea Co., Ltd.",유안타증권보통주,KRX,Investment banks/Brokers,투자은행/중개사,4395,15740,873110235443.0,-1.6778523489932886,-2.980132450331126,8.797999618455837,20.5761316872428,4.607658831476187,75,147.34113970494602,86.0
071320,Korea District Heating Corp.,지역난방공사보통주,KRX,Electric utilities,전력 회사,78600,3615,905457775688.0,15.588235294117647,5.220883534136546,-3.23225486214521,-11.685393258426966,4.295941200359932,75,,
330590,"LOTTE REIT Co., Ltd.",롯데리츠보통주,KRX,Real estate investment trusts,부동산 투자 신탁,4100,7538,1196331130371.0,15.492957746478874,-12.486659551760939,-3.679227211777905,5.128205128205129,3.989646771524807,75,60.181761624496545,73.0
073540,"FRTEK Co., Ltd.",에프알텍,KRX,Telecommunications equipment,통신 장비,2640,2209,29924998999.0,10.460251046025105,0.18975332068311196,-0.0938025849414629,-0.37735849056603776,4.127818867445165,75,-722.4170556753037,5.0
472850,Pond Group Co. Ltd.,폰드그룹,KRX,Apparel/Footwear,어패럴/풋웨어,4955,356,283501192951.0,21.297429620563037,-2.843137254901961,-6.417612638940315,-9.992088022978669,4.668404264861026,75,26.599077174563455,59.0
013520,"Hwaseung Corporation Co., Ltd.",화승코퍼레이션보통주,KRX,Auto parts: OEM,자동차 부품: OEM,2505,825,118904790802.0,1.0080645161290323,-5.827067669172933,6.729323308270676,19.285714285714285,4.440819791414019,75,83.7718780081816,77.0
441270,"Fine M-Tec Co.,Ltd.",파인엠텍,KRX,Building products,건축 자재,8610,48241,369927058220.0,37.539936102236425,-13.9,-17.526923076923076,-21.153846153846153,4.499820594740723,75,8.455327358169246,49.0
014440,"Youngbo Chemical Co., Ltd.",영보화학보통주,KRX,Chemicals: specialty,화학: 특수,4675,27,91552500000.0,4.120267260579064,1.520086862106406,3.885043431053203,6.25,3.979132962863548,75,31.2209749246324,61.0
016100,"Leaders Cosmetics Co., Ltd",리더스코스메틱,KRX,Household/Personal care,가정/개인 위생용품,1246,250,22534731228.0,62.45110821382008,-20.636942675159236,-33.92016625283386,-47.20338983050848,4.628343533827717,75,-111.68890905529861,18.0
017250,"INTER-M Co., Ltd.",인터엠,KRX,Electronics/Appliances,일렉트로닉스/어플라이언스,1098,2112,21804369186.0,10.894141829393629,3.451581975071908,-0.403756483626424,-4.259094942324756,4.115402841581597,75,35.43243342573212,64.0
140860,Park Systems Corp.,파크시스템스,KRX,Electronic equipment/Instruments,전자 장비/기기,263000,1684,1840164026260.0,6.262626262626263,6.693711967545639,3.15746204437888,-0.3787878787878788,4.399527731677833,75,-36.80963911474502,29.0
192080,"DoubleUGames Co., Ltd.",더블유게임즈보통주,KRX,Packaged software,패키지 소프트웨어,58300,2313,1143913546371.0,-8.620689655172415,14.538310412573674,12.687406156857179,10.836501901140684,4.164167832045342,75,60.92769306731256,73.0
002680,Hantop Inc.,한탑,KRX,Agricultural commodities/Milling,농산물/제분,2795,2923,21207509789.0,45.95300261096606,-23.108665749656122,-23.732952631255664,-24.35723951285521,4.141429465633028,75,,
003100,"Sun Kwang Co., Ltd.",선광,KRX,Other transportation,기타 교통수단,20450,126,128315999222.0,6.956066945606694,-2.619047619047619,2.7338165710258737,8.086680761099366,4.422716720858202,75,56.770820764559325,72.0
001800,ORION Holdings Corporation,오리온홀딩스보통주,KRX,Food: specialty/candy,식품: 특산품/과자,23750,4523,1369612174034.0,-2.0618556701030926,0.42283298097251587,8.138245758778941,15.853658536585366,4.058205187226128,75,4.809153128846709,47.0
002380,KCC Corporation,주식회사케이씨씨,KRX,Industrial specialties,산업 분야,470000,1771,3360843690872.0,-5.05050505050505,-6.930693069306931,10.480231696639052,27.891156462585034,4.267936997781411,75,284.11129358744483,91.0
147830,"Cheryong Industrial Co., Ltd",제룡산업,KRX,Electronic equipment/Instruments,전자 장비/기기,7150,12378,135979054070.00002,0.5625879043600562,-3.3783783783783785,6.346525096525097,16.071428571428573,4.032950219659081,75,162.99810606291663,87.0
023450,"Dongnam Chemical Co., Ltd.",주식회사동남합성,KRX,Household/Personal care,가정/개인 위생용품,32200,352,109010848999.0,8.967851099830796,7.1547420965058235,0.8607778030253055,-5.4331864904552125,4.103607121747501,75,3299.25095402287,98.0
036810,Fine Semitech Corp,에프에스티,KRX,Industrial machinery,산업용 기계,31150,6415,619398147583.0,21.6796875,-18.562091503267975,-6.845211893942318,4.87166771538334,4.564747863634608,75,,
475460,MeatBox Global Inc.,미트박스글로벌,KRX,Internet software/Services,인터넷 소프트웨어/서비스,2495,1682,42433631086.0,37.33945091467891,-5.492423297348474,-17.736856761630268,-29.98129022591206,4.293666308893407,75,,
033050,"JEONGMOON INFORMATION Co., Ltd.",제이엠아이,KRX,Computer peripherals,컴퓨터 주변기기,805,447,24972748930.0,16.835994194484762,-7.3647871116225545,-4.597027702152741,-1.829268292682927,3.9761810565022597,75,,
123890,KOREA ASSET IN TRUST CO. LTD,한국자산신탁보통주,KRX,Real estate investment trusts,부동산 투자 신탁,2440,8459,292850831223.0,10.909090909090908,-5.426356589147287,0.2152381913265735,5.856832971800434,4.492779278432307,75,109.51611397716225,82.0
237880,"CLIO Cosmetics co., Ltd",클리오,KRX,Household/Personal care,가정/개인 위생용품,11980,1304,208543024063.0,20.281124497991968,1.1824324324324325,-7.0766283067519815,-15.335689045936396,3.866472815145597,74,306.64239273085104,92.0
092590,"Luxpia Co., Ltd.",럭스피아,KRX,Semiconductors,세미컨덕터,585,1,4272583496.9999995,37.32394366197183,-34.92769744160178,-18.46887384642903,-2.0100502512562812,3.8482531569313156,74,,
190510,"Namuga Co., Ltd.",나무가,KRX,Electronic production equipment,전자 생산 장비,15850,6060,220241348305.0,19.89409984871407,-4.518072289156627,-7.179400194635196,-9.840728100113767,3.6499998227045105,74,-17.33573091353146,37.0
090710,"Hyulim ROBOT Co., Ltd.",휴림로봇,KRX,Industrial machinery,산업용 기계,6270,237244,756512705154.0,-26.752336448598133,-43.513513513513516,23.67703319758114,90.8675799086758,3.505285339109431,74,-467.0782275012058,6.0
204320,"HL Mando Co., Ltd.",HL만도보통주,KRX,Auto parts: OEM,자동차 부품: OEM,46175,31057,2134086668015.0,-10.165369649805447,-8.382936507936508,12.728821601104212,33.84057971014493,3.5711451007403485,74,790.0871546478144,96.0
076080,"Welcron Hantec Co., Ltd",웰크론한텍,KRX,Industrial machinery,산업용 기계,1118,565,24942356319.0,34.69879518072289,-10.77414205905826,-17.046878985633384,-23.319615912208505,3.6513906809091274,74,,
012030,DB Inc.,DB INC.보통주,KRX,Information technology services,정보 기술 서비스,1732,117557,323223661560.0,-3.7777777777777777,5.9327217125382266,8.266488570189932,10.600255427841635,3.448782031002848,74,14.374565712853933,53.0
166480,CORESTEMCHEMON Inc.,코아스템켐온,KRX,Pharmaceuticals: major,의약품: 주요,2185,7561,106399543762.0,1.627906976744186,-9.710743801652892,4.844081651086123,19.398907103825138,3.5576117813493484,74,0.7463827132327203,45.0
018670,"SK Gas Co., Ltd.",SK가스보통주,KRX,Gas distributors,가스 유통업체,240000,305,2166435099125.0002,12.149532710280374,-7.6923076923076925,-2.0103007144043863,3.67170626349892,3.653632655469518,74,-70.88232824979512,22.0
000240,"HANKOOK & COMPANY CO., LTD.",한국앤컴퍼니보통주,KRX,Electrical products,전기 제품,24600,2576,2334802142334.0,4.45859872611465,-1.6,3.5046357615894044,8.609271523178808,3.8862209473995026,74,43.986278228195175,67.0
032280,"Samil Co., Ltd.",삼일,KRX,Air freight/Couriers,항공/운수,1323,1551,20675788826.0,14.943527367506515,-5.702066999287242,-3.8873029296954345,-2.0725388601036268,3.645029189185346,74,173.26315194836664,87.0
049520,UIL Co. LTD.,유아이엘,KRX,Telecommunications equipment,통신 장비,3720,6012,111832448673.0,0.9497964721845319,-2.2339027595269383,5.76378256519066,13.761467889908257,3.8381881279882086,74,57.194640314693416,72.0
003800,"Ace Bed Co., Ltd.",에이스침대,KRX,Home furnishings,가정용 가구,32250,161,341517165804.0,2.0569620253164556,-5.007363770250368,4.880659751885492,14.768683274021353,3.7511806612578775,74,-4.368720758485029,43.0
460860,"DONGKUK STEEL MILL Co., Ltd.",동국제강보통주,KRX,Steel,스틸,9440,7540,465274886856.0,4.540420819490587,2.608695652173913,2.889047279638869,3.169398907103825,3.549596695579557,74,,
005880,Korea Line Corporation,대한해운보통주,KRX,Marine shipping,해상 운송,2010,65052,624321476440.0,5.733824302998422,-11.258278145695364,2.2625659962767424,15.783410138248849,3.6510693189654146,74,9.96961559617133,50.0
016380,"KG DONGBUSTEEL CO., LTD.",KG스틸보통주,KRX,Steel,스틸,5600,35723,555012829971.0,4.672897196261682,2.5641025641025643,3.2301032301032304,3.896103896103896,3.807220816566611,74,64.57347885679312,74.0
003200,"Ilshin Spinning Co., Ltd",일신방직보통주,KRX,Textiles,텍스타일,10980,2203,253347282600.0,5.984555984555985,-3.768624014022787,1.7813771425487237,7.331378299120234,3.462648679351628,74,1189.7506707854623,97.0
005820,Wonlim Corporation,원림보통주,KRX,Industrial specialties,산업 분야,14580,125,30235403466.0,10.204081632653061,-3.2514930325149303,-0.35992373144733847,2.5316455696202533,3.8656784141928218,74,148.9854566627203,86.0
014130,"Han Express Co., Ltd.",한익스프레스보통주,KRX,Air freight/Couriers,항공/운수,2605,707,30206495094.0,22.300469483568076,0.0,-8.781645569620252,-17.563291139240505,3.651200451655078,74,-79.25051712507616,20.0
007770,"Hanil Chemical Industry Co., Ltd.",한일화학공업,KRX,Chemicals: specialty,화학: 특수,7810,24,28150199924.0,20.52469135802469,-3.3415841584158414,-7.990702593749308,-12.639821029082775,3.4154549869602913,74,,
004370,"Nongshim Co., Ltd.",농심보통주,KRX,Food: specialty/candy,식품: 특산품/과자,392000,989,2255222525597.0,14.119359534206696,4.81283422459893,-3.4494387435563905,-11.711711711711711,3.5780805675488443,74,35.353863731854794,64.0
247660,"NANOCMS CO., LTD.",나노씨엠에스,KRX,Chemicals: specialty,화학: 특수,4075,1739,21525235133.0,36.515912897822446,-18.986083499005964,-18.743041749502982,-18.5,3.3605401094271885,74,,
004590,"Korea Furniture Co., Ltd.",한국가구,KRX,Home furnishings,가정용 가구,5310,834,78000000000.0,0.5681818181818182,8.588957055214724,5.64844371135978,2.7079303675048356,3.6163389540885955,74,-15.399659586806873,38.0
285130,"SK Chemicals Co., Ltd.",SK케미칼보통주,KRX,Chemicals: specialty,화학: 특수,50700,2568,916958344936.0,25.495049504950494,-6.4575645756457565,-11.049081788654824,-15.640599001663894,3.5685707287873023,74,37.71794389966834,65.0
120110,"Kolon Industries, Inc.",코오롱인더스트리보통주,KRX,Textiles,텍스타일,55300,8155,1692309367096.0,-10.372771474878444,-29.554140127388536,13.00070771408351,55.55555555555556,3.651316038498731,74,106.7385685792184,82.0
006090,Oyang Corporation,사조오양보통주,KRX,Hotels/Resorts/Cruise lines,호텔/리조트/크루즈 라인,8800,106,84145008430.0,11.959287531806616,7.1863580998781975,-1.9623765056164566,-11.11111111111111,3.6062891093527734,74,-42.56794160674254,27.0
178320,"SEOJIN SYSTEM CO.,LTD",서진시스템,KRX,Computer communications,컴퓨터 통신,36950,935503,2048710134506.0,-30.15122873345936,-16.591422121896162,25.872853859325268,68.3371298405467,3.463220822211417,74,-31.81868272178157,31.0
476060,"Onconic Therapeutics, Inc.",온코닉테라퓨틱스,KRX,Biotechnology,바이오테크놀로지,15890,104206,687020630226.0,14.07035175879397,-28.744394618834082,-4.182803370023102,20.37878787878788,3.1184586815037267,73,,
208350,"JiranSecurity Co., Ltd.",지란지교시큐리티,KRX,Packaged software,패키지 소프트웨어,2990,1485,22719631600.0,9.323583180987203,-3.5483870967741935,-1.6904414545847517,0.16750418760469013,2.7151683996440306,73,,
141000,"Viatron Technologies, Inc.",비아트론,KRX,Industrial machinery,산업용 기계,9270,1017,96749665890.0,8.548009367681498,-7.207207207207207,-0.2049860920828661,6.797235023041475,3.2962120918228797,73,,
001740,"SK Networks Co., Ltd.",SK네트웍스보통주,KRX,Wholesale distributors,도매 유통업체,6150,131250,1177419117584.0,-36.72839506172839,21.782178217821784,29.072907290729077,36.36363636363637,2.7523863497460885,73,63.49613513070353,74.0
320000,"HanWool Semiconductor, Inc.",한울반도체,KRX,Industrial machinery,산업용 기계,10850,18942,73492302632.0,-24.178895877009083,45.539906103286384,21.424661571822565,-2.690582959641256,3.183238592289906,73,-101.23078863395487,18.0
036640,"HRS Co., Ltd",에이치알에스,KRX,Industrial specialties,산업 분야,5050,5531,80068641615.0,10.74561403508772,-0.1976284584980237,-2.4573047952867477,-4.716981132075472,2.8238627368630396,73,40.155193824088514,66.0
483650,"Dalba Global Co., Ltd.",달바글로벌보통주,KRX,Household/Personal care,가정/개인 위생용품,183000,22946,2281196821690.0,-20.434782608695652,25.859697386519944,18.89315144555355,11.926605504587156,3.1619778238538694,73,138.5459356845178,85.0
084440,Ubion Co. Ltd.,유비온,KRX,Miscellaneous commercial services,기타 상업 서비스,5060,1491,19935982699.0,15.261958997722095,-5.065666041275797,-4.706746064116159,-4.3478260869565215,3.280735960619143,73,,
054410,"Korea Plasma Technology U Co., Ltd.",케이피티유,KRX,Industrial specialties,산업 분야,3325,148,18983161089.0,15.853658536585366,-8.402203856749312,-5.232029763426202,-2.0618556701030926,3.2022455565784256,73,,
004690,"Samchully Co., Ltd",삼천리보통주,KRX,Gas distributors,가스 유통업체,130300,168,448204848981.0,10.236886632825719,-8.17477096546864,-2.339966896554813,3.494837172359015,2.6907745151974,73,30.405833002345933,61.0
013000,"Sewoo Global Co., Ltd",세우글로벌보통주,KRX,Wholesale distributors,도매 유통업체,1178,1060,34156548519.000004,0.0,-2.4026512013256007,4.417182425777238,11.237016052880076,2.6503094554663424,73,176.51640967886942,87.0
032190,Daou Data Corp,다우데이타,KRX,Electronics distributors,전자 부품 유통업체,19940,6590,758722984886.0,7.204301075268817,-12.925764192139738,0.34623471304694053,13.618233618233619,3.089461257935691,73,101.78258316999292,81.0
168330,"Naturalendo Tech Co., Ltd.",내츄럴엔도텍,KRX,Biotechnology,바이오테크놀로지,2365,77,74670952339.0,12.085308056872037,8.486238532110091,-2.9126778353942298,-14.31159420289855,3.086516521512277,73,54.00355074381974,71.0
017480,"Samhyun Steel Co., Ltd.",삼현철강,KRX,Steel,스틸,4745,789,72498299456.0,2.373247033441208,3.9430449069003286,3.7728324971182863,3.6026200873362444,3.212998311647455,73,111.7135312801183,82.0
317860,Nordmason Co. Ltd.,노드메이슨,KRX,Medical distributors,의료 유통업체,4500,10,20309467793.0,12.5,7.142857142857143,-3.159340659340659,-13.461538461538462,3.104395604395605,73,,
003120,"ILSUNG IS CO., LTD.",일성아이에스보통주,KRX,Pharmaceuticals: major,의약품: 주요,21900,428,267214208555.00003,12.88659793814433,-1.1286681715575622,-4.166029001033019,-7.203389830508475,2.655021774637921,73,,
011090,"Enex Co., Ltd",에넥스보통주,KRX,Home furnishings,가정용 가구,1640,6543,18795699431.0,54.4256120527307,-19.012345679012345,-31.567501629966138,-44.122657580919935,2.829743843112597,73,-382.1995520875217,7.0
007980,TP Inc.,티피보통주,KRX,Textiles,텍스타일,1797,47970,75912008286.0,5.149210064365126,0.9550561797752809,1.5867431069524869,2.218430034129693,3.011729889917542,73,-14.726466623473502,38.0
452280,"HanSun Engineering Co., Ltd.",한선엔지니어링,KRX,Industrial machinery,산업용 기계,13390,138657,257148860779.0,-3.945480631276901,-6.363636363636363,7.681818181818182,21.727272727272727,3.030898656580149,73,-3.6600462809163314,43.0
318060,Graphy Inc.,그래피,KRX,Chemicals: specialty,화학: 특수,16270,4273,178771083736.0,-5.35194880744619,-62.59770114942529,8.590652187718291,79.77900552486187,3.013611789652497,73,24.815228871178277,58.0
064400,"LG CNS Co., Ltd.",엘지씨엔에스보통주,KRX,Information technology services,정보 기술 서비스,71000,107083,6723884803772.0,-13.414634146341463,22.203098106712563,14.086623680221953,5.970149253731344,3.086120549596586,73,19.726805207713554,55.0
415380,"Studio Samick Co., Ltd.",스튜디오삼익,KRX,Home furnishings,가정용 가구,2115,93,24487966595.0,29.993853718500308,2.4213075060532687,-14.510578013586008,-31.442463533225283,3.291194679248518,73,-12.575167631644483,39.0
007160,"Sajo Industries Co., Ltd",사조산업보통주,KRX,Agricultural commodities/Milling,농산물/제분,48800,69,243658401489.0,10.909090909090908,-5.7915057915057915,-2.8444708444708446,0.10256410256410256,2.656953856953856,73,-689.307837145502,5.0
100250,Chinyang Holdings Corporation,진양홀딩스보통주,KRX,Investment managers,투자 운용사,3080,2420,195853504677.0,4.761904761904762,3.87858347386172,1.5913324922286773,-0.6959184894043653,2.8595614000991114,73,730.1817904182362,96.0
008490,Suheung Co. Ltd.,서흥보통주,KRX,Chemicals: major diversified,화학: 주요 복합,20150,1606,220492010164.0,17.83625730994152,7.180851063829787,-6.4294157379263766,-20.03968253968254,3.2768534812207823,73,4.696542145373446,47.0
093050,LF Corp.,LF보통주,KRX,Apparel/Footwear,어패럴/풋웨어,21700,614,583092855167.0,-1.3636363636363635,-11.788617886178862,5.232451620290851,22.253521126760564,2.594016426719965,73,30.957152826679817,61.0
284740,"CUCKOO HOMESYS CO.,LTD",쿠쿠홈시스보통주,KRX,Electronics/Appliances,일렉트로닉스/어플라이언스,23800,148,538137130737.0,13.333333333333334,1.9271948608137044,-3.7030692362598145,-9.333333333333334,3.1114917915774445,73,38.94875946476883,65.0
143540,"YoungWoo DSP Co., Ltd.",영우디에스피,KRX,Electronic equipment/Instruments,전자 장비/기기,1003,3681,43817862316.0,-2.3369036027263874,-25.703703703703702,5.659077109896781,37.021857923497265,2.4606848248475144,72,,
024060,"HeunguOil Co., Ltd.",흥구석유,KRX,Gas distributors,가스 유통업체,12450,132749,179724501343.0,29.28348909657321,-29.938097917839055,-15.83724153981929,-1.7363851617995265,2.2110507147377096,72,-14.684255107494783,38.0
004490,"SEBANG GLOBAL BATTERY Co., Ltd.",세방전지보통주,KRX,Electrical products,전기 제품,59500,3130,780625004101.0,11.214953271028037,-1.490066225165563,-3.8207428917625923,-6.151419558359621,2.1935355733536586,72,20.727656717182395,56.0
103660,"CIAAT Co., Ltd.",씨앗,KRX,Computer peripherals,컴퓨터 주변기기,1490,3,8966032257.0,-17.17620900500278,6.428571428571429,15.349398308113905,24.27022518765638,2.3391553828672307,72,,
016450,"Hansae Yes24 Holdings Co., Ltd",한세예스24홀딩스보통주,KRX,Apparel/Footwear,어패럴/풋웨어,4315,507,169297353745.0,2.738095238095238,0.3488372093023256,2.3509603217007395,4.353083434099154,2.5058142882585392,72,,
035810,"Easy Holdings Co., Ltd.",이지홀딩스,KRX,Agricultural commodities/Milling,농산물/제분,4530,7475,292258304214.0,7.218934911242603,-20.526315789473685,-0.5793634283336804,19.367588932806324,2.539955907496833,72,3.3466227868273553,47.0
050890,SOLiD Inc.,쏠리드,KRX,Computer communications,컴퓨터 통신,9890,296219,571303185349.0,-13.24561403508772,-26.028421839940165,12.945850523962328,51.92012288786482,2.4692647003423094,72,-28.273597191857657,32.0
473050,Yuanta 15 Special Purpose Acquisition Co.,유안타제15호기업인수목적,KRX,Financial conglomerates,금융지주회사,2100,145307,14721000481.0,1.4492753623188406,1.941747572815534,2.6950117174422497,3.4482758620689653,2.1967171753928865,72,-12.252443959391464,39.0
004700,"Chokwang Leather Co., Ltd.",조광피혁보통주,KRX,Textiles,텍스타일,65500,75,231650592804.0,8.623548922056385,-4.934687953555878,-1.5342180047717182,1.8662519440124417,2.528888765959523,72,-40.902765075036804,28.0
025530,"SJM Holdings Co., Ltd.",SJM홀딩스보통주,KRX,Auto parts: OEM,자동차 부품: OEM,3655,1311,49532528796.0,5.179856115107913,1.2465373961218837,0.8293126541048979,0.41208791208791207,2.569530038506104,72,731.8389284201138,96.0
109080,"Opticis Co., Ltd",옵티시스,KRX,Electrical products,전기 제품,9740,4440,45248802681.0,9.561304836895388,-11.293260473588342,-2.3643545256344334,6.564551422319475,2.4059092193774956,72,65.06136604377974,74.0
460850,"DONGKUK COATED METAL Co., Ltd.",동국씨엠보통주,KRX,Steel,스틸,5250,9072,157898117332.0,11.228813559322035,-2.7777777777777777,-3.3998578102782857,-4.021937842778794,2.451610737561843,72,,
417200,LS Materials Co. Ltd.,엘에스머트리얼즈,KRX,Electronic components,전자 부품,14020,315501,905192544708.0,-6.781914893617022,-24.50188476036618,8.41438020046207,41.33064516129032,2.3358621628304324,72,258.9771337844337,91.0
064240,"Homecast Co.,Ltd.",홈캐스트,KRX,Telecommunications equipment,통신 장비,1833,1283,61128518509.0,18.258064516129032,-6.0,-7.963144963144964,-9.926289926289927,2.525338828564635,72,,
900290,Great Rich Technologies Limited,그레이트리치과기유한공사,KRX,Electrical products,전기 제품,3400,15658,313962572174.0,23.861566484517304,-37.03703703703704,-12.227127790041699,12.582781456953642,2.2083499197819028,72,-9.818852065339808,41.0
331380,FOCUS AI Co. Ltd.,포커스에이아이,KRX,Information technology services,정보 기술 서비스,2080,296,73454196358.0,23.222748815165875,-16.129032258064516,-11.63594470046083,-7.142857142857143,2.307532705789851,72,-19.76652270893529,35.0
042420,Neowiz Holdings Corporation,네오위즈홀딩스,KRX,Packaged software,패키지 소프트웨어,23300,98,133255216599.0,10.952380952380953,-1.894736842105263,-3.004981589776911,-4.11522633744856,2.5779634270862344,72,,
010280,ITCENENTEC CO. LTD.,아이티센엔텍,KRX,Information technology services,정보 기술 서비스,5100,2221,66556446886.00001,6.918238993710692,0.591715976331361,-0.7598041999341276,-2.111324376199616,2.3114130775238007,72,,
055490,"Tapex, Inc.",테이팩스보통주,KRX,Industrial specialties,산업 분야,14930,1134,70603083134.0,7.487401007919367,-5.326569435637286,-1.180526097128988,2.9655172413793105,2.2866447448903546,72,,
104480,TK Chemical Corporation,티케이케미칼,KRX,Textiles,텍스타일,1834,19207,163884463028.0,13.279802347127857,-20.26086956521739,-4.554677206851119,11.151515151515152,2.579114614740472,72,,
116100,Sun Machinery Co.LTD,태양기계 주식회사,KRX,Auto parts: OEM,자동차 부품: OEM,610,44,4537442489.0,1.1608623548922057,-6.72782874617737,3.1175671083927967,12.962962962962964,2.3348852069925607,72,,
472230,SK Securities No.11 Special Purpose Acquisition Company,에스케이증권제11호기업인수목적,KRX,Financial conglomerates,금융지주회사,2100,80792,8725500441.0,1.694915254237288,1.941747572815534,2.567925383459364,3.194103194103194,2.2187213317705337,72,53.29458456863896,71.0
456040,OCI Company Ltd.,OCI보통주,KRX,Chemicals: major diversified,화학: 주요 복합,81500,11302,688446909714.0,-15.45643153526971,-17.342799188640974,14.096457548536655,45.535714285714285,2.2753019150141087,72,,
096690,"Aroot Co., Ltd.",에이루트,KRX,Computer peripherals,컴퓨터 주변기기,6660,263,26680219126.0,31.620553359683793,-2.6315789473684212,-16.75788162810513,-30.884184308841842,2.5934923670104375,72,64.09083680278687,74.0
020000,Handsome Corp,한섬보통주,KRX,Apparel/Footwear,어패럴/풋웨어,20200,35655,371439436226.0,-5.164319248826291,-14.40677966101695,7.664946714128647,29.736673089274245,2.533240328946672,72,31.486991900811546,61.0
003830,"Daehan Synthetic Fiber Co., Ltd.",대한화섬보통주,KRX,Textiles,텍스타일,113500,7,118738273787.0,10.08729388942774,-5.02092050209205,-2.9471414737534487,-0.8733624454148472,2.2666326715190266,72,,
002760,"Bolak Co., Ltd",보락보통주,KRX,Chemicals: specialty,화학: 특수,999,7350,59660401520.0,18.64608076009501,-15.195246179966045,-9.383337375697309,-3.5714285714285716,1.8284298786196191,71,,
054300,"PanStar Enterprise Co., Ltd",팬스타엔터프라이즈,KRX,Industrial machinery,산업용 기계,1038,15867,60407960197.0,35.15625,1.5655577299412915,-20.255167563600782,-42.075892857142854,1.9093994618395307,71,-78.39128539137747,21.0
332370,"IDP Corp., Ltd.",아이디피,KRX,Computer peripherals,컴퓨터 주변기기,5190,217,61991508484.0,-0.9541984732824428,2.772277227722772,3.3380905658133377,3.903903903903904,1.6211749501750257,71,-26.860238313349967,33.0
037440,"Heerim Architects & Planners Co., Ltd.",희림종합건축사사무소,KRX,Engineering & construction,엔지니어링 및 건설,4210,22936,53401716843.0,6.582278481012659,-0.11862396204033215,-1.21940478844476,-2.320185614849188,1.9012685193382075,71,-5.2950802893219535,43.0
153490,WOOREE E&L Haroutine Co. LTD.,우리이앤엘,KRX,Semiconductors,세미컨덕터,3195,502,31150411453.0,24.31906614785992,-16.90507152145644,-13.578940255110242,-10.252808988764045,1.5802623060778243,71,-91366.79371658868,1.0
001420,"TAE WON MULSAN Co., Ltd.",태원물산보통주,KRX,Construction materials,건축 자재,2925,3756,21632665634.0,12.716763005780347,0.0,-6.015037593984962,-12.030075187969924,1.4776826459211616,71,-126.84038223091787,17.0
474490,Yuanta 16 Special Purpose Acquisition Co.,유안타제16호기업인수목적,KRX,Finance/Rental/Leasing,금융/렌탈/리스,2075,2,11433250475.0,0.9732360097323601,1.466992665036675,2.2223300794166008,2.977667493796526,1.7226924515429045,71,,
009830,HANWHA SOLUTIONS CORPORATION,한화솔루션보통주,KRX,Semiconductors,세미컨덕터,32700,3022580,6538564615023.0,-6.437768240343348,-6.868740803288146,7.929317652838779,22.727376108965704,2.1824832955659277,71,,
021320,"KCC Engineering & Construction Co., Ltd.",케이씨씨건설,KRX,Engineering & construction,엔지니어링 및 건설,5800,654,115484077206.0,1.7543859649122806,-9.375,1.6231796116504853,12.62135922330097,1.6756621529552036,71,43.653230532640045,67.0
352940,"ENBIO Co., Ltd",인바이오,KRX,Chemicals: agricultural,화학: 농업,2150,13,23474297104.0,4.116222760290557,2.380952380952381,0.054112554112554,-2.272727272727273,1.6789566365837554,71,41.66031747358022,66.0
046120,"Orbitech Co., Ltd.",오르비텍,KRX,Aerospace & defense,항공우주 및 방위산업,5600,70968,187077831345.0,-0.35587188612099646,-50.66079295154185,2.772811334549857,56.206415620641565,1.5213380462815156,71,-201.65530664825707,12.0
044780,"HK Co., Ltd.",에이치케이,KRX,Industrial machinery,산업용 기계,1370,1933,25169345953.0,7.959022852639874,-8.666666666666666,-1.9232338689109918,4.8201989288446825,2.0296688197093546,71,,
082740,"Hanwha Engine Co., Ltd.",한화엔진보통주,KRX,Trucks/Construction/Farm machinery,트럭/건설/농기계,48200,39681,3971055203247.0,-8.538899430740038,6.6371681415929205,8.530497014668168,10.423825887743414,1.7027384365048848,71,91.49216347556366,79.0
469900,Hana 31 Special Purpose Acquisition Co.,하나31호기업인수목적,KRX,Financial conglomerates,금융지주회사,2095,1000,11770500040.0,1.4527845036319613,0.963855421686747,1.5794886864531297,2.1951219512195124,1.5288070133246623,71,14.246062270004952,53.0
225570,NEXON Games Co. Ltd.,넥슨게임즈,KRX,Packaged software,패키지 소프트웨어,10940,4281,696167895699.0,27.80373831775701,-6.41573994867408,-15.16892699798099,-23.9221140472879,2.0201391283142103,71,,
092200,DAE-IL Corp.,디아이씨 보통주,KRX,Auto parts: OEM,자동차 부품: OEM,5720,25835,215427072296.0,7.9245283018867925,-31.904761904761905,-2.6780446691951116,26.548672566371682,1.56298451923765,71,,
459550,"ALT Co., Ltd.",알트,KRX,Telecommunications equipment,통신 장비,2140,400297,50887129936.0,66.66666666666667,-21.323529411764707,-41.45171084591826,-61.57989228007181,1.795640159115715,71,,
003670,"POSCO FUTURE M CO., LTD.",포스코퓨처엠보통주,KRX,Electronic equipment/Instruments,전자 장비/기기,180250,37707,16001419559479.0,-3.1434712520150456,-14.775413711583925,5.548745658174519,25.872905027932962,2.0718588940986926,71,,
478110,Ebest Special Purpose Acquisition No6 Company,이베스트기업인수목적6호,KRX,Miscellaneous,기타 (Miscellaneous),2060,9079,10341199961.0,0.9803921568627451,1.477832512315271,1.9826973506849985,2.487562189054726,1.5817752731560972,71,,
012750,S-1 Corporation,에스원보통주,KRX,Miscellaneous commercial services,기타 상업 서비스,82400,3839,2816392815781.0,14.12742382271468,-8.342602892102336,-5.927741727081613,-3.51288056206089,2.094324492836905,71,-10.392398578160703,40.0
136490,"Sunjin Co., Ltd",선진보통주,KRX,Agricultural commodities/Milling,농산물/제분,10250,2466,247065963116.0,10.21505376344086,1.8886679920477136,-4.1389263019603675,-10.166520595968448,1.602665724200123,71,383.5863772190576,93.0
058430,"POSCO STEELEON Co.,Ltd.",포스코스틸리온보통주,KRX,Steel,스틸,4585,9500,270600000000.0,-12.164750957854405,0.5482456140350878,11.083141374656801,21.618037135278513,1.7839844416523185,71,23.42110897449005,58.0
220260,Chemtros Co. Ltd.,켐트로스,KRX,Investment managers,투자 운용사,4390,365357,125882759190.0,9.203980099502488,-15.900383141762452,-3.075191570881226,9.75,1.8364770972722595,71,,
317240,TS Trillion Co. Ltd.,티에스트릴리온,KRX,Household/Personal care,가정/개인 위생용품,1015,4817,29789421041.0,33.90501319261214,-36.95652173913044,-19.444444444444446,-1.932367149758454,1.8953386103781877,71,87.98624522028199,78.0
052260,"HYUNDAI BIOLAND Co.,Ltd.",현대바이오랜드,KRX,Chemicals: major diversified,화학: 주요 복합,4040,2127,119550000000.0,18.475073313782993,-0.7371007371007371,-9.436432840688159,-18.135764944275582,1.7281696211003013,71,,
005990,"Maeil Holdings Co., Ltd.",매일홀딩스,KRX,Food: meat/fish/dairy,식품: 육류/어류/유제품,10790,107,133323637028.0,7.256461232604374,-1.9090909090909092,-1.8197549263123034,-1.7304189435336976,1.8107315372543673,71,45.38353830097652,67.0
000760,"RIFA Co., Ltd.",이화산업보통주,KRX,Wholesale distributors,도매 유통업체,12390,181,34691999409.0,18.33810888252149,-20.525978191148173,-9.525888358473349,1.4742014742014742,1.619710537924586,71,6.467361213287624,48.0
473000,SK Securities No.12 Special Purpose Acquisition Co.,에스케이증권제12호기업인수목적,KRX,Financial conglomerates,금융지주회사,2075,15137,6868249881.0,1.2195121951219512,1.2195121951219512,1.5925570803619584,1.9656019656019657,1.4433391262659554,70,-26.93051044601109,33.0
294630,"SUNAM CO., LTD",서남,KRX,Electrical products,전기 제품,3055,14595,79895027218.0,9.30232558139535,-17.43243243243243,-4.740951198548371,7.950530035335689,0.876359513429117,70,-18.464845004288065,36.0
396470,"WOT Co., Ltd.",워트 주식회사,KRX,Electronic equipment/Instruments,전자 장비/기기,6820,7394,108971205673.0,14.814814814814815,-0.43795620437956206,-7.9112857944974735,-15.384615384615385,1.179154449227442,70,578.2845814729839,95.0
005850,SL Corporation,에스엘보통주,KRX,Auto parts: OEM,자동차 부품: OEM,49700,7801,2139724049377.0,-17.166666666666668,-14.751286449399657,13.827795170715643,42.40687679083094,1.4300104357627177,70,32.24437362777751,62.0
000640,"Dong-A Socio Holdings Co., Ltd.",동아쏘시오홀딩스보통주,KRX,Pharmaceuticals: major,의약품: 주요,93100,120,614339601421.0,19.51219512195122,-3.523316062176166,-10.711581445666575,-17.89984682915698,1.3779291813805434,70,-1.6012478904849203,44.0
034020,"Doosan Enerbility Co., Ltd.",두산에너빌리티보통주,KRX,Trucks/Construction/Farm machinery,트럭/건설/농기계,82300,277266,52326007653809.0,-6.900452488687783,-15.848670756646216,6.878814227976105,29.606299212598426,1.36710754131055,70,,
052960,"3C Tae Yang Co., Ltd.",태양3C,KRX,Electrical products,전기 제품,3560,1,,1.859799713876967,-0.8356545961002786,0.4393155590927178,1.7142857142857142,1.0075092210064176,70,,
090460,"BH Co., Ltd.",비에이치보통주,KRX,Electronic components,전자 부품,20375,54679,630282292843.0,-2.278177458033573,-3.2066508313539193,3.0506445414045853,9.30793991416309,0.9191157416293221,70,976.3121239722366,97.0
293940,"Shinhan Alpha REIT Co., Ltd.",신한알파리츠보통주,KRX,Real estate investment trusts,부동산 투자 신탁,5540,13707,677264697266.0,6.538461538461538,-2.464788732394366,-1.9441381384391758,-1.4234875444839858,1.4489017323211097,70,-44.161608325437385,27.0
357430,"MASTERN PREMIER REIT 1 Co., Ltd.",마스턴프리미어리츠보통주,KRX,Real estate investment trusts,부동산 투자 신탁,878,685,26997196026.0,63.80597014925373,-38.299367533380185,-41.09856555582748,-43.89776357827476,0.8632487262050077,70,26.987495442263082,59.0
104700,Kisco Corp.,한국철강보통주,KRX,Steel,스틸,9460,2301,300027208042.0,7.013574660633484,2.7144408251900107,-2.2702305677971513,-7.254901960784314,1.4432915235751027,70,-123.55608498501239,17.0
477340,HMCIB No.7 Special Purpose Acquisition Company,에이치엠씨아이비제7호기업인수목적,KRX,Financial conglomerates,금융지주회사,2055,20,15470600471.0,0.9828009828009828,0.9828009828009828,1.6108034764751182,2.2388059701492535,1.359602479005464,70,-27.547698303288197,32.0
462860,Dozn Inc.,더즌,KRX,Regional banks,지역 은행,3015,159197,220686921501.0,37.67123287671233,-7.230769230769231,-22.912736957543476,-38.59470468431772,1.3208509761588472,70,,
215380,Kolmar BioTech. Inc.,우정바이오,KRX,Agricultural commodities/Milling,농산물/제분,2235,957,38092174854.0,-8.588957055214724,-17.068645640074212,7.200971297609952,31.470588235294116,0.8849999564800815,70,,
027360,"AJU IB INVESTMENT CO., LTD.",아주아이비투자,KRX,Investment managers,투자 운용사,4015,347563,476813429260.0,-16.26694473409802,-53.69088811995386,12.37677816224529,78.44444444444444,0.91928900370797,70,950.8288419343344,97.0
263020,"DK&D Co., Ltd.",디케이앤디,KRX,Textiles,텍스타일,3090,3056,40050892110.0,2.8286189683860234,-0.6430868167202572,-0.48283373094077375,-0.3225806451612903,0.8417473487899452,70,,
262260,"APRO Co., LTD",에이프로,KRX,Electrical products,전기 제품,4525,1397,67714627670.99999,25.346260387811633,-9.5,-15.057017543859649,-20.614035087719298,1.1042936288088638,70,-577.669742119862,6.0
478390,KB No. 29 Special Purpose Acquisition Company,케이비제29호기업인수목적,KRX,Finance/Rental/Leasing,금융/렌탈/리스,2075,24,12875399566.0,1.9656019656019657,0.24154589371980675,0.484850616762816,0.7281553398058253,1.077151156298476,70,-4.139147898180301,43.0
002310,"Asia Paper Manufacturing Co., Ltd.",아세아제지보통주,KRX,Containers/Packaging,컨테이너/패키징,8230,1145,309811203003.0,5.512820512820513,-4.413472706155633,-1.9011128811951759,0.6112469437652812,1.0644604764110996,70,22.792073658785352,57.0
005810,Poongsan Holdings Corp.,풍산홀딩스보통주,KRX,Miscellaneous manufacturing,기타 제조업,36850,1721,504535741568.0,7.906295754026354,5.587392550143266,-2.808713363482584,-11.204819277108435,1.4772902835209916,70,30.26523963344473,61.0
461300,"i-Scream Media Co., Ltd.",아이스크림미디어,KRX,Packaged software,패키지 소프트웨어,18710,1093,236615620289.0,14.644607843137255,11.170528817587641,-7.943000698418656,-27.056530214424953,1.0920427182037091,70,101.14327746074586,81.0
065710,"Seoho Electric Co., Ltd",서호전기,KRX,Electrical products,전기 제품,44750,881,225249987245.0,-4.787234042553192,1.9362186788154898,4.818891529540116,7.701564380264741,0.9764413007027926,70,578.2503337699832,95.0
478440,Mirae Asset Vision Special Purpose Acquisition6 Company,미래에셋비전기업인수목적6호,KRX,Financial conglomerates,금융지주회사,2060,20,14275799646.0,1.477832512315271,0.24330900243309003,0.9858520320807425,1.728395061728395,1.1826442241745538,70,-6.143860011198182,42.0
479880,Korea No. 15 Special Purpose Acquisition Co. Ltd.,한국제15호기업인수목적,KRX,Financial conglomerates,금융지주회사,2070,2,14186549764.0,0.7299270072992701,0.7299270072992701,1.100257621296694,1.4705882352941178,0.9521253756977244,70,-313.13637586442485,9.0
009240,"Hanssem Co., Ltd",한샘보통주,KRX,Home furnishings,가정용 가구,39650,490,660692844391.0,16.96165191740413,-6.264775413711584,-9.174516309960005,-12.084257206208425,1.2799509809856486,70,-83.71868837791304,20.0
002840,"Miwon Commercial Co., Ltd",미원상사보통주,KRX,Chemicals: major diversified,화학: 주요 복합,136400,55,595039753914.0,11.074918566775244,0.2204261572373255,-5.4887452547146705,-11.197916666666666,1.136720273881295,70,85.03702881181678,78.0
039860,"NanoenTek, Inc.",나노엔텍,KRX,Medical specialties,의학 전문 분야,4220,8439,159609903488.0,4.455445544554456,-21.70686456400742,-1.500408372017775,18.70604781997187,0.8819331946111166,70,,
473950,SK Securities No.13 Special Purpose Acquisition Company,에스케이증권제13호기업인수목적,KRX,Finance/Rental/Leasing,금융/렌탈/리스,2050,5146,9061000156.0,0.24449877750611246,0.9852216748768473,0.6148602261914798,0.24449877750611246,0.4667156467173329,69,-20.325416479154264,35.0
215790,INNO INSTRUMENT INC.,이노인스트루먼트,KRX,Industrial machinery,산업용 기계,691,183512,27432333973.0,-33.55769230769231,-9.7911227154047,23.271859456777285,56.334841628959275,0.5400387509894511,69,,
002460,"HS HWASUNG Co., Ltd.",에이치에스화성보통주,KRX,Engineering & construction,엔지니어링 및 건설,11010,99,104395953760.0,0.4562043795620438,-4.675324675324675,0.6970197432625178,6.069364161849711,0.6006935977823282,69,44.768781013646986,67.0
213500,"Hansol Paper Co., Ltd.",한솔제지보통주,KRX,Pulp & paper,펄프 및 제지,7530,3180,177860748348.0,17.65625,-8.170731707317072,-10.759704173566476,-13.34867663981588,0.6066774958601147,69,,
311060,"LAT CO., LTD.",엘에이티,KRX,Industrial machinery,산업용 기계,3595,20,27552468061.0,6.518518518518518,-8.871989860583016,-3.0053797657707637,2.8612303290414878,0.8041795479449493,69,,
034590,"Incheon City Gas Co., Ltd.",인천도시가스 보통주,KRX,Gas distributors,가스 유통업체,26300,16,108820767975.0,2.734375,-2.0484171322160147,-0.4472854891849305,1.1538461538461537,0.8253787064890417,69,-15.717166198626837,37.0
047050,POSCO INTERNATIONAL Corporation,포스코인터내셔널보통주,KRX,Industrial conglomerates,산업 복합 기업,55900,73549,9425580215454.0,10.256410256410257,-23.73806275579809,-5.913075421943089,11.911911911911911,0.5547188493982491,69,113.43622584759683,83.0
365270,"Curacle Co., Ltd.",큐라클,KRX,Pharmaceuticals: major,의약품: 주요,9580,4012,212042413044.0,-15.371024734982333,-34.02203856749311,11.51357088018787,57.049180327868854,0.7597326341197874,69,17.76453841720769,54.0
477380,Mirae Asset Vision Special Purpose Acquisition 4 Company,미래에셋비전기업인수목적4호,KRX,Finance/Rental/Leasing,금융/렌탈/리스,2075,2,16726500788.000002,0.48426150121065376,0.0,0.9828009828009828,1.9656019656019657,0.7833851901648512,69,-1.3297531392119257,44.0
050960,"SOOSAN INT Co., Ltd.",수산아이앤티,KRX,Packaged software,패키지 소프트웨어,8700,18,58801209369.0,16.0,-3.0100334448160537,-9.637836741657305,-16.265640038498557,0.6172979550056166,69,120.48181016793525,84.0
006730,"Seobu T&D Co., Ltd.",서부티엔디,KRX,Oil refining/Marketing,정유/마케팅,11190,124303,662688188171.0,8.430232558139535,-15.227272727272727,-4.378622091514575,6.470028544243577,0.7449197683470694,69,,
331520,"VALOFE Co.,Ltd.",밸로프,KRX,Packaged software,패키지 소프트웨어,2215,1906,17909381866.0,30.064591896652967,-13.980582524271844,-19.256049354129107,-24.531516183986373,0.47220714618372206,69,,
053620,TAEYANG Corp.,태양,KRX,Chemicals: specialty,화학: 특수,6700,987,53975789909.0,3.7151702786377707,-5.233380480905233,-1.3934486502385495,2.4464831804281344,0.6499989213119788,69,1.0465172550447788,45.0
372910,Hancom Lifecare Inc.,한컴라이프케어보통주,KRX,Medical specialties,의학 전문 분야,2130,62150,57977880678.0,26.634958382877528,-8.779443254817988,-16.690606583161205,-24.601769911504423,0.6396194032542883,69,3191.763684606816,98.0
478560,"BLACK YAK I&C Co., Ltd.",블랙야크아이앤씨,KRX,Apparel/Footwear,어패럴/풋웨어,3160,956,81761080799.0,14.07942238267148,2.26537216828479,-8.145664431321524,-18.556701030927837,0.744370294275678,69,,
127120,"JS Link, Inc.",제이에스링크,KRX,Medical/Nursing services,의료/간호 서비스,31950,8181,1182695816803.0,-9.232954545454545,-17.2279792746114,7.398407056909175,32.02479338842975,0.7458624159636873,69,-14.527697796112555,38.0
226320,IT'S HANBUL CO. LTD.,잇츠한불보통주,KRX,Household/Personal care,가정/개인 위생용품,10530,659,184901041031.0,11.310782241014799,2.6315789473684212,-6.22453310696095,-15.080645161290322,0.7895930322293485,69,2318.2300017897446,98.0
300720,"Hanil Cement Co., Ltd.",한일시멘트보통주,KRX,Construction materials,건축 자재,16120,2312,1186284266205.0,16.55820679681851,-3.1831831831831834,-9.677915044529708,-16.172646905876235,0.8165336920095783,69,50.284449182354194,70.0
045520,"Clean & Science Co., Ltd",크린앤사이언스,KRX,Auto parts: OEM,자동차 부품: OEM,3195,5866,19513230329.0,17.032967032967033,0.4716981132075472,-10.319706498951781,-21.11111111111111,0.6213629138157453,69,,
432470,KNS CO. LTD,케이엔에스,KRX,Industrial machinery,산업용 기계,10230,7395,88504999037.0,31.66023166023166,-21.307692307692307,-19.73384615384615,-18.16,0.8237849717849719,69,-144.61314147641184,15.0
024720,KOLMAR HOLDINGS CO. LTD.,콜마홀딩스보통주,KRX,Household/Personal care,가정/개인 위생용품,9300,1087,316897414856.0,18.471337579617835,5.442176870748299,-10.922383026705601,-27.2869429241595,0.8351052158237726,69,-6.884869626277397,42.0
049120,"Fine DNC Co., Ltd.",파인디앤씨,KRX,Industrial machinery,산업용 기계,2795,11,30002705259.0,42.89366053169734,-20.142857142857142,-27.227715292932686,-34.312573443008226,0.8208350369193269,69,-227.5664536843912,12.0
104040,DSM Corp.,대성파인텍,KRX,Auto parts: OEM,자동차 부품: OEM,2545,6533,67151744814.00001,54.523375834851244,-22.290076335877863,-35.43796746086822,-48.58585858585859,0.5465698574195645,69,,
148150,"Se Gyung Hi Tech Co., Ltd.",세경하이테크,KRX,Electronic production equipment,전자 생산 장비,4150,13568,135856872597.00002,26.91131498470948,-3.150525087514586,-17.049472194339657,-30.948419301164726,0.5348426772799995,69,161.26509561234437,87.0
036030,"kt alpha Co., Ltd.",케이티알파,KRX,Specialty stores,전문점,4935,3430,241418579960.0,10.774410774410775,0.6116207951070336,-6.404715918235957,-13.421052631578947,0.4669347588227364,69,35.13250829983442,64.0
404990,"Shinhan Seobu T&D REIT Co., Ltd.",신한서부티엔디리츠보통주,KRX,Real estate investment trusts,부동산 투자 신탁,3915,192,241273075905.0,0.1278772378516624,-11.12372304199773,0.9316449725076286,12.987012987012987,0.6101378786452418,69,,
482520,Kyobo 16 Special Purpose Acquisition Company,교보16호기업인수목적,KRX,Financial conglomerates,금융지주회사,2065,109,12596499803.0,1.7241379310344827,-1.1961722488038278,0.014658973637301842,1.2254901960784315,0.6984505565961743,69,46.271996794615546,68.0
011780,"Kumho Petrochemical Co., Ltd.",금호석유화학보통주,KRX,Chemicals: specialty,화학: 특수,115900,4779,2675674971294.0,-3.4970857618651126,-5.695687550854353,2.5536858612841047,10.803059273422562,0.13337721202441744,68,236.7891013054392,90.0
007540,SEMPIO COMPANY,샘표보통주,KRX,Food: specialty/candy,식품: 특산품/과자,47300,2334,95533188915.0,10.902696365767879,-12.407407407407407,-6.881493067624454,-1.3555787278415015,0.2321827057324789,68,-34.712360422451596,30.0
005940,NH INVESTMENT & SECURITIES CO.LTD.,엔에이치투자증권보통주,KRX,Investment banks/Brokers,투자은행/중개사,26050,37319,9988315769196.0,-11.092150170648464,-16.10305958132045,7.6980916126714245,31.4992428066633,0.18199489934346946,68,74.30090847957587,76.0
013580,"Kye-Ryong Construction Industrial Co., Ltd.",계룡건설산업보통주,KRX,Engineering & construction,엔지니어링 및 건설,22350,3540,198857535219.0,0.9029345372460497,-14.038461538461538,-0.5513176818128818,12.935826174835775,0.03038320581069076,68,93.51036237978633,79.0
002920,"Yoosung Enterprise Co., Ltd",유성기업보통주,KRX,Auto parts: OEM,자동차 부품: OEM,1842,2684,47268340813.0,8.800945067926758,-4.1623309053069715,-5.915751918818899,-7.669172932330827,-0.029073124120636562,68,-335.22985208489735,9.0
383220,"F&F Co., Ltd.",F&F보통주,KRX,Apparel/Footwear,어패럴/풋웨어,69400,4512,2548112152863.0,-11.928934010152284,8.77742946708464,8.020863110667513,7.2642967542503865,0.04094426233959392,68,27.488607671802715,60.0
036190,"Geumhwa PSC Co., Ltd",금화피에스시,KRX,Engineering & construction,엔지니어링 및 건설,33850,240,199320407510.0,2.8875379939209727,-10.803689064558629,-1.8417179500008336,7.120253164556962,0.04998442756788868,68,-1.7759983271517656,44.0
160190,"HIGEN RNM Co., Ltd.",하이젠알앤엠,KRX,Electrical products,전기 제품,30200,35460,819907214355.0,36.65158371040724,-15.877437325905293,-23.814424877641912,-31.75141242937853,0.3719785575777488,68,-84.63880694095984,20.0
486630,KB No.30 Special Purpose Acquisition Company,케이비제30호기업인수목적,KRX,Financial conglomerates,금융지주회사,2050,15537,10885499883.0,1.2345679012345678,-1.6786570743405276,-0.34671769973184013,0.9852216748768473,0.28579654065472304,68,23.38319899830492,58.0
474660,Shinhan 12th Special Purpose Acquisition Company,신한제12호기업인수목적,KRX,Financial conglomerates,금융지주회사,2080,4,11481599960.0,1.2165450121654502,0.7263922518159807,-0.11299435028248583,-0.9523809523809523,0.41882139469668855,68,,
036460,Korea Gas Corporation,한국가스공사보통주,KRX,Gas distributors,가스 유통업체,35350,12932,3055439422607.0,7.446808510638298,-0.8415147265077139,-4.866633651913651,-8.891752577319588,0.05874321310712882,68,117.73034373904015,83.0
111380,"DONG IN ENTECH Co.,Ltd.",동인기연보통주,KRX,Home furnishings,가정용 가구,13000,37,75475980663.0,9.70464135021097,-6.204906204906205,-6.2387184232894395,-6.272530641672675,0.1386254861107239,68,,
011320,Unick Corporation,유니크,KRX,Auto parts: OEM,자동차 부품: OEM,3835,278,74481282606.0,0.13054830287206268,2.130492676431425,0.42174569471506895,-1.287001287001287,0.3052667379778664,68,37.35366012565166,65.0
158430,"ATON, Inc.",아톤,KRX,Packaged software,패키지 소프트웨어,5665,345925,127650971317.0,28.458049886621314,-6.9786535303776684,-18.563309502550116,-30.147965474722564,0.24523425311845592,68,68.91604241577849,75.0
250060,"Mobiis Co., Ltd.",모비스,KRX,Information technology services,정보 기술 서비스,3160,42465,97486212158.0,8.96551724137931,-29.933481152993348,-6.121302960109338,17.690875232774673,-0.08657487951387877,68,-56.78006622570712,24.0
138070,"Sinjin-SM Co., Ltd.",신진에스엠,KRX,Metal fabrication,금속 가공,1472,1456,25285136772.0,37.570093457943926,-17.303370786516854,-24.81260493348831,-32.32183908045977,0.14047442308458358,68,,
403360,"RAPEECH Co.,Ltd",라피치,KRX,Packaged software,패키지 소프트웨어,6800,1,25582242377.0,0.0,-5.947441217150761,0.23441710660458837,6.416275430359938,0.14065026396275315,68,,
083650,BHI Co. Ltd.,비에이치아이,KRX,Industrial machinery,산업용 기계,60400,19740,1853433877945.0,7.664884135472371,-38.241308793456035,-4.5217239154445945,29.197860962566846,0.3529193049221915,68,31.332336307966123,61.0
492220,"KB No.31 Special Purpose Acquisition Company Co., Ltd.",케이비제31호기업인수목적,KRX,Finance/Rental/Leasing,금융/렌탈/리스,2035,2,12606300077.0,0.9925558312655087,-1.4527845036319613,0.021737423994493188,1.4962593516209477,0.4100647869028994,68,,
307280,"Wonbiogen Co.,Ltd.",원바이오젠,KRX,Pharmaceuticals: major,의약품: 주요,5940,826,42346715527.0,7.2202166064981945,-15.625,-4.776785714285714,6.071428571428571,0.022015214027849783,68,29.659228794488072,60.0
318160,"Cell Bio Human Tech Co., Ltd",셀바이오휴먼텍,KRX,Household/Personal care,가정/개인 위생용품,7010,3667,57993951416.0,21.070811744386873,-1.267605633802817,-14.23712576601875,-27.206645898234683,-0.11395076185650055,68,90.14373925728417,79.0
009680,Motonic Corporation,모토닉보통주,KRX,Auto parts: OEM,자동차 부품: OEM,10100,3129,220873878307.0,3.4836065573770494,-5.25328330206379,-2.2274400542255077,0.7984031936127745,0.05697859041551512,68,3.2586521831758315,46.0
488060,EUGENE SPECIAL PURPOSE ACQUISITION 11 COMPANY,유진기업인수목적11호,KRX,Financial conglomerates,금융지주회사,2040,1,9628799572.0,0.2457002457002457,-0.7299270072992701,0.005406866720735315,0.7407407407407407,0.10152421831253947,68,363.65919210149457,93.0
134380,"Miwon Chemicals Co., Ltd",미원화학보통주,KRX,Chemicals: specialty,화학: 특수,10210,144,194456919613.0,-0.8737864077669902,-14.703425229741018,1.057898369111184,16.819221967963387,0.2852244583599144,68,144.00976836757857,86.0
487830,Shinhan 15th Special Purpose Acquisition Company,신한제15호기업인수목적,KRX,Financial conglomerates,금융지주회사,2045,1468,8830499806.0,0.24509803921568626,-1.4457831325301205,-0.3534334381862425,0.7389162561576355,-0.11402084722547098,68,,
005380,Hyundai Motor Company,현대자동차보통주,KRX,Motor vehicles,자동차,355000,66213,80951423435569.0,-29.702970297029704,-24.78813559322034,20.164071738273552,65.11627906976744,0.21725492415225034,68,-21.642323618441885,35.0
024110,Industrial Bank Of Korea,중소기업은행보통주,KRX,Regional banks,지역 은행,20550,86160,16267488427734.0,1.9851116625310175,-7.4324324324324325,-0.9968729632659854,5.438686505900462,0.19592088705281563,68,-2.3564362823458014,44.0
355690,ATUM CO. LTD,에이텀,KRX,Electronic production equipment,전자 생산 장비,5150,14134,48139055634.0,7.515657620041754,-0.9615384615384616,-5.202733464897958,-9.443928468257454,-0.11537703092207319,67,-76.50487278704203,21.0
115570,"Starflex Co., Ltd",스타플렉스,KRX,Miscellaneous manufacturing,기타 제조업,2745,2861,22170950541.0,5.780346820809249,-4.020979020979021,-4.682903303592958,-5.344827586206897,-0.4976032538320757,67,,
241560,Doosan Bobcat Inc.,두산밥캣보통주,KRX,Trucks/Construction/Farm machinery,트럭/건설/농기계,58700,22624,5522686614990.0,-6.08,-1.5100671140939597,3.1971723253059614,7.904411764705882,-0.5136966048164235,67,33.452061004231986,63.0
387570,"Finemedix Co., Ltd.",파인메딕스,KRX,Medical specialties,의학 전문 분야,6300,2892,34211519336.999996,27.144298688193743,-6.528189910979228,-18.950369465293534,-31.372549019607842,-0.5125022038986229,67,,
232680,RAON ROBOTICS Inc.,라온테크,KRX,Industrial machinery,산업용 기계,10570,33817,127334376726.0,-0.6578947368421053,-24.768683274021353,-0.13463610108605906,24.499411071849234,-0.3439395553884781,67,-25.222754107804494,33.0
006980,WOOSUNG CO. LTD.,우성보통주,KRX,Food: specialty/candy,식품: 특산품/과자,17410,40,44687222135.0,6.483180428134556,-14.656862745098039,-5.140181972069403,4.376498800959233,-0.4908370119878196,67,-119.08653059672963,17.0
058470,Leeno Industrial Inc.,리노공업,KRX,Semiconductors,세미컨덕터,73800,55433,5639043032837.0,-14.976958525345623,-25.977933801404212,9.648828374888446,45.275590551181104,-0.20148638520518247,67,49.2839775514104,69.0
052900,KX HITECH CO. LTD,케이엑스하이텍,KRX,Semiconductors,세미컨덕터,1125,67243,85089837181.0,-17.883211678832115,2.272727272727273,11.685341031412076,21.09795479009688,-0.14208005268559987,67,380.7440106903005,93.0
493790,Yuanta 17 Special Purpose Acquisition Company,유안타제17호기업인수목적,KRX,Financial conglomerates,금융지주회사,2010,1,10683719885.0,-0.7407407407407407,0.0,0.12468827930174564,0.24937655860349128,-0.2214833287152489,67,,
475250,Hana 33 Special Purpose Acquisition Co.,하나33호기업인수목적,KRX,Miscellaneous commercial services,기타 상업 서비스,2075,289,7714500099.0,0.48426150121065376,-0.954653937947494,-0.7171351224509652,-0.47961630695443647,-0.23657647298631762,67,0.2028930389204957,45.0
121060,UNIPOINT Corp.,유니포인트,KRX,Packaged software,패키지 소프트웨어,807,1,3369487661.0,-10.033444816053512,3.9948453608247423,6.304286745015332,8.613728129205922,-0.2308058794122052,67,,
068270,"Celltrion, Inc.",셀트리온보통주,KRX,Biotechnology,바이오테크놀로지,179800,43473,39275362774658.0,1.295774647887324,-7.455789808730981,-1.489325786991722,4.477138234747537,-0.37528561304010344,67,348.0780118969011,92.0
002620,JEIL PHARMA HOLDINGS INC.,제일파마홀딩스보통주,KRX,Pharmaceuticals: major,의약품: 주요,7590,37,115133435726.0,16.411042944785276,-10.705882352941176,-11.732251521298174,-12.758620689655173,-0.4749337348647935,67,,
014530,"Kukdong Oil & Chemicals Co., Ltd",극동유화보통주,KRX,Oil refining/Marketing,정유/마케팅,3320,3329,110099010429.0,7.967479674796748,-10.99195710455764,-5.64612870242897,-0.3003003003003003,-0.20068535153868286,67,,
005500,"Samjin Pharmaceutical Co., Ltd.",삼진제약보통주,KRX,Pharmaceuticals: major,의약품: 주요,18690,2811,216286069393.0,-0.10689470871191876,2.6923076923076925,-0.508560218761146,-3.7094281298299845,-0.3478940147414551,67,10.768890677086317,51.0
069510,Estec Corporation,에스텍,KRX,Electronics/Appliances,일렉트로닉스/어플라이언스,13250,1835,110170998001.0,12.383375742154367,-10.351826792963465,-9.136997482652685,-7.922168172341904,-0.528848192729864,67,28.06842590179625,60.0
015890,"Taekyung Industrial Co., Ltd.",태경산업보통주,KRX,Chemicals: major diversified,화학: 주요 복합,4725,246,138105844831.0,5.823068309070549,-2.0725388601036268,-4.438636293957138,-6.804733727810651,-0.3339544527460636,67,86.80757992316333,78.0
051390,YW COMPANY LIMITED,와이더블유,KRX,Telecommunications equipment,통신 장비,3965,692,32283462753.0,0.7623888182973316,-4.342581423401689,-0.9439005308222914,2.454780361757106,-0.26138479117444224,67,14.449667239038934,53.0
025770,"Korea Information & Communication Co., Ltd.",한국정보통신,KRX,Finance/Rental/Leasing,금융/렌탈/리스,7890,2667,276711164474.0,6.7658998646820026,2.069857697283312,-5.277363510162331,-12.624584717607974,-0.4600581602245972,67,-11.379969912337362,40.0
148780,BECU AI Inc.,비큐에이아이,KRX,Packaged software,패키지 소프트웨어,3870,9007,23615739448.0,63.29113924050633,-28.990825688073393,-42.91147530917891,-56.83212493028444,-0.43042948930481373,67,,
023590,DAOU TECHNOLOGY Inc.,다우기술보통주,KRX,Investment banks/Brokers,투자은행/중개사,38750,4462,1634142672729.0,6.019151846785226,-13.40782122905028,-4.480190937975275,4.44743935309973,-0.28045382407107433,67,84.7541118409741,78.0
037350,"Sungdo Engineering & Construction Co., Ltd.",성도이엔지,KRX,Engineering & construction,엔지니어링 및 건설,7630,10173,107361098766.0,-24.00398406374502,-21.09617373319545,15.59961772422064,52.29540918163673,-0.24182299096562332,67,-6.112071634159573,42.0
217730,"KANGSTEM BIOTECH Co., Ltd.",강스템바이오텍,KRX,Biotechnology,바이오테크놀로지,2130,75016,193751540375.0,-7.792207792207792,-32.59493670886076,4.419663119673206,41.43426294820717,-0.46508524507919446,67,12.120360953798867,51.0
489210,Kyobo 17 Special Purpose Acquisition Company,교보17호기업인수목적,KRX,Financial conglomerates,금융지주회사,2045,2,10541299651.0,1.7412935323383085,-3.764705882352941,-1.7598039215686274,0.24509803921568626,-0.35936494000585306,67,,
001250,GS Global Corp.,지에스글로벌보통주,KRX,Wholesale distributors,도매 유통업체,2585,33798,209125334816.0,-4.2592592592592595,1.7716535433070866,2.175509311336083,2.5793650793650795,-0.39839811690205396,67,-41.84097692942807,28.0
475240,Hana 32 Special Purpose Acquisition Company,하나32호기업인수목적,KRX,Financial conglomerates,금융지주회사,2090,43609,6688000100.0,0.7228915662650602,-1.1820330969267139,-0.9473110852804592,-0.7125890736342043,-0.27923002466225144,67,-5.692365026459501,42.0
123700,"SJM Co., Ltd",SJM보통주,KRX,Auto parts: OEM,자동차 부품: OEM,3340,8751,52198385324.0,6.369426751592357,-4.70756062767475,-5.77079565553891,-6.834030683403069,-0.9147066926864031,66,100.61949498435824,81.0
035600,"KGINICIS Co., Ltd.",케이지이니시스,KRX,Finance/Rental/Leasing,금융/렌탈/리스,9930,972,263789219170.0,3.8702928870292888,-2.4557956777996073,-4.121635979317261,-5.787476280834914,-0.9248644327786408,66,25.185975182926647,58.0
119830,"ITEK, Inc.",아이텍,KRX,Miscellaneous commercial services,기타 상업 서비스,6250,3646,164444215679.0,-4.725609756097561,2.459016393442623,2.0425163268026125,1.6260162601626016,-0.664734106357457,66,-88.89125151723765,19.0
112290,YCCHEM CO. LTD.,와이씨켐,KRX,Chemicals: major diversified,화학: 주요 복합,10800,38918,212725870132.0,-1.2797074954296161,-4.845814977973569,-0.4998305659098612,3.8461538461538463,-0.8117813377177631,66,,
307930,Company K Partners Limited,컴퍼니케이파트너스,KRX,Investment managers,투자 운용사,6450,605,101152797775.0,2.218700475435816,-10.540915395284328,-2.5743792662696148,5.392156862745098,-0.6571473695874426,66,-63.8341708683751,23.0
352090,"Stormtec Co., Ltd.",스톰테크,KRX,Industrial machinery,산업용 기계,3600,2981,97817710114.0,0.5586592178770949,-0.13869625520110956,-1.420699478951906,-2.7027027027027026,-0.6289560002203057,66,-1.9162630090889934,44.0
183190,"Asia Cement Co., Ltd",아세아시멘트보통주,KRX,Construction materials,건축 자재,10440,1112,364893419342.0,9.894736842105264,-0.9487666034155597,-7.792453620595761,-14.636140637775961,-0.7175774355153512,66,-58.18512475493241,24.0
001070,"Taihan Textile Co., Ltd",대한방직보통주,KRX,Textiles,텍스타일,5880,48,21312658143.0,12.64367816091954,-11.578947368421053,-9.707968982016169,-7.836990595611285,-0.7673101248418854,66,-27.167279579449122,32.0
009290,"Kwang Dong Pharmaceutical Co., Ltd.",광동제약보통주,KRX,Pharmaceuticals: other,의약품: 기타,6410,27266,300585142708.0,11.478260869565217,-25.029239766081872,-8.919302157288428,7.190635451505017,-0.7602769465469692,66,-25.059771188039527,33.0
005800,"Shinyoung Wacoal, Inc.",신영와코루보통주,KRX,Apparel/Footwear,어패럴/풋웨어,13510,163,121590000000.0,13.243922883487008,-15.138190954773869,-9.93157784692149,-4.724964739069112,-0.6613775547580907,66,-55.11663934642635,25.0
140520,"DaeChang Steel Co., Ltd.",대창스틸,KRX,Steel,스틸,2020,3,42194563704.0,7.618540223761321,-3.579952267303103,-6.5998195340989785,-9.619686800894854,-0.912475630954859,66,,
256150,"Handok Clean Tech Co., Ltd.",한독크린텍,KRX,Electrical products,전기 제품,4955,4948,37972489300.0,12.613636363636363,-4.711538461538462,-9.93282402528978,-15.154109589041095,-0.9142398697193217,66,100.3370383548122,81.0
489730,DB Finance No 13 Special Purpose Acquisition Co. Ltd.,디비금융제13호기업인수목적,KRX,Finance/Rental/Leasing,금융/렌탈/리스,2025,51,12853959551.0,0.746268656716418,-2.8776978417266186,-1.5620016302229152,-0.24630541871921183,-0.638693515447182,66,,
003480,"Hanjin Heavy Industries & Construction Holdings Co., Ltd.",한진중공업홀딩스보통주,KRX,Gas distributors,가스 유통업체,4750,661,122751117458.0,2.591792656587473,2.150537634408602,-2.6284348864994027,-7.407407407407407,-0.5403438692646524,66,,
196700,"WAPS Co., Ltd.",웹스,KRX,Chemicals: specialty,화학: 특수,1300,1701,18831391960.0,31.71225937183384,-34.90235353029544,-22.468477803210007,-10.034602076124568,-0.7961829331924668,66,103.47643418910583,81.0
115180,"Qurient Co., Ltd.",큐리언트,KRX,Biotechnology,바이오테크놀로지,22900,4321,848150039673.0,-2.9661016949152543,-42.24464060529634,0.9355777464393071,44.115796098174954,-0.6250940301025167,66,-63.89749635607915,23.0
058650,SeAH Holdings Corporation,세아홀딩스보통주,KRX,Steel,스틸,126500,146,503337653399.0,8.11965811965812,-15.946843853820598,-6.550657699268022,2.845528455284553,-0.6825313716975657,66,258.9442195902412,90.0
004970,"Silla Co., Ltd",신라교역보통주,KRX,Agricultural commodities/Milling,농산물/제분,9030,4,141749298630.0,1.9187358916478556,-2.4838012958963285,-2.588883406568854,-2.6939655172413794,-0.7858356872821701,66,,
170790,"Piolink, Inc.",파이오링크,KRX,Computer peripherals,컴퓨터 주변기기,8290,1100,51448610148.0,7.522697795071336,-7.374301675977653,-6.584878110716099,-5.795454545454546,-0.9418477484011254,66,-43.112387748435125,27.0
214320,"INNOCEAN Worldwide, Inc.",이노션보통주,KRX,Advertising/Marketing services,광고/마케팅 서비스,18030,7043,722000000000.0,-0.05543237250554324,-0.27654867256637167,-1.2234615310742871,-2.1703743895822027,-0.7562498676467897,66,46.357469212190516,68.0
0041L0,Hana Thirty-Five Special Purpose Acquisition Co.,하나35호기업인수목적,KRX,Finance/Rental/Leasing,금융/렌탈/리스,1990,3,11921310415.0,-1.4851485148514851,-0.7481296758104738,-0.5493277322467491,-0.35052578868302453,-0.9236560452886435,66,,
0041J0,"LS Special Purpose Acquisition No1 Company Co., Ltd.",엘에스기업인수목적1호,KRX,Finance/Rental/Leasing,금융/렌탈/리스,1988,71,8170680265.0,-0.5005005005005005,-1.3399503722084367,-1.217238867696258,-1.0945273631840795,-0.9305435208179552,66,,
487360,Shinhan 14th Special Purpose Acquisition Co.,신한제14호기업인수목적,KRX,Financial conglomerates,금융지주회사,2025,6094,11420999730.0,0.49627791563275436,-2.4096385542168677,-1.3279719864680397,-0.24630541871921183,-0.5982720256277222,66,,
005490,POSCO Holdings Inc.,포스코홀딩스보통주,KRX,Steel,스틸,313000,19729,23028993087769.0,-4.427480916030534,-9.143686502177069,1.521346713069172,12.186379928315413,-0.8581843385707106,66,215.41461561192887,89.0
005070,"Cosmo AM&T Co., Ltd.",코스모신소재보통주,KRX,Electronic equipment/Instruments,전자 장비/기기,43300,26732,1379576846695.0,10.88348271446863,-18.60902255639098,-8.601935165783312,1.405152224824356,-0.8077680136825347,66,-92.82874747307935,19.0
010240,"Heungkuk Metaltech Co., Ltd.",흥국,KRX,Metal fabrication,금속 가공,5200,3496,54736920319.0,-4.23572744014733,-0.3831417624521073,1.498289953764006,3.3797216699801194,-0.7953170038005283,66,85.97367895567591,78.0
066900,"DAP Co., Ltd.",디에이피,KRX,Electronic components,전자 부품,1751,209,28819884949.0,-5.248917748917749,24.18439716312057,1.8876531270148291,-20.40909090909091,-0.9669752233582014,66,2.5926019954769597,46.0
027710,"FarmStory Co., Ltd.",팜스토리,KRX,Agricultural commodities/Milling,농산물/제분,1115,9682,123874527588.0,10.724925521350546,-14.493865030674847,-9.433896494754233,-4.373927958833619,-1.370367688312322,65,116.48561365004761,83.0
016610,"DB Securities Co.,Ltd",DB증권보통주,KRX,Investment banks/Brokers,투자은행/중개사,10200,1934,412212664490.0,7.822410147991543,-18.4,-6.892307692307692,4.615384615384615,-1.0064205561879978,65,81.89480690074373,77.0
004560,"Hyundai BNG Steel Co., Ltd.",현대비앤지스틸보통주,KRX,Steel,스틸,12490,1103,187278828793.0,4.431438127090301,-18.366013071895424,-4.593845696786873,9.178321678321678,-0.9837321672360031,65,60.17999623852877,73.0
000050,"Kyungbang Co., Ltd.",경방보통주,KRX,Textiles,텍스타일,7950,3565,199073006115.0,-1.8518518518518519,-13.867822318526544,-0.8690310464282929,12.129760225669958,-1.2621593685977168,65,-24.2486525959306,33.0
487720,Kiwoom No.10 Special Purpose Acquisition Company,키움제10호기업인수목적,KRX,Financial conglomerates,금융지주회사,2030,5048,8608050039.0,0.49504950495049505,-2.4038461538461537,-2.049380704041721,-1.694915254237288,-1.0316086204448345,65,,
004360,"Sebang Co., Ltd.",세방보통주,KRX,Other transportation,기타 교통수단,13300,213,276769122477.0,8.394458027709861,-10.857908847184987,-7.34507879090992,-3.832248734634852,-1.0492640634620074,65,7.726587116969502,49.0
0072Z0,KB No.33 Special Purpose Acquisition Company,케이비제33호기업인수목적,KRX,Financial conglomerates,금융지주회사,1962,117,15478255449.0,-1.1586901763224182,-1.9,-1.479500756429652,-1.059001512859304,-1.3511765243867586,65,,
156100,"L&K BIOMED Co., Ltd.",엘앤케이바이오메드,KRX,Medical specialties,의학 전문 분야,6080,39668,132095254439.99998,32.751091703056765,-24.56575682382134,-24.043884701218843,-23.52201257861635,-1.3258941395086001,65,,
003240,"Taekwang Industrial Co., Ltd.",태광산업보통주,KRX,Oil refining/Marketing,정유/마케팅,903000,64,765884205699.0,8.533653846153847,-20.159151193633953,-7.640551206573074,4.878048780487805,-1.1708691854823057,65,,
145990,Samyang Corporation,삼양사보통주,KRX,Food: major diversified,식품: 주요 다각화,45250,306,453016346987.0,5.110336817653891,0.22148394241417496,-5.699804903792913,-11.62109375,-1.375748215214191,65,-181.50549506622355,13.0
155650,"YMC Co., Ltd. (Korea)",와이엠씨,KRX,Electronic production equipment,전자 생산 장비,3280,15198,56287231350.0,6.4935064935064934,-5.475504322766571,-6.540569062791736,-7.605633802816901,-1.3269388402724445,65,104.83390418731292,81.0
079170,"HANCHANG INDUSTRY Co., Ltd.",한창산업,KRX,Chemicals: specialty,화학: 특수,5730,100,29519826436.0,21.914893617021278,-10.46875,-16.777999161073826,-23.08724832214765,-1.3008420498357838,65,-40.40416830093724,28.0
330350,"WITHUS PHARMACEUTICAL Co., Ltd.",위더스제약,KRX,Pharmaceuticals: major,의약품: 주요,7220,7063,94492100945.0,5.865102639296188,-14.047619047619047,-5.672458172458173,2.7027027027027026,-1.0574338477564287,65,36.66351382325122,64.0
063760,ELP Corp.,이엘피,KRX,Industrial machinery,산업용 기계,2380,6300,20272429490.0,-4.609218436873747,-14.234234234234235,0.9316633706877608,16.097560975609756,-1.2846893523368426,65,,
043360,DIGITAL GRAPHICS Inc.,디지아이,KRX,Industrial machinery,산업용 기계,2280,3416,20957226562.0,5.0691244239631335,-10.76320939334638,-5.05047886885862,0.6622516556291391,-1.0026375517299186,65,-15.546013990439073,37.0
0044K0,Samsung Special Purpose Acquisition 10 Co.,삼성기업인수목적10호,KRX,Finance/Rental/Leasing,금융/렌탈/리스,1986,4,14867039962.0,-0.7,-3.1219512195121952,-1.6112774206212888,-0.1006036217303823,-1.2467664523727733,65,,
075130,"Plantynet Co., Ltd.",플랜티넷,KRX,Internet software/Services,인터넷 소프트웨어/서비스,2170,88,32737993021.0,15.425531914893616,-1.3636363636363635,-12.274738535800482,-23.1858407079646,-1.1946303555228424,65,-56.91942251320846,24.0
117730,T-ROBOTICS Co. Ltd.,티로보틱스,KRX,Industrial machinery,산업용 기계,14400,24800,324159071102.0,-5.075807514831905,-18.459796149490373,1.6323166336233683,21.72442941673711,-1.0509330257587415,65,-785.3932318250495,4.0
040420,"JLS Co., Ltd.",정상제이엘에스,KRX,Internet software/Services,인터넷 소프트웨어/서비스,5820,1283,87092869577.0,3.5587188612099645,0.3448275862068966,-4.358836206896552,-9.0625,-1.1918141796539454,65,25.919511533083096,59.0
482690,Daishin Balance No. 19 Special Purpose Acquisition Co.,대신밸런스제19호기업인수목적,KRX,Miscellaneous,기타 (Miscellaneous),2065,42259,11594974527.0,0.48661800486618007,-3.051643192488263,-2.5921723071446054,-2.132701421800948,-1.3606561823402914,65,,
094280,"Hyosung ITX Co., Ltd",효성아이티엑스 보통주,KRX,Miscellaneous commercial services,기타 상업 서비스,12050,379,143374310983.0,2.2052586938083123,-0.9860312243221035,-3.6423157676820472,-6.298600311041991,-1.3032859830859034,65,5.081013828575794,48.0
041920,"MEDIANA Co., Ltd.",메디아나,KRX,Medical specialties,의학 전문 분야,9400,29896,164399754467.0,-20.338983050847457,-55.23809523809524,11.565013102015001,78.36812144212524,-1.1965853591299833,65,,
0037T0,KB No.32 Special Purpose Acquisition Company,케이비제32호기업인수목적,KRX,Financial conglomerates,금융지주회사,1985,8,12565049849.0,-0.5511022044088176,-1.7326732673267327,-1.3650897508703488,-0.9975062344139651,-1.0394947322857364,65,,
481890,NH SPECIAL PURPOPSE ACQUISITION 31 COMPANY,엔에이치기업인수목적31호,KRX,Financial conglomerates,금융지주회사,2070,2,13134149566.0,-0.4807692307692308,-3.0444964871194378,-1.5222482435597189,0.0,-1.1056566384435236,65,-18.226286799931614,36.0
016580,"Whan In Pharmaceutical Co., Ltd.",환인제약보통주,KRX,Pharmaceuticals: major,의약품: 주요,10090,593,185948533592.0,3.8065843621399176,-2.133850630455868,-4.223842678273431,-6.3138347260909935,-1.0116718621080916,65,42.666997518385564,66.0
496070,Shinhan 16th Special Purpose Acquisition Company,신한제16호기업인수목적,KRX,Financial conglomerates,금융지주회사,1992,1,11150079773.0,-0.8955223880597015,-2.5916870415647923,-1.6200330469669348,-0.6483790523690773,-1.3302287834040416,65,,
009140,"KIE CO., LTD.",경인전자보통주,KRX,Electronic components,전자 부품,21700,67,28851193762.0,-4.824561403508772,-3.125,1.3643292682926829,5.853658536585366,-1.1112270004278992,65,115.85985988421855,83.0
484130,Hana Thirty-four Special Purpose Acquisition Company,하나34호기업인수목적,KRX,Miscellaneous,기타 (Miscellaneous),2020,3171,9130399961.0,-0.9803921568627451,-3.349282296650718,-1.9209465670445707,-0.49261083743842365,-1.5447248029718408,64,,
129890,"ABKO Co., Ltd.",앱코,KRX,Electronics/Appliances,일렉트로닉스/어플라이언스,931,708,42175226425.0,1.7486338797814207,0.5399568034557235,-4.3153874519306745,-9.170731707317072,-1.8897789192458365,64,-82.20338484626865,20.0
332190,"OceansBio Co., Ltd.",오션스바이오,KRX,Packaged software,패키지 소프트웨어,2515,3,,-30.811554332874827,86.29629629629629,17.853452666812192,-50.58939096267191,-1.6125501330626175,64,,
066830,GenoTech Corp,제노텍,KRX,Biotechnology,바이오테크놀로지,1200,11,6800616074.0,0.08340283569641367,-14.224446032880628,-2.517136574220114,9.1901728844404,-1.476920810253503,64,,
001200,"Eugene Investment & Securities Co., Ltd.",유진투자증권보통주,KRX,Investment banks/Brokers,투자은행/중개사,4110,43563,379754883080.0,-6.164383561643835,-10.065645514223196,1.2685471059021012,12.602739726027398,-1.7046251611162742,64,108.94693529597754,82.0
008260,"N.I. Steel Co., Ltd.",NI스틸보통주,KRX,Steel,스틸,3275,6003,91608742714.0,7.730263157894737,-6.428571428571429,-7.728174603174604,-9.027777777777779,-1.5447994987468674,64,-3.3563193231954807,43.0
000520,"Samil Pharmaceutical Co., Ltd.",삼일제약보통주,KRX,Pharmaceuticals: major,의약품: 주요,8210,18958,174556955910.0,19.854014598540147,-13.213530655391121,-16.203222020608948,-19.19291338582677,-1.780327372949309,64,-119.52418856152258,17.0
003460,"Yuhwa Securities Co., Ltd.",유화증권보통주,KRX,Investment banks/Brokers,투자은행/중개사,2995,1575,181214383392.0,-4.313099041533547,-10.46337817638266,0.026613494834499818,10.51660516605166,-1.7092715197127188,64,-11.556520336601803,39.0
011230,"Samwha Electronics Co., Ltd.",삼화전자공업보통주,KRX,Electronic production equipment,전자 생산 장비,2705,18622,51364303360.0,8.2,4.844961240310077,-8.487924004122418,-21.820809248554912,-1.8127544024734514,64,24.00822111131151,58.0
219550,DYD Co. LTD.,디와이디,KRX,Household/Personal care,가정/개인 위생용품,1159,2136,47875747620.0,5.363636363636363,-27.5625,-6.74384842519685,14.0748031496063,-1.9008545096635645,64,,
053690,"HanmiGlobal Co., Ltd.",한미글로벌건축사사무소보통주,KRX,Engineering & construction,엔지니어링 및 건설,21600,11915,216012658310.0,18.226600985221676,-23.674911660777386,-14.675883777986947,-5.676855895196507,-1.5148898727034978,64,-20.39621099479034,35.0
208850,EB TECH CO. LTD.,이비테크,KRX,Electronic equipment/Instruments,전자 장비/기기,5200,3,11727299881.0,-6.976744186046512,3.1746031746031744,1.5873015873015872,0.0,-1.8383167220376524,64,,
474930,Shinhan 13th Special Purpose Acquisition Co.,신한제13호기업인수목적,KRX,Financial conglomerates,금융지주회사,2080,2198,7565799761.0,-0.7159904534606205,-1.8867924528301887,-2.6835354375519853,-3.480278422273782,-1.8965174439154393,64,,
066980,HANSUNG CLEANTECH CO. LTD.,한성크린텍,KRX,Internet software/Services,인터넷 소프트웨어/서비스,1510,60446,78716834564.0,-26.341463414634145,11.851851851851851,14.453057708871661,17.05426356589147,-1.8647507405306625,64,,
045340,Total Soft Bank Ltd.,토탈소프트뱅크,KRX,Packaged software,패키지 소프트웨어,6870,320,58708152103.0,9.92,1.6272189349112427,-8.96390809694719,-19.55503512880562,-1.4103448581683145,64,18.51855319570561,54.0
023600,"SAMBO CORRUGATED BOARD Co., Ltd.",삼보판지,KRX,Containers/Packaging,컨테이너/패키징,9010,9,144394855843.0,5.257009345794392,-6.728778467908903,-6.4373059006211175,-6.145833333333333,-1.759579802054914,64,29.499682912810663,60.0
067630,"HLB Life Science Co.,Ltd.",에이치엘비생명과학,KRX,Medical distributors,의료 유통업체,3405,221989,319239500122.0,5.41795665634675,-11.558441558441558,-6.4313946922642575,-1.3043478260869565,-1.691654152819855,64,-271.71495976870165,10.0
032560,"Hwangkum Steel & Technology Co., Ltd.",황금에스티보통주,KRX,Steel,스틸,5480,746,93268407555.0,5.996131528046422,-7.744107744107744,-6.793016071366587,-5.841924398625429,-1.6773570316013835,64,71.50898338507406,76.0
121600,"Advanced Nano Products Co., Ltd",나노신소재,KRX,Chemicals: specialty,화학: 특수,53200,7730,624392524052.0,1.5267175572519085,-18.654434250764528,-3.968216084799537,10.718002081165453,-1.7702426279789591,64,,
123410,Korea Fuel-Tech Corporation,코리아에프티,KRX,Auto parts: OEM,자동차 부품: OEM,5920,1575,164540657101.0,10.242085661080074,-13.953488372093023,-9.311687825337977,-4.669887278582931,-1.490178430770757,64,2.6760931636679492,46.0
115310,"INFOvine Co., Ltd.",인포바인,KRX,Information technology services,정보 기술 서비스,9450,98,69850176668.0,38.970588235294116,-29.37219730941704,-29.106279377600085,-28.84036144578313,-1.8755323324424058,64,3282.4978193415623,98.0
000970,"Korea Cast Iron Pipe Ind. Co., Ltd.",한국주철관공업보통주,KRX,Metal fabrication,금속 가공,6550,1163,141111970215.0,1.8662519440124417,-2.5297619047619047,-3.9382913570052294,-5.3468208092485545,-1.6164740365981611,64,24.55847561074165,58.0
110990,DIT Corp.,디아이티,KRX,Computer peripherals,컴퓨터 주변기기,17410,8923,327516171055.0,-12.731829573934837,-9.886128364389235,5.592401742701072,21.07093184979138,-1.7372907839532914,64,80.84997221582265,77.0
318010,"Pharmsville Co., Ltd.",팜스빌,KRX,Drugstore chains,약국 체인,3460,112,26816569262.0,5.81039755351682,0.5813953488372093,-6.459302325581396,-13.5,-1.5514223739421091,64,12.898071740296821,52.0
073560,"Woorison F&G Co., Ltd.",우리손에프앤지 농업회사법인,KRX,Agricultural commodities/Milling,농산물/제분,1518,9304,105864352142.0,-0.13157894736842105,-6.296296296296297,-2.6827226162332547,0.9308510638297872,-1.6622651486873212,64,,
020710,"Sigong Tech Co., Ltd.",시공테크,KRX,Other consumer services,기타 소비자 서비스,3640,14792,69039553528.0,6.122448979591836,-9.0,-7.227272727272727,-5.454545454545454,-1.8873840445269014,64,11.758591423916872,51.0
477470,Mirae Asset Vision Special Purpose Acquisition 5 Company,미래에셋비전기업인수목적5호,KRX,Investment managers,투자 운용사,2075,5,11316200039.0,-0.7177033492822966,-4.597701149425287,-2.17807762785274,0.24154589371980675,-1.5939279164245628,64,1.917957764865477,46.0
046310,BG T&A Co.,백금티앤에이,KRX,Aerospace & defense,항공우주 및 방위산업,2340,119,37631979904.0,21.93850964043773,-19.031141868512112,-18.819918760343015,-18.608695652173914,-2.516547400030716,63,-59.01348456501843,24.0
016360,"Samsung Securities Co., Ltd.",삼성증권보통주,KRX,Investment banks/Brokers,투자은행/중개사,90100,29411,8135230278015.0,-18.31368993653672,-7.209062821833162,8.533399623566178,24.275862068965516,-2.205436200474982,63,76.83596768231757,76.0
032640,LG Uplus Corp,LG유플러스보통주,KRX,Major telecommunications,주요 통신사,14700,74971,6134556738281.0,0.6160164271047228,-8.125,-4.567550505050505,-1.0101010101010102,-2.494123732188414,63,13.652892579679914,52.0
115450,"HLB Therapeutics Co., Ltd.",에이치엘비테라퓨틱스,KRX,Medical distributors,의료 유통업체,2580,149641,187330961823.0,15.178571428571429,-12.542372881355933,-13.474935113620955,-14.407497345885977,-2.0135324967440016,63,-6754.363448202483,1.0
026960,"Dongsuh Companies, Inc.",동서보통주,KRX,Food: major diversified,식품: 주요 다각화,25550,3092,2501348470688.0,5.360824742268041,-8.093525179856115,-7.251890795056263,-6.410256410256411,-2.2068045801265415,63,-0.7553881874072306,45.0
424760,Bellock Inc.,벨로크,KRX,Information technology services,정보 기술 서비스,2095,1328,20833158417.0,4.75,-18.7984496124031,-6.813883440739703,5.170682730923695,-2.1883300644438215,63,,
004270,Namsung Corporation,남성보통주,KRX,Electronic equipment/Instruments,전자 장비/기기,5670,314,23083481698.0,15.352228028284356,-1.8507673634171649,-13.773128787518203,-25.69549021161924,-2.122986061197179,63,,
009320,AJIN ELECTRONIC COMPONENTS CO. LTD,아진전자부품보통주,KRX,Electronic components,전자 부품,991,395,49349070126.0,-0.9,-3.7864077669902914,-3.314772510946126,-2.843137254901961,-2.348863506567676,63,2.183496746572885,46.0
274090,KENCOA AEROSPACE CORPORATION,켄코아에어로스페이스,KRX,Aerospace & defense,항공우주 및 방위산업,13270,143418,178100497999.0,7.016129032258065,-37.405660377358494,-8.384648370497429,20.636363636363637,-2.224337409395231,63,8.670393850209464,49.0
192400,"Cuckoo Holdings Co., Ltd.",쿠쿠홀딩스보통주,KRX,Electronics/Appliances,일렉트로닉스/어플라이언스,27100,171,846885974884.0,7.5396825396825395,-3.900709219858156,-8.520867430441898,-13.14102564102564,-2.0966474423921233,63,64.53521700664994,74.0
074600,WONIK QnC Corporation,원익큐엔씨,KRX,Industrial machinery,산업용 기계,29200,12870,774181603146.0,-18.88888888888889,-6.7092651757188495,8.641121127639515,23.991507430997878,-2.3708828789718472,63,,
017550,SOOSAN CEBOTICS,수산세보틱스보통주,KRX,Trucks/Construction/Farm machinery,트럭/건설/농기계,1815,28431,113628812016.0,-3.4060670569451834,-3.8155802861685215,-1.9077901430842608,0.0,-2.5071009086286296,63,98.90985222680906,80.0
314140,RPbio Inc.,알피바이오,KRX,Pharmaceuticals: major,의약품: 주요,5940,1152,51466561460.0,12.287334593572778,-6.161137440758294,-11.830568720379148,-17.5,-2.183407394798377,63,,
134790,"Sidiz, Inc.",시디즈보통주,KRX,Office equipment/Supplies,사무용품/소모품,19110,20,31715517722.0,9.324942791762014,0.15723270440251572,-10.025767781410432,-20.20876826722338,-2.2854835521414536,63,,
095570,"AJ Networks Co., Ltd.",AJ네트웍스보통주,KRX,Finance/Rental/Leasing,금융/렌탈/리스,4325,5528,191758245144.0,6.004901960784314,-16.666666666666668,-8.101045296167248,0.4645760743321719,-2.4586663933866233,63,281.755741099987,91.0
033240,"Jahwa Electronics Co., Ltd",자화전자보통주,KRX,Electronic components,전자 부품,26200,8285,527768720627.0,-9.342560553633218,-22.023809523809526,2.2731193926846096,26.570048309178745,-2.3731525858425213,63,,
024090,DCM Corp,디씨엠보통주,KRX,Steel,스틸,11480,482,98810466080.0,3.6101083032490973,-7.344632768361582,-5.79908869443934,-4.253544620517098,-2.035409895363965,63,45.71110008716617,68.0
033250,"Chasys Co., Ltd",체시스보통주,KRX,Auto parts: OEM,자동차 부품: OEM,4180,4036,26752000399.0,23.485967503692763,-14.08016443987667,-18.8316727135398,-23.583180987202926,-1.9046166266467743,63,26.633962230779574,59.0
232140,YC Corporation,와이씨,KRX,Electronic equipment/Instruments,전자 장비/기기,14100,294449,1143739059448.0,7.469512195121951,-20.786516853932586,-8.363738131763341,4.059040590405904,-2.0304380010092244,63,637.8837415342925,95.0
0041B0,Kyobo 18 Special Purpose Acquisition Company,교보18호기업인수목적,KRX,Financial conglomerates,금융지주회사,2005,115,10105199924.0,-1.7156862745098038,-3.3734939759036147,-2.6647420979762573,-1.9559902200488997,-2.2851197685896762,63,,
0004Y0,"DB Finance No.14 Special Purpose Acquisition Co., Ltd.",디비금융제14호기업인수목적,KRX,Financial conglomerates,금융지주회사,1981,13,10624685114.0,-1.4427860696517414,-4.759615384615385,-2.8548076923076926,-0.95,-2.289999043245312,63,,
477760,"DB Finance No.12 Special Purpose Acquisition Co., Ltd.",디비금융제12호기업인수목적,KRX,Financial conglomerates,금융지주회사,2070,24,12059600315.0,0.0,-6.966292134831461,-3.9616149669372613,-0.9569377990430622,-2.3769689801623572,63,21.245858791286224,56.0
079370,"Zeus Co., Ltd.",제우스,KRX,Electronic production equipment,전자 생산 장비,12550,120562,389593221855.0,21.844660194174757,-17.16171617161716,-18.278995529610764,-19.396274887604367,-2.229533240096557,63,-67.41790281517315,22.0
072710,"Nongshim Holdings Co., Ltd.",농심홀딩스보통주,KRX,Food: major diversified,식품: 주요 다각화,90000,63,417401118279.0,4.895104895104895,-2.2801302931596092,-7.4507447582302895,-12.62135922330097,-2.512404896896216,63,93.57623121810066,79.0
357120,"KORAMCO LIFE INFRA REIT Co., Ltd",코람코라이프인프라리츠보통주,KRX,Real estate investment trusts,부동산 투자 신탁,4180,1901,417568651657.0,3.082614056720099,-6.696428571428571,-5.685728538849975,-4.67502850627138,-2.178391500621946,63,-54.59447696387172,25.0
111770,Youngone Corp.,영원무역보통주,KRX,Apparel/Footwear,어패럴/풋웨어,70400,4731,2949415761566.0,-5.503355704697986,-14.355231143552311,0.24489666313412162,14.845024469820554,-2.0544042839987218,63,37.0936336400027,65.0
105740,DK-Lok Corporation,디케이락,KRX,Industrial machinery,산업용 기계,8100,9660,78838458700.0,16.379310344827587,-15.625,-14.727393617021278,-13.829787234042554,-2.284712032281731,63,,
039340,"Korea Economic Broadcasting CO.,LTD.",한국경제티브이,KRX,Internet software/Services,인터넷 소프트웨어/서비스,4845,42,77680563831.0,3.747323340471092,-2.318548387096774,-7.273404628330995,-12.228260869565217,-2.865113440810161,62,,
066590,SMOTRONIC CO. LTD.,우수AMS,KRX,Auto parts: OEM,자동차 부품: OEM,2310,2855,89152643757.0,18.34016393442623,-14.12639405204461,-16.959030359355637,-19.791666666666668,-2.8393526418428916,62,,
023000,"SAMWONSTEEL Co., Ltd.",삼원강재 보통주,KRX,Auto parts: OEM,자동차 부품: OEM,2200,4321,86658406410.0,4.265402843601896,-5.172413793103448,-7.225382154283683,-9.278350515463918,-2.6290681551294517,62,45.681831163952154,68.0
066310,"QSI Co., Ltd.",큐에스아이,KRX,Semiconductors,세미컨덕터,8380,18558,74309447994.0,5.941845764854614,-23.818181818181817,-8.871116225546604,6.075949367088608,-2.9459314293861167,62,539.3875025069159,94.0
072020,Choong Ang Vaccine Laboratory,중앙백신연구소,KRX,Pharmaceuticals: major,의약품: 주요,9120,2077,81954549694.0,-2.978723404255319,0.8849557522123894,-2.788291354663036,-6.461538461538462,-2.8644641744999495,62,55.91287216625441,72.0
058860,ktis Corporation,케이티아이에스보통주,KRX,Miscellaneous commercial services,기타 상업 서비스,2600,111698,78845937347.0,5.691056910569106,-6.642728904847397,-8.260705873567545,-9.878682842287695,-2.680000759912885,62,86.39305506621983,78.0
344820,KCC GLASS Corporation,케이씨씨글라스보통주,KRX,Industrial specialties,산업 분야,23800,139,377856984329.0,7.6923076923076925,-4.990019960079841,-9.99500998003992,-15.0,-2.9200829111008755,62,-56.42397950598966,25.0
030200,KT Corporation,케이티보통주,KRX,Major telecommunications,주요 통신사,53000,33529,12705709780884.0,0.1890359168241966,-14.239482200647249,-4.851496524386741,4.536489151873767,-2.8352835479023657,62,49.98078265929813,70.0
209640,"YJ Link Co., Ltd",와이제이링크,KRX,Industrial machinery,산업용 기계,3915,928949,106946228027.0,-12.318029115341545,-12.02247191011236,3.851149366044738,19.724770642201836,-2.616522026509776,62,,
040160,NuriFlex Co.Ltd.,누리플렉스,KRX,Electronic equipment/Instruments,전자 장비/기기,6400,1150,72206449051.0,-20.398009950248756,-38.16425120772947,9.157483198091256,56.479217603911984,-2.664714061244748,62,,
018620,"WooGene B&G Co., Ltd.",우진비앤지,KRX,Pharmaceuticals: major,의약품: 주요,2740,1189,19059865117.0,20.439560439560438,-6.723366944665932,-17.930634817154885,-29.137902689643838,-2.582556714468756,62,16.35532717710179,53.0
253840,"Sugentech, Inc.",수젠텍,KRX,Medical specialties,의학 전문 분야,4610,19001,69797334800.0,18.35686777920411,-0.8602150537634409,-16.927200550137535,-32.99418604651163,-2.8135732184008777,62,1.0807387101420396,45.0
004650,"Changhae Ethanol Co., Ltd.",창해에탄올,KRX,Beverages: alcoholic,음료: 알콜류,9300,86,70562362862.0,-0.4282655246252677,-0.7470651013874067,-3.9663469219511884,-7.18562874251497,-2.55111436302082,62,-6.402929098131482,42.0
099750,"ezCaretech Co., LTD",이지케어텍,KRX,Packaged software,패키지 소프트웨어,7350,13773,97932598343.0,14.84375,-19.584245076586434,-14.727744855889783,-9.871244635193133,-2.8991469135338703,62,,
199480,"Bankware Global Co., Ltd.",뱅크웨어글로벌,KRX,Packaged software,패키지 소프트웨어,4020,846,40837333188.0,40.55944055944056,-9.966405375139978,-31.58390117418233,-53.20139697322468,-2.7265644807331757,62,,
215480,"Toebox Korea Co., Ltd",토박스코리아,KRX,Wholesale distributors,도매 유통업체,1981,254,20691818237.0,9.508015478164731,-8.919540229885058,-10.825408881462353,-12.731277533039648,-2.6920391376115194,62,,
405100,"QRT, Inc.",큐알티,KRX,Semiconductors,세미컨덕터,14360,1292,166007862616.0,13.787638668779715,-6.813757300454251,-13.76027456408687,-20.706791827719492,-2.7411092709402367,62,43.553390898932456,67.0
138930,"BNK Financial Group, Inc.",BNK금융지주보통주,KRX,Regional banks,지역 은행,16020,33844,4837015609436.0,-5.207100591715976,-14.331550802139038,-1.4246480524265124,11.482254697286013,-2.9376290681422983,62,-11.311291790603292,40.0
106240,"Fine Technix Co., Ltd",파인테크닉스,KRX,Electronic production equipment,전자 생산 장비,1299,7159,34436871769.0,18.956043956043956,-43.52173913043478,-17.545510633664804,8.430717863105174,-2.9448887977813007,62,-72.63912599824558,22.0
014620,"SUNG KWANG BEND Co., Ltd.",성광벤드,KRX,Metal fabrication,금속 가공,31100,15341,815311059761.0,7.612456747404845,-14.206896551724139,-9.839010585892463,-5.47112462006079,-2.8584236525735403,62,32.20278380025326,62.0
107590,Miwon Holdings Co.Ltd.,미원홀딩스 보통주,KRX,Chemicals: specialty,화학: 특수,60200,36,129411390162.0,11.481481481481481,-7.384615384615385,-12.232252595888959,-17.079889807162534,-2.746758964940783,62,241.61307651272267,90.0
071280,Rorze Systems Corporation,로체시스템즈,KRX,Electronic production equipment,전자 생산 장비,7890,29387,119776034317.0,15.689149560117302,6.334231805929919,-15.448635887011175,-37.23150357995227,-2.9935217081597827,62,14.554122884947693,53.0
014280,"Kumkang Kind Co., Ltd.",금강공업보통주,KRX,Steel,스틸,4420,12560,120378180230.0,6.892382103990326,-7.531380753138075,-8.846991189577167,-10.16260162601626,-2.55124187215017,62,,
012160,"Youngwire Co., Ltd.",영흥보통주,KRX,Steel,스틸,2090,7809,29906653218.0,28.853267570900123,-24.0,-23.65137614678899,-23.30275229357798,-2.6495186597133458,62,,
030610,"Kyobo Securities Co., Ltd",교보증권보통주,KRX,Investment banks/Brokers,투자은행/중개사,10000,3547,1128693618774.0,-0.7936507936507936,-16.59716430358632,-3.891618060389461,8.8139281828074,-2.6524311536939944,62,46.04002765624916,68.0
067280,Multicampus Corp.,멀티캠퍼스,KRX,Miscellaneous commercial services,기타 상업 서비스,26050,872,153799909687.0,12.770562770562771,-5.615942028985507,-13.338274044795785,-21.060606060606062,-2.8947393186523627,62,-11.707969321229493,39.0
009180,"Hansol Logistics Co., Ltd.",한솔로지스틱스보통주,KRX,Other transportation,기타 교통수단,2755,1268,77691614227.0,-0.5415162454873647,-5.4888507718696395,-4.664146153823127,-3.8394415357766145,-3.0150941904888224,61,-6.411462641334804,42.0
260870,SK Signet Inc.,SK시그넷,KRX,Electrical products,전기 제품,8130,400,184459438877.0,14.507042253521126,-10.363836824696802,-14.934393659873155,-19.504950495049506,-3.157819294515442,61,,
011300,"Woosung Materials Co., Ltd.",성안머티리얼스보통주,KRX,Textiles,텍스타일,2820,24265,49303268166.0,23.14410480349345,-11.598746081504702,-21.240549511340586,-30.88235294117647,-3.486687785406973,61,48.2129401830915,69.0
457190,"ISU SPECIALTY CHEMICAL Co., Ltd.",이수스페셜티케미컬보통주,KRX,Chemicals: major diversified,화학: 주요 복합,65400,20464,1894173115158.0,-10.899182561307901,-29.978586723768736,2.0189033594271066,34.01639344262295,-3.1483310088668963,61,,
092600,"NC& Co., Ltd.",앤씨앤,KRX,Semiconductors,세미컨덕터,2835,48837,13024521282.0,18.125,-39.936440677966104,-18.04514341590613,3.8461538461538463,-3.577086049543678,61,,
178780,ILWOUL GML Co.Ltd,일월지엠엘,KRX,Industrial machinery,산업용 기계,2500,241,47524299145.0,3.3057851239669422,0.0,-7.410562180579216,-14.821124361158432,-3.124023258760753,61,-352.19877235937383,8.0
004450,"Samhwa Crown & Closure Co., Ltd",삼화왕관보통주,KRX,Miscellaneous manufacturing,기타 제조업,28100,69,51245367408.0,4.074074074074074,1.444043321299639,-8.671041923165209,-18.786127167630056,-3.572995524269496,61,-22.02534127769295,34.0
078520,Able C&C Co Ltd,에이블씨엔씨보통주,KRX,Household/Personal care,가정/개인 위생용품,10520,1210,259903781433.0,6.585612968591692,-14.122448979591837,-10.305668934240362,-6.488888888888889,-3.5491561731075407,61,97.60419382698231,80.0
277810,"Rainbow Robotics, Inc.",레인보우로보틱스,KRX,Industrial machinery,산업용 기계,434000,5369,8400137893677.0,-18.11320754716981,-21.8018018018018,6.385920804525455,34.57364341085271,-3.4137305361526504,61,40.71807735968035,66.0
003230,"Samyang Foods Co., Ltd",삼양식품보통주,KRX,Food: major diversified,식품: 주요 다각화,1209000,3349,9061625490189.0,4.947916666666667,-1.3866231647634584,-9.175454439524588,-16.964285714285715,-3.5261059970480857,61,54.515532766313676,71.0
010130,"Korea Zinc Co., Ltd.",고려아연보통주,KRX,Other metals/Minerals,기타 금속/광물,1108000,1431,22758847297668.0,-1.511111111111111,-26.573889993373093,-4.035608098290824,18.502673796791445,-3.0258093034189395,61,60.60632206179476,73.0
361570,RBW Inc.,알비더블유,KRX,Movies/Entertainment,무비/엔터테인먼트,1654,4594,45921884422.0,22.066420664206642,-14.742268041237113,-20.533717539549514,-26.325167037861917,-3.4936622580470518,61,,
488280,S2W Inc.,에스투더블유,KRX,Packaged software,패키지 소프트웨어,15580,141158,171800465727.0,30.814441645675902,1.8966644865925442,-26.537216889651706,-54.971098265895954,-3.596553475520662,61,-11.669937394194976,39.0
110020,"JEONJINBIO Co., Ltd.",전진바이오팜,KRX,Chemicals: specialty,화학: 특수,2065,1255,18796930313.0,19.22632794457275,-11.752136752136753,-18.534296224169644,-25.31645569620253,-3.4300465566726857,61,-214.63010258750865,12.0
071050,KOREA INVESTMENT HOLDINGS CO LTD,한국투자금융지주보통주,KRX,Investment banks/Brokers,투자은행/중개사,183800,15414,10655997081566.0,-15.299539170506913,-15.103926096997691,4.584615720939964,24.27315753887762,-3.369046235638786,61,93.35974357385703,79.0
114450,GREEN LIFESCIENCE CO. LTD.,그린생명과학,KRX,Chemicals: major diversified,화학: 주요 복합,2220,5273,41992436218.0,18.843683083511777,-19.12568306010929,-17.596867995083002,-16.068052930056712,-3.02064756364509,61,,
196300,HLB Pep Co. Ltd.,에이치엘비펩,KRX,Pharmaceuticals: major,의약품: 주요,5590,121050,40823972225.0,21.389793702497286,-20.142857142857142,-19.505390835579515,-18.867924528301888,-3.1473170203487952,61,35.74172331674904,64.0
043370,"PHA Co., Ltd.",피에이치에이,KRX,Auto parts: OEM,자동차 부품: OEM,11220,880,219553310318.0,-2.0087336244541483,-8.557457212713937,-3.8290883185871842,0.8992805755395683,-3.1009464409339698,61,64.23773754368027,74.0
053290,NE Neungyule. Inc.,엔이능률,KRX,Publishing: books/magazines,출판: 도서/잡지,1621,12,25995879578.0,28.752978554408262,-23.71764705882353,-24.679924446842957,-25.642201834862384,-3.306763246342469,61,,
900070,Global SM Tech Limited,글로벌에스엠테크리미티드,KRX,Metal fabrication,금속 가공,989,614,25353255644.0,-8.0,-8.595194085027726,0.1627553803936257,8.920704845814978,-3.1023467717638242,61,158.9540115830959,86.0
031820,ITCENCTS,아이티센씨티에스보통주,KRX,Information technology services,정보 기술 서비스,5700,3258,68394077206.0,11.984282907662083,-20.168067226890756,-13.362722138035542,-6.557377049180328,-3.2239201197564924,61,270.74307142742975,91.0
267980,"Maeil Dairies Co., Ltd.",매일유업,KRX,Food: meat/fish/dairy,식품: 육류/어류/유제품,33350,135,236166083908.0,0.9077155824508321,-4.166666666666667,-5.634865366759517,-7.103064066852368,-3.0178329870753777,61,25.209412305728133,59.0
024740,"Hanil Forging Industrial Co., Ltd.",한일단조공업,KRX,Auto parts: OEM,자동차 부품: OEM,2220,16136,71876948833.0,6.474820143884892,-21.27659574468085,-9.95336636549111,1.36986301369863,-3.3820917617407096,61,,
480370,"CK Solution Co., Ltd",씨케이솔루션보통주,KRX,Industrial machinery,산업용 기계,1812,14968,57164942093.0,33.23529411764706,-10.074441687344914,-27.330771118874107,-44.5871005504033,-3.1043450242656423,61,-78.62789415870031,21.0
317530,"Episode Company Co., Ltd.",캐리소프트,KRX,Miscellaneous commercial services,기타 상업 서비스,3290,669,55633726616.0,28.265107212475634,-18.564356435643564,-23.867754105873452,-29.171151776103336,-3.0146095785338165,61,-238.65758495629834,11.0
009770,"Sam Jung Pulp Co., Ltd",삼정펄프 보통주,KRX,Pulp & paper,펄프 및 제지,27500,630,68249205923.0,2.611940298507463,-13.657770800627944,-7.545731278450172,-1.4336917562724014,-3.4826626476671185,61,44.4389758068698,67.0
102460,"Reyon Pharmaceutical Co., Ltd.",이연제약보통주,KRX,Pharmaceuticals: major,의약품: 주요,10020,2096,184877179871.0,1.314459049544995,-0.29850746268656714,-6.163301141352063,-12.028094820017559,-3.1721970649932403,61,-213.85971937659198,12.0
009300,"Sam-A Pharm. Co., Ltd.",삼아제약,KRX,Pharmaceuticals: major,의약품: 주요,14200,136,85629882360.0,10.077519379844961,-10.126582278481013,-13.421062400237574,-16.715542521994134,-4.021629688204561,60,13.1426519779703,52.0
013360,"ILSUNG Construction Co., Ltd.",일성건설보통주,KRX,Engineering & construction,엔지니어링 및 건설,1381,19705,74662383408.0,8.22884012539185,-27.69633507853403,-12.164035802740068,3.3682634730538923,-4.0068854314873015,60,,
399720,"GAONCHIPS Co., Ltd.",가온칩스,KRX,Semiconductors,세미컨덕터,45850,30352,562109196281.0,12.515337423312884,-23.327759197324415,-14.830376023585599,-6.332992849846782,-3.8920906448262054,60,,
009900,"Myoung Shin Industry Co., Ltd.",명신산업보통주,KRX,Auto parts: OEM,자동차 부품: OEM,8240,22662,428680969620.0,7.853403141361256,-17.01913393756294,-11.903232127152512,-6.787330316742081,-4.000578019747005,60,47.72721499044319,68.0
243840,"SHIN HEUNG ENERGY & ELECTRONICS Co., Ltd.",신흥에스이씨,KRX,Electrical products,전기 제품,5550,11378,209756799316.0,3.932584269662921,-24.796747967479675,-8.723325627840417,7.350096711798839,-3.6609616688390823,60,,
093920,"SEOWONINTECH Co., Ltd.",서원인텍,KRX,Telecommunications equipment,통신 장비,4855,160,90210001850.0,3.518123667377399,-3.479125248508946,-8.468617882721496,-13.458110516934047,-3.6739212626819384,60,158.97470875541802,86.0
131180,DILLI ILLUSTRATE INC.,딜리,KRX,Industrial machinery,산업용 기계,4135,446,17938075747.0,9.247027741083222,-9.814612868047982,-12.627142834841987,-15.439672801635991,-3.8774746044719035,60,197.10934159198294,89.0
004410,"Seoul Foods Industrial Co., Ltd.",서울식품공업보통주,KRX,Food: specialty/candy,식품: 특산품/과자,1215,4509,48819734654.0,32.49727371864776,-31.741573033707866,-27.663239347042612,-23.58490566037736,-3.599034120766463,60,,
038390,"Redcap Tour Co., Ltd.",레드캡투어,KRX,Information technology services,정보 기술 서비스,10050,1216,163673594742.0,4.6875,-4.376784015223596,-9.925986624937282,-15.475189234650967,-4.08059197496237,60,14.331314625386614,53.0
005670,Foodwell Corp.,푸드웰,KRX,Food: specialty/candy,식품: 특산품/과자,6160,262,58078063049.0,-1.44,5.841924398625429,-5.344620456513843,-16.531165311653115,-3.782772273908306,60,47.713817828305174,68.0
109860,"DONGIL METAL Co., Ltd.",동일금속,KRX,Steel,스틸,7250,414,61921524811.0,-3.0748663101604277,1.8258426966292134,-4.167623880929508,-10.161090458488228,-3.7305208526218756,60,-17.557038017897188,37.0
482630,SAMYANG NC Chem Corp.,삼양엔씨켐,KRX,Chemicals: major diversified,화학: 주요 복합,13750,9243,305998139877.0,-19.449326303456356,-14.008755472170106,6.359677563454118,26.72811059907834,-3.963923983310071,60,,
019540,"Ilji Technology Co., Ltd.",일지테크,KRX,Auto parts: OEM,자동차 부품: OEM,4990,919,66197762175.0,-13.81692573402418,-18.597063621533444,3.076468189233278,24.75,-3.680889380069707,60,31.788430841106326,62.0
263800,Datasolution Inc.,데이타솔루션,KRX,Packaged software,패키지 소프트웨어,4650,10774,73825478745.0,-2.0021074815595363,9.540636042402827,-4.935054595782988,-19.410745233968804,-3.7618757500936075,60,7798.595080398624,99.0
100700,"Sewoonmedical Co., Ltd.",세운메디칼,KRX,Medical specialties,의학 전문 분야,2295,31941,99136626701.0,5.517241379310345,-11.046511627906977,-9.897013269221878,-8.747514910536779,-3.7313114098089883,60,19.027687126581064,55.0
075180,Saeron Automotive Corporation,새론오토모티브,KRX,Auto parts: OEM,자동차 부품: OEM,2930,1933,56640002251.0,-0.6779661016949152,-4.404567699836868,-6.060551566453867,-7.716535433070866,-3.9075173805502863,60,,
038870,"EcoSimplex Co., Ltd",에코바이오홀딩스,KRX,Alternative power generation,대체 전력 생산,2190,9228,29286674719.0,43.23086984957489,-28.78048780487805,-35.26790347690711,-41.755319148936174,-3.868394146314312,60,1306.750550538435,97.0
148930,"HYTC CO., LTD",에이치와이티씨,KRX,Industrial machinery,산업용 기계,3070,197,29846721897.0,-0.967741935483871,4.421768707482993,-6.190199657098612,-16.802168021680217,-4.101216568452715,60,848.4896180211425,97.0
296640,INNOAX CO. LTD,이노룰스,KRX,Packaged software,패키지 소프트웨어,6270,524,31594699621.0,14.0,-30.718232044198896,-15.676073232875993,-0.6339144215530903,-3.8056439397255954,60,641.2498950785471,95.0
128660,"PJ Metal Co., Ltd.",피제이메탈,KRX,Aluminum,알루미늄,2805,2713,69573446159.0,1.0810810810810811,-14.220183486238533,-7.551787856193471,-0.8833922261484098,-4.098640281283651,60,357.1344407197805,92.0
025820,"Leeku Industrial Co., Ltd.",이구산업보통주,KRX,Other metals/Minerals,기타 금속/광물,4325,11179,144464205322.0,4.848484848484849,-9.138655462184873,-9.517244397759104,-9.895833333333334,-3.7709526992615228,60,46.00858204852933,68.0
272110,"KnJ Co., Ltd.",케이엔제이,KRX,Industrial machinery,산업용 기계,29700,6387,236809614515.0,-2.7823240589198037,-12.0,-4.52686308492201,2.946273830155979,-3.829047474521128,60,24.437470099189593,58.0
005290,"Dongjin Semichem Co., Ltd",동진쎄미켐,KRX,Electronic production equipment,전자 생산 장비,46100,67407,2385401770020.0,-18.26241134751773,-1.810436634717785,5.728688316547741,13.267813267813267,-3.8677515490784478,60,599.0247159119874,95.0
014190,WONIK CUBE Corp.,원익큐브,KRX,Wholesale distributors,도매 유통업체,1338,26079,46538160210.0,14.35897435897436,-20.921985815602838,-15.950014863889244,-10.978043912175648,-3.8264191747438017,60,86.96625532061499,78.0
136540,WINS Technet Co. Ltd,윈스테크넷,KRX,Computer communications,컴퓨터 통신,10770,93,116727496147.0,3.062200956937799,-3.667262969588551,-8.580619436601506,-13.493975903614459,-3.9234912791857837,60,14.153636316768585,53.0
102710,"ENF Technology Co., Ltd",이엔에프테크놀로지,KRX,Chemicals: major diversified,화학: 주요 복합,47100,11312,658669243050.0,3.289473684210526,-5.61122244488978,-8.621746306872657,-11.632270168855534,-3.8572583104393834,60,22.377366533701853,57.0
060980,HL Holdings Corporation,HL홀딩스보통주,KRX,Air freight/Couriers,항공/운수,38750,1042,278950927734.0,-1.649746192893401,-7.957244655581948,-5.5411223277909745,-3.125,-3.984571873831945,60,,
143160,"Intelligent Digital Integrated Security Co., Ltd.",아이디스,KRX,Telecommunications equipment,통신 장비,15920,7,154004829540.0,5.013192612137203,-11.160714285714286,-10.353084415584416,-9.545454545454545,-4.206573604495768,59,123.05689342606573,84.0
254120,"XAVIS Co., Ltd.",자비스,KRX,Medical specialties,의학 전문 분야,910,64519,27948074379.0,35.61847988077496,-26.96629213483146,-30.890022858246674,-34.81375358166189,-4.28662176263802,59,-353.32723106122717,8.0
115480,"CU Medical Systems, Inc.",씨유메디칼시스템,KRX,Medical specialties,의학 전문 분야,2255,612,26995925031.0,17.142857142857142,-10.159362549800797,-18.35329691007955,-26.547231270358306,-4.154835288904874,59,,
003850,Boryung Corporation,보령보통주,KRX,Pharmaceuticals: major,의약품: 주요,8330,4416,699498470764.0,-2.2300469483568075,-9.554831704668839,-6.177649224563124,-2.8004667444574096,-4.598608314080598,59,154.74595905234844,86.0
189300,"Intellian Technologies, Inc.",인텔리안테크놀로지스,KRX,Telecommunications equipment,통신 장비,69700,6174,718690716362.0,-11.994949494949495,-40.47822374039283,0.8108371614039953,42.09989806320082,-4.311477501137402,59,,
036200,"Union Semiconductor Equipment Co., Ltd.",유니셈,KRX,Industrial machinery,산업용 기계,9520,18267,281805795135.0,-9.333333333333334,5.777777777777778,-1.1207729468599035,-8.019323671497585,-4.405797101449275,59,,
069260,"TKG Huchems Co.,Ltd.",티케이지휴켐스보통주,KRX,Chemicals: specialty,화학: 특수,16190,3155,621608258057.0,3.915275994865212,-11.287671232876713,-10.089530607997164,-8.891389983117614,-4.487607966852213,59,9.50659855548469,50.0
311960,"Interroid Co., Ltd.",인터로이드,KRX,Packaged software,패키지 소프트웨어,1570,58,4699184480.0,12.142857142857142,-1.875,-15.174402050113896,-28.47380410022779,-4.247498372925481,59,,
053300,"Korea Information Certificate Authority, Inc.",한국정보인증,KRX,Internet retail,인터넷 소매,5140,17042,187616007385.0,14.222222222222221,-9.026548672566372,-17.1042495910139,-25.181950509461426,-4.573660865719451,59,38.11529113175054,65.0
234300,"sTraffic Co., Ltd.",에스트래픽,KRX,Other transportation,기타 교통수단,3105,2366,83700165882.0,8.756567425569177,-6.193353474320242,-13.237883412384768,-20.282413350449293,-4.44010307720319,59,-351.30556796095914,8.0
034310,"NICE Holdings Co., Ltd.",NICE보통주,KRX,Financial publishing/Services,금융 출판/서비스,11880,1398,405493914604.0,5.225863596102746,-10.0,-10.671641791044777,-11.343283582089553,-4.312639636185768,59,-87.67998831126263,20.0
012800,"DAECHANG Co., Ltd.",대창보통주,KRX,Metal fabrication,금속 가공,1180,58099,88989261978.0,2.519548218940052,-9.370199692780337,-9.01946517146757,-8.6687306501548,-4.4038598153045205,59,,
002100,Kyung Nong Corporation,경농보통주,KRX,Chemicals: agricultural,화학: 농업,9010,1748,160424563522.0,-1.7448200654307524,-5.05795574288725,-6.2288750965207065,-7.399794450154163,-4.435253084084725,59,-9.022984315837359,41.0
078600,"Daejoo Electronic Materials Co., Ltd.",대주전자재료,KRX,Electrical products,전기 제품,88700,19457,1311147381401.0,-9.489795918367347,-30.540328895849647,-0.7141236910107036,29.11208151382824,-4.224392581953361,59,-37.834790156268966,29.0
395400,SK REIT Co. Ltd.,SK리츠보통주,KRX,Real estate investment trusts,부동산 투자 신탁,5330,14902,1613454545898.0,-3.616636528028933,-14.992025518341308,-5.138448908483031,4.715127701375246,-4.5297239563013925,59,236.36747969713122,90.0
003680,"Hansung Enterprise Co., Ltd",한성기업보통주,KRX,Agricultural commodities/Milling,농산물/제분,4580,6458,25698650599.0,9.047619047619047,-9.306930693069306,-12.94126133924868,-16.57559198542805,-4.145709184501589,59,2944.6940959155068,98.0
002170,SYTS Corp.,삼양통상보통주,KRX,Consumer sundries,소비 잡화,53600,16,139920005560.0,0.0,-11.258278145695364,-7.078414435166523,-2.898550724637681,-4.247048661099914,59,54.54439050388369,71.0
039420,KL-Net Corp,케이엘넷,KRX,Packaged software,패키지 소프트웨어,2645,3445,51485613670.0,3.1189083820662766,-4.684684684684685,-8.981686604637424,-13.278688524590164,-4.141448609955944,59,-9.066725526295361,41.0
071090,"HISTEEL Co., Ltd.",하이스틸 보통주,KRX,Steel,스틸,3375,72331,68825905094.0,7.827476038338658,-3.1563845050215207,-12.425060001930714,-21.693735498839906,-4.324045585822965,59,,
217330,"CytoGen, Inc.",싸이토젠,KRX,Biotechnology,바이오테크놀로지,3100,12570,69785381651.0,-10.014513788098693,-29.545454545454547,-0.18939393939393945,29.166666666666668,-4.11944187887584,59,28.0865224630311,60.0
0010S0,WISE PLANET COMPANY Inc.,WISE PLANET COMPANY Inc.,KRX,Electronics/Appliance stores,전자제품/가전제품 매장,40900,1666615,463927390003.0,-4.3274853801169595,-4.3274853801169595,-4.3274853801169595,-4.3274853801169595,-4.3274853801169595,59,,
089030,"Techwing, Inc.",테크윙,KRX,Industrial machinery,산업용 기계,49450,88651,1741899181557.0,-4.903846153846154,4.766949152542373,-4.239332441272673,-13.24561403508772,-4.505137926302066,59,,
101330,Mobase Co. Ltd.,모베이스,KRX,Telecommunications equipment,통신 장비,3465,12415,74143075867.0,3.125,-21.60633484162896,-9.1638231585194,3.278688524590164,-4.248293895111639,59,,
005680,"SAMYOUNG ELECTRONICS Co., Ltd.",삼영전자공업보통주,KRX,Electronic components,전자 부품,12750,958,241720710754.0,-12.371134020618557,-18.373879641485274,1.1252645311968141,20.624408703878903,-4.2732948895293354,59,-26.80363640811204,33.0
036830,"Soulbrain Holdings Co., Ltd.",솔브레인홀딩스,KRX,Chemicals: specialty,화학: 특수,40850,5890,814346946716.0,4.076433121019108,-14.80709071949948,-10.068667028347654,-5.330243337195829,-4.410626968600949,59,161.16756817874244,86.0
078150,"HB Technology Co., Ltd.",에이치비테크놀러지,KRX,Industrial machinery,산업용 기계,2065,138513,183486909714.0,-11.940298507462687,-1.1961722488038278,0.6426086646799719,2.4813895781637716,-4.390554204177091,59,,
118990,"MOTREX Co., Ltd.",모트렉스,KRX,Auto parts: OEM,자동차 부품: OEM,6750,3675,165903670979.0,19.047619047619047,-18.47826086956522,-20.221789394320183,-21.965317919075144,-4.51402601754449,59,300.5485123550247,92.0
012330,"Hyundai Mobis Co., Ltd",현대모비스보통주,KRX,Auto parts: OEM,자동차 부품: OEM,376000,39747,31952107944489.0,-27.131782945736433,-5.289672544080605,10.231417908561705,25.752508361204015,-4.71386243315755,58,1.7207599959440079,46.0
004020,Hyundai Steel Company,현대제철 보통주,KRX,Steel,스틸,31000,443748,4202886092376.9995,6.346483704974271,-11.428571428571429,-12.113723126381355,-12.79887482419128,-4.729640393839105,58,-9.057867584724553,41.0
208140,"JUNGDAWN Co., Ltd.",정다운,KRX,Agricultural commodities/Milling,농산물/제분,2275,1196,73702949066.0,4.597701149425287,-7.707910750507099,-10.929427073366757,-14.150943396226415,-4.71857578424994,58,13.375326408024508,52.0
0071M0,Samsung Special Purpose Acquisition 11 Co.,삼성기업인수목적11호,KRX,Financial conglomerates,금융지주회사,1953,351,11352960451.0,-2.5935162094763093,-2.8358208955223883,-6.209577114427861,-9.583333333333334,-4.76315275244724,58,,
353810,"EASY BIO, Inc.",이지바이오,KRX,Agricultural commodities/Milling,농산물/제분,6190,455,204446269455.0,-2.211690363349131,-13.305322128851541,-6.32745781239325,0.6504065040650406,-4.681150832775603,58,124.04128128117522,84.0
026890,"STIC Investments, Inc.",스틱인베스트먼트보통주,KRX,Electrical products,전기 제품,7790,1422,261050430603.0,15.750371471025261,-11.977401129943503,-18.536777488048674,-25.096153846153847,-4.8219179044191005,58,229.01480563302994,90.0
032960,"Dongil Technology, Ltd.",동일기연,KRX,Electronic production equipment,전자 생산 장비,2365,7967,41018894176.0,13.701923076923077,-25.862068965517242,-16.84763619748972,-7.833203429462198,-4.627812487724602,58,779.6659791100842,96.0
123420,"Wemade Play Co., Ltd.",위메이드플레이,KRX,Packaged software,패키지 소프트웨어,6500,284,60379593477.0,14.840989399293287,-4.552129221732746,-17.88453021933198,-31.21693121693122,-4.794322371881874,58,-62.77659780138719,23.0
460870,"SMCG CO.,Ltd",에스엠씨지,KRX,Containers/Packaging,컨테이너/패키징,3015,2660,61608635712.0,43.57142857142857,-26.463414634146343,-37.014316012725345,-47.56521739130435,-4.780018179063782,58,,
045300,"Sungwoo Techron Co., Ltd",성우테크론,KRX,Electronic production equipment,전자 생산 장비,2715,4464,27644182220.0,3.0360531309297913,-5.565217391304348,-9.714172566755266,-13.863127742206187,-4.614082287681244,58,182.27119622071316,88.0
348030,MOBIRIX Corp.,모비릭스,KRX,Packaged software,패키지 소프트웨어,2815,3,27274791489.0,9.53307392996109,6.0263653483992465,-14.024288051795693,-34.07494145199063,-4.60134325909298,58,,
090350,"Noroo Paint & Coatings Co., Ltd.",노루페인트 보통주,KRX,Industrial specialties,산업 분야,7850,3832,161358367863.0,3.9735099337748343,-6.324582338902148,-10.683936191096095,-15.043290043290042,-4.820957741147724,58,117.40496919425408,83.0
038950,FINEDIGITAL INC.,파인디지털,KRX,Telecommunications equipment,통신 장비,3035,1099,24889893823.0,-0.3284072249589491,-5.007824726134586,-7.6074626589252805,-10.207100591715976,-4.695840485338748,58,-18.367313764865226,36.0
151860,"KG Eco Solution Co.,Ltd.",케이지에코솔루션,KRX,Electrical products,전기 제품,5430,4530,226143360939.0,0.0,-10.099337748344372,-8.158477164327627,-6.217616580310881,-4.895086298596576,58,104.90107305441826,81.0
018120,"Jinro Distillers Co., Ltd.",진로발효,KRX,Beverages: alcoholic,음료: 알콜류,16670,188,110516658735.0,1.337386018237082,-4.960091220068415,-9.068587276700875,-13.177083333333334,-4.906197958725692,58,-14.327915283837376,38.0
366030,Nine & Company Inc.,공구우먼,KRX,Apparel/Footwear,어패럴/풋웨어,4670,2683,106133289852.0,-7.157057654075547,-10.707456978967496,-2.9407094097980018,4.8260381593714925,-4.62724870750902,58,187.6553850000201,88.0
104830,"WONIK Materials Co., Ltd.",원익머트리얼즈,KRX,Chemicals: specialty,화학: 특수,36325,5864,463974392700.0,-12.258454106280194,-13.408820023837903,0.5003143975298672,14.409448818897637,-4.603193003994157,58,49.83812837045154,69.0
192390,WINHITECH CO.LTD.,윈하이텍,KRX,Tools & hardware,공구 및 하드웨어,1870,1723,22306946648.0,15.218730745532964,-8.333333333333334,-17.926356589147286,-27.51937984496124,-4.668321655275187,58,-77.86759558504117,21.0
334890,"IGIS Value Plus REIT Co., Ltd.",이지스밸류플러스리츠보통주,KRX,Real estate investment trusts,부동산 투자 신탁,3655,866,254876644821.0,4.7277936962750715,-9.192546583850932,-11.084368530020704,-12.976190476190476,-4.759503639502395,58,61.48753657097966,73.0
171120,"Lion Chemtech Co., Ltd.",라이온켐텍,KRX,Other metals/Minerals,기타 금속/광물,1993,11088,70414921646.0,0.0,-5.095238095238095,-7.7611021936864635,-10.426966292134832,-4.656661316211878,58,103.78201911006424,81.0
207490,"Apex Intec Co., Ltd.",에이펙스인텍,KRX,Semiconductors,세미컨덕터,6350,100,22859999394.0,-3.787878787878788,-6.617647058823529,-5.2755406247219,-3.933434190620272,-4.680475889984655,58,,
014680,"Hansol Chemical Co., Ltd",한솔케미칼보통주,KRX,Chemicals: major diversified,화학: 주요 복합,238500,3003,2442274072647.0,-14.20863309352518,-11.666666666666666,1.3609112709832134,14.388489208633093,-4.866906474820145,58,10.951399660975571,51.0
053060,"SaeDong Co., Ltd.",세동,KRX,Electrical products,전기 제품,1231,10396,21382485603.0,-8.814814814814815,4.322033898305085,-2.14484793577693,-8.611729769858945,-4.812834687392084,58,,
092130,"e-Credible Co., Ltd.",이크레더블,KRX,Financial publishing/Services,금융 출판/서비스,14250,562,171139557171.0,0.352112676056338,-1.6563146997929608,-8.417443064182194,-15.178571428571429,-4.909620768086782,58,0.25164867289173715,45.0
037070,"Paseco Co., Ltd",파세코,KRX,Electronics/Appliances,일렉트로닉스/어플라이언스,6420,1070,128221428566.0,-0.15552099533437014,-23.843416370106763,-7.6987352120804085,8.445945945945946,-4.681449525381993,58,,
265520,Advanced Process Systems Corp.,에이피시스템,KRX,Semiconductors,세미컨덕터,19210,4224,278949161224.0,-11.064814814814815,-2.9797979797979797,-0.5889980889980889,1.8018018018018018,-4.77932477932478,58,,
000400,"Lotte Non-Life Insurance Co., Ltd",롯데손해보험보통주,KRX,Property/Casualty insurance,재산/상해 보험,2020,23649,622856743469.0,-11.790393013100436,-0.7371007371007371,-0.1197941496448959,0.4975124378109453,-4.788033695027113,58,-256.28540810506786,11.0
254160,JM-MULTI,제이엠멀티,KRX,Forest products,임산물,3200,300,16511999511.999998,-5.882352941176471,-27.272727272727273,-4.377104377104377,18.51851851851852,-4.979203802733215,57,,
023530,"Lotte Shopping Co., Ltd",롯데쇼핑 보통주,KRX,Department stores,백화점,102700,3310,2937319633865.0,-41.813031161473084,-6.551410373066424,19.5611742460909,45.673758865248224,-4.988507916934692,57,,
448730,"SamsungFN REIT Co., Ltd.",삼성FN리츠보통주,KRX,Real estate investment trusts,부동산 투자 신탁,4810,3693,442047764816.0,-10.760667903525047,-13.333333333333334,-1.315688530878405,10.701956271576524,-5.093680279937062,57,52.14171126849383,70.0
263690,DRGEM Corp.,디알젬,KRX,Medical specialties,의학 전문 분야,5040,480,54695487518.0,2.33502538071066,-6.4935064935064934,-10.75096909835527,-15.008431703204048,-5.516571306728898,57,183.67522723051596,88.0
023910,"Daihan Pharmaceutical Co., Ltd.",대한약품공업,KRX,Medical specialties,의학 전문 분야,26250,3,154644003010.0,2.5390625,-8.216783216783217,-10.064767447317783,-11.912751677852349,-5.02323546839067,57,-2.825012224252145,43.0
008470,"Booster Co., Ltd",부-스타,KRX,Building products,건축 자재,1687,4948,27911831429.0,10.62295081967213,-14.690265486725664,-16.34877794384886,-18.007290400972053,-5.560086438440464,57,-331.27865772287385,9.0
009410,"Taeyoung Engineering & Construction Co., Ltd.",태영건설보통주,KRX,Engineering & construction,엔지니어링 및 건설,1615,7269,516866515198.0,-5.0,-10.72415699281371,-5.331099562082195,0.061957868649318466,-5.198659737249318,57,,
003070,Kolon Global Corp,코오롱글로벌보통주,KRX,Engineering & construction,엔지니어링 및 건설,9180,781,242300179868.0,-3.6726128016789086,-14.684014869888475,-6.735612727116234,1.2127894156560088,-5.510412756941304,57,,
048470,"DAE DONG STEEL Co., Ltd.",대동스틸,KRX,Steel,스틸,2845,1221,25469146156.0,9.633911368015415,-12.730061349693251,-15.311639621455573,-17.893217893217894,-5.3334192256671775,57,1907.6592793333634,98.0
123750,Alton Co.Ltd.,알톤,KRX,Motor vehicles,자동차,1804,343,24820056507.0,3.085714285714286,-29.39334637964775,-10.684697141919683,8.023952095808383,-5.176532570866095,57,,
014790,HL D&I Halla Corporation,HL D&I보통주,KRX,Engineering & construction,엔지니어링 및 건설,2540,22145,92753571510.0,-3.053435114503817,-21.725731895223422,-7.049306625577813,7.627118644067797,-5.450958021148215,57,-4.359392572389729,43.0
021050,"Seowon Co., Ltd",서원보통주,KRX,Other metals/Minerals,기타 금속/광물,1077,21942,51225082935.0,-0.554016620498615,-9.949832775919733,-7.862055495571415,-5.774278215223097,-4.938839945542296,57,,
254490,Mirai Semiconductors Co. Ltd.,미래반도체,KRX,Semiconductors,세미컨덕터,17030,13226,242702775383.0,-12.171222279525528,3.714981729598051,-0.11656440874863372,-3.9481105470953186,-4.938427557059391,57,376.4844620022382,93.0
000860,"Kangnam Jevisco Co.,Ltd",강남제비스코보통주,KRX,Industrial specialties,산업 분야,12040,95,156130000000.0,-3.910614525139665,-14.0,-6.369217830109336,1.2615643397813288,-5.3857765081214675,57,-45.4584296852364,27.0
178920,"PI Advanced Materials Co., Ltd.",피아이첨단소재보통주,KRX,Chemicals: specialty,화학: 특수,18850,8598,534467052460.00006,-7.823960880195599,-16.5929203539823,-3.114961347951338,10.362997658079625,-4.998561160849042,57,48.7003194784739,69.0
039310,"Sejoong Co., Ltd.",세중,KRX,Internet software/Services,인터넷 소프트웨어/서비스,1250,713,22452746481.0,23.031496062992126,-33.86243386243386,-24.529588708693186,-15.19674355495251,-5.505154800019062,57,-338.8268932703284,8.0
130740,"TPC Co., Ltd",티피씨,KRX,Wholesale distributors,도매 유통업체,1898,8396,21730160508.0,-6.502463054187192,-7.414634146341464,-4.814993528606075,-2.2153529108706853,-5.489981338838522,57,,
053270,GUYOUNG TECHNOLOGY CO. LTD.,구영테크,KRX,Auto parts: OEM,자동차 부품: OEM,1931,14478,49976205093.0,4.718004338394794,-13.98663697104677,-12.294244411449311,-10.601851851851851,-5.489344911511669,57,107.3846252845331,82.0
484810,"TXR Robotics Co., Ltd.",티엑스알로보틱스,KRX,Industrial machinery,산업용 기계,12050,8439,185101965733.0,16.42512077294686,-15.319747013352073,-20.167651975873298,-25.015556938394525,-5.530542876345237,57,-612.1521003934768,5.0
161580,"Philoptics Co., Ltd.",필옵틱스,KRX,Industrial machinery,산업용 기계,34950,191124,765389315033.0,-4.377564979480164,-7.905138339920948,-5.679088506977049,-3.453038674033149,-5.1584790959782945,57,-104.76126423515038,18.0
221980,"KDCHEM Co., Ltd.",케이디켐,KRX,Chemicals: major diversified,화학: 주요 복합,9600,321,35875961447.0,-0.3115264797507788,-6.976744186046512,-8.961470423264444,-10.946196660482375,-5.501492845858978,57,,
096870,LDT Inc.,엘디티,KRX,Semiconductors,세미컨덕터,2330,1781,19743016734.0,4.954954954954955,-1.6877637130801688,-11.61829263095086,-21.54882154882155,-4.988993596588534,57,,
007330,PUREUN SAVINGS BANK,푸른저축은행,KRX,Savings banks,저축은행,10050,50,117415568161.0,-3.2723772858517806,-14.322250639386189,-6.961325119892894,0.3996003996003996,-5.4857459862764495,57,18.150741385904613,54.0
224110,ATEC MOBILITY Co. Ltd,에이텍모빌리티,KRX,Computer peripherals,컴퓨터 주변기기,8530,406,38607392712.0,4.662576687116564,-0.9291521486643438,-11.902189094223672,-22.875226039783,-5.276282781687578,57,-76.58656228243049,21.0
263810,"Sangshin Electronics Co., Ltd.",상신전자,KRX,Electronic production equipment,전자 생산 장비,2575,3071,40678650866.0,5.967078189300412,-11.206896551724139,-12.829361897124528,-14.451827242524917,-5.310785862554552,57,,
122830,"ONE4U Co., Ltd.",원포유,KRX,Major telecommunications,주요 통신사,1280,361,40579707733.0,17.431192660550458,-12.92517006802721,-20.86747936104364,-28.809788654060068,-5.5480105524060015,57,-18.61229083066151,36.0
373220,LG Energy Solution Ltd.,LG에너지솔루션보통주,KRX,Electrical products,전기 제품,362500,64111,82251000000000.0,-7.407407407407407,-11.477411477411477,-4.825784390391132,1.8258426966292134,-5.858433597197643,56,-35.528534599934176,29.0
041190,"Woori Technology Investment Co., Ltd.",우리기술투자,KRX,Investment managers,투자 운용사,5930,333247,446447216492.0,22.39422084623323,-8.062015503875969,-25.3836647567689,-42.70531400966183,-6.272510515568049,56,-56.35537737585931,25.0
009970,"Youngone Holdings Co., Ltd.",영원무역홀딩스보통주,KRX,Apparel/Footwear,어패럴/풋웨어,165400,1167,1807118673515.0,-6.0227272727272725,-30.21097046413502,-5.2646748123858895,19.68162083936324,-5.567895796522443,56,47.84037102951363,69.0
008700,"Anam Electronics Co., Ltd",아남전자보통주,KRX,Electronics/Appliances,일렉트로닉스/어플라이언스,1268,14160,96633026817.0,4.0196882690730105,-21.242236024844722,-12.261087501362102,-3.2799389778794814,-5.748777193188057,56,-24.550624686906687,33.0
113810,"Dgenx Co., Ltd.",디젠스,KRX,Auto parts: OEM,자동차 부품: OEM,2960,1060,19446317711.0,16.30648330058939,-16.265912305516267,-20.806348334347035,-25.346784363177807,-5.961215680372467,56,111.5689021063562,82.0
005710,"Daewon Sanup Co., Ltd.",대원산업,KRX,Auto parts: OEM,자동차 부품: OEM,10630,655,215203819313.0,0.2830188679245283,-16.034755134281202,-9.699195748958783,-3.3636363636363638,-5.706309902205459,56,-10.394498216177498,40.0
255440,YAS Co. Ltd,야스,KRX,Computer peripherals,컴퓨터 주변기기,7920,40465,88986469021.0,8.791208791208792,-24.643196955280686,-15.457693152196557,-6.272189349112426,-5.7581323748344175,56,,
007590,Dongbang Agro Corp,동방아그로보통주,KRX,Chemicals: agricultural,화학: 농업,5570,2,74669699688.0,-2.4518388791593697,-6.38655462184874,-8.346256376946915,-10.305958132045088,-5.988489377831897,56,,
039570,"HDC LABS Co., Ltd.",에이치디씨랩스보통주,KRX,Information technology services,정보 기술 서비스,7500,12,184612243595.0,-1.3157894736842106,-7.635467980295567,-9.068330648859,-10.501193317422434,-5.967314178789085,56,22.16568931398521,57.0
487570,HS HYOSUNG Corporation,에이치에스효성보통주,KRX,Miscellaneous,기타 (Miscellaneous),49800,392,183272928321.0,4.952581664910432,-9.124087591240876,-13.675344288231276,-18.226600985221676,-6.224173906974594,56,91.87342434889496,79.0
476710,Tajoy Entertainment Co. Ltd.,타조이엔터테인먼트,KRX,Movies/Entertainment,무비/엔터테인먼트,16030,62,16030000000.0,-11.43646408839779,-5.14792899408284,-2.48021449704142,0.1875,-6.062714333583969,56,,
090370,"MetaLabs Co., Ltd.",메타랩스보통주,KRX,Apparel/Footwear,어패럴/풋웨어,1176,2240,32325127686.0,8.788159111933394,-16.417910447761194,-15.22649908352972,-14.035087719298245,-5.620635805344474,56,-897.9980002341347,4.0
000670,Young Poong Corporation,영풍보통주,KRX,Electronic components,전자 부품,42350,10556,788371060181.0,3.9263803680981595,-27.482876712328768,-12.603700485716425,2.2754757408959163,-5.991668144190592,56,,
060720,"KH Vatec Co., Ltd",케이에이치바텍,KRX,Industrial machinery,산업용 기계,11040,4986,241309981728.0,3.081232492997199,-14.814814814814815,-12.382937586852758,-9.951060358890702,-6.197269554912776,56,24.842798621699124,58.0
007820,MX Robotics Inc.,에스엠코어,KRX,Industrial machinery,산업용 기계,3555,8256,80177799587.0,19.09547738693467,-27.300613496932517,-22.975249540228273,-18.64988558352403,-6.146958769363096,56,-89.18909491670193,19.0
272210,"Hanwha Systems Co., Ltd.",한화시스템보통주,KRX,Aerospace & defense,항공우주 및 방위산업,74200,90055,13818802717590.0,-4.381443298969073,-37.436762225969645,-6.574327511644789,24.288107202680067,-5.697173826574503,56,4.695598559687928,47.0
060380,"Dongyang S.TEC Co., Ltd.",동양에스텍,KRX,Steel,스틸,1292,227,24472399033.0,7.666666666666667,-6.444605358435916,-14.724090521887803,-23.00357568533969,-5.767787646466015,56,363.44910185973555,93.0
187420,"HLB Genex, Inc.",에이치엘비제넥스,KRX,Biotechnology,바이오테크놀로지,2320,1232375,58336520382.0,14.285714285714286,-11.11111111111111,-19.418483904465212,-27.725856697819314,-5.936804628393412,56,,
290520,Shindo Eng Lab Ltd.,신도기연,KRX,Industrial machinery,산업용 기계,1602,445,24557886105.0,7.516778523489933,-32.40506329113924,-15.150906406563886,2.1032504780114722,-6.083832434542359,56,,
217820,WONIK PNE CO. LTD.,원익피앤이,KRX,Industrial machinery,산업용 기계,2315,42375,100005652428.0,14.039408866995075,-23.089700996677742,-19.53033144207753,-15.970961887477314,-6.102435318448487,56,,
178600,"DAEDONG KOREA GINSENG CO., LTD.",대동고려삼 주식회사,KRX,Pharmaceuticals: other,의약품: 기타,1998,1,7742304382.0,-9.79683972911964,-8.767123287671232,-3.17905113640353,2.409021014864172,-5.8261665734899735,56,,
330730,Stonebridge Ventures Inc.,스톤브릿지벤처스,KRX,Investment managers,투자 운용사,4655,1624,81734789143.0,-2.8183716075156577,-20.154373927958833,-7.418815923255435,5.316742081447964,-5.578638196959524,56,3290.049171854698,98.0
067370,"SunBio, Inc.",선바이오,KRX,Pharmaceuticals: major,의약품: 주요,5620,30,68047813225.00001,-10.793650793650794,5.440900562851782,-2.247498436522827,-9.935897435897436,-5.665959379374014,56,,
347000,"Senko Co., Ltd. (South Korea)",센코,KRX,Electronic equipment/Instruments,전자 장비/기기,1839,221,68395291893.0,11.861313868613138,-13.458823529411765,-17.84991916428305,-22.241014799154335,-5.965425951124575,56,567.7371679545771,94.0
403810,"iL Robotics Co., Ltd.",아이엘커누스,KRX,Data processing services,데이터 처리 서비스,2295,837,,-7.2727272727272725,14.17910447761194,-4.850746268656717,-23.880597014925375,-5.81953867028494,56,,
073110,"LMS Co., Ltd",엘엠에스,KRX,Electronic production equipment,전자 생산 장비,5140,1993,37391588755.0,-2.4667931688804554,0.0,-7.730263157894737,-15.460526315789474,-5.624875162289024,56,,
098660,"STO Co., Ltd.",에스티오,KRX,Apparel/Footwear,어패럴/풋웨어,1615,392,19710890816.0,3.9253539253539254,-5.9405940594059405,-12.534643549482638,-19.128693039559337,-5.950644559548014,56,-247.57710629065895,11.0
012450,"Hanwha Aerospace Co., Ltd.",한화에어로스페이스보통주,KRX,Aerospace & defense,항공우주 및 방위산업,1034000,22984,52529212230682.0,1.7716535433070866,-21.8442932728647,-11.777659944417142,-1.7110266159695817,-6.3579345493274495,55,93.97918009411184,80.0
033920,"Muhak Co., Ltd.",무학보통주,KRX,Beverages: alcoholic,음료: 알콜류,7500,3332,197062297211.0,-0.398406374501992,-12.075029308323565,-10.582969199616329,-9.090909090909092,-6.509144069570594,55,1.4649084691553629,46.0
339770,"Kyochon Food&Beverage Co., Ltd.",교촌에프앤비보통주,KRX,Food distributors,식품 유통업체,3805,3119,190366941261.0,0.6613756613756614,-7.195121951219512,-11.319783197831978,-15.444444444444445,-6.527319654148922,55,78.87229411208855,77.0
023160,TK Corporation,태광,KRX,Industrial machinery,산업용 기계,26600,17121,666190370178.0,-0.931098696461825,-26.519337016574585,-10.481890730509516,5.555555555555555,-6.66157391689044,55,215.24280361663943,89.0
001750,"HANYANG SECURITIES Co., Ltd.",한양증권보통주,KRX,Investment banks/Brokers,투자은행/중개사,19040,8343,290253237200.0,-2.9066802651708312,-23.84,-8.76533780011167,6.309324399776661,-6.421874786135334,55,39.049553779479936,65.0
145270,"K-Top Reits Co., Ltd.",케이탑리츠보통주,KRX,Real estate investment trusts,부동산 투자 신탁,796,134,37136240341.0,5.9920106524633825,-12.141280353200884,-14.525754999147415,-16.910229645093946,-6.3186487385030965,55,422.05228440146345,93.0
083930,"AVACO Co., Ltd.",아바코,KRX,Electronic production equipment,전자 생산 장비,12130,2503,172968134670.0,5.112651646447141,-6.332046332046332,-14.137709137709138,-21.943371943371943,-6.4375648240466266,55,-115.13169986817287,18.0
221840,"HIZEAERO Co., Ltd.",하이즈항공,KRX,Aerospace & defense,항공우주 및 방위산업,2060,992,38897164001.0,8.136482939632545,-18.73767258382643,-16.272601982289785,-13.807531380753138,-6.508968013520853,55,,
290560,Parataxis Ethereum. Inc.,신시웨이,KRX,Packaged software,패키지 소프트웨어,1293,18220,29783774872.0,14.222614840989399,-27.522421524663677,-20.313630117170547,-13.10483870967742,-6.499132133906569,55,-248.1617424834157,11.0
377030,"BITMAX CO., LTD",비트맥스,KRX,Packaged software,패키지 소프트웨어,2070,5109,29297989655.0,64.28571428571429,-21.59090909090909,-53.802211302211305,-86.01351351351352,-6.567041067041064,55,38.74089676183441,65.0
378340,"PHILENERGY CO., LTD.",필에너지,KRX,Electrical products,전기 제품,12240,9325,253666305847.0,3.465765004226543,-19.15455746367239,-13.388599486553176,-7.622641509433962,-6.646853690241288,55,-388.379011529706,7.0
448280,"ECOEYE Co., Ltd.",에코아이,KRX,Miscellaneous commercial services,기타 상업 서비스,9280,861,276754738426.0,25.745257452574524,-19.234116623150566,-27.748926443443416,-36.26373626373626,-6.3512528850362395,55,,
012610,Kyung-In Synthetic Corporation,경인양행보통주,KRX,Industrial specialties,산업 분야,3230,47013,130793675003.0,-8.498583569405099,-18.227848101265824,-5.0100714543180045,8.207705192629815,-6.405476300352843,55,,
005690,"Pharmicell Co., Ltd",파미셀보통주,KRX,Pharmaceuticals: major,의약품: 주요,12630,119636,752287919540.0,-5.108940646130729,-17.504898758981057,-7.3692109742830425,2.7664768104149715,-6.465102843022118,55,164.92454191236493,87.0
011040,"KYUNG DONG PHARMACEUTICAL Co., Ltd",경동제약,KRX,Pharmaceuticals: generic,의약품: 일반의약품,5000,806,135341052933.0,0.7049345417925479,-8.088235294117647,-11.088791186577723,-14.0893470790378,-6.371300895229615,55,,
081580,"Sungwoo Electronics Co., Ltd.",성우전자,KRX,Telecommunications equipment,통신 장비,2375,3542,36111161351.0,4.6255506607929515,-22.88961038961039,-14.134048222693641,-5.378486055776892,-6.630208669299004,55,,
033130,"DIGITAL CHOSUN, Inc.",디지틀조선일보,KRX,Internet software/Services,인터넷 소프트웨어/서비스,1734,192,64543452282.0,-3.613118399110617,-31.462450592885375,-8.503502524165459,14.455445544554456,-6.5473488741435215,55,111.6686066071289,82.0
000680,LS Networks Corporation Ltd.,LS네트웍스보통주,KRX,Specialty stores,전문점,2950,5731,213835423965.0,3.8732394366197185,-6.050955414012739,-13.05257797800908,-20.05420054200542,-6.282251012157561,55,48.89677172149424,69.0
009460,"Hanchang Paper Co., Ltd",한창제지보통주,KRX,Pulp & paper,펄프 및 제지,2660,381,32761864843.0,0.37735849056603776,-7.155322862129145,-10.743522944752172,-14.331723027375201,-6.29517037062489,55,,
0161M0,"Neosapience, Inc.","Neosapience, Inc.",KRX,Packaged software,패키지 소프트웨어,23650,386576,315168803787.0,-6.336633663366337,-6.336633663366337,-6.336633663366337,-6.336633663366337,-6.336633663366338,55,,
222110,"PanGen Biotech, Inc.",팬젠,KRX,Biotechnology,바이오테크놀로지,4850,8,64937216711.0,3.1914893617021276,-6.007751937984496,-13.119007547939617,-20.230263157894736,-6.59480878408292,55,-54.12017880510551,25.0
013570,DY Corporation,디와이보통주,KRX,Industrial machinery,산업용 기계,4120,1649,102500490103.0,0.7334963325183375,-16.514690982776088,-11.009639069369696,-5.504587155963303,-6.312384908614483,55,2886.1030802334467,98.0
018500,Dongwon Mobility,동원금속보통주,KRX,Auto parts: OEM,자동차 부품: OEM,1330,1525,61469417763.0,-6.205923836389281,-14.743589743589743,-6.608436093168917,1.5267175572519085,-6.447431190457063,55,139.94393673150978,85.0
033270,"KOREA UNITED PHARM, INC.",한국유나이티드제약 보통주,KRX,Pharmaceuticals: major,의약품: 주요,17660,627,255797231321.0,-0.7307476110174255,-12.357320099255583,-10.592702383133211,-8.828084667010842,-6.647920474286898,55,1470.0511324567005,98.0
086520,"Ecopro Co., Ltd.",에코프로,KRX,Chemicals: major diversified,화학: 주요 복합,81500,87844,10764084059143.0,-30.99068585944115,-44.932432432432435,9.857016107016108,64.64646464646465,-6.482064679566797,55,,
063170,"Seoul Auction Co., Ltd.",서울옥션,KRX,Specialty stores,전문점,5720,305,95129146385.0,20.168067226890756,-20.555555555555557,-23.983361534122956,-27.411167512690355,-6.322790029717472,55,33.767503456143004,63.0
050760,S POLYTECH CO LTD,에스폴리텍,KRX,Chemicals: specialty,화학: 특수,1175,9255,18268794659.0,15.196078431372548,-11.587659894657637,-20.67727286424454,-29.76688583383144,-6.327932345997705,55,,
016590,"Shindaeyang Paper Co., Ltd",신대양제지보통주,KRX,Pulp & paper,펄프 및 제지,9730,31,385192168350.0,8.11111111111111,-24.51512800620636,-17.46014227197979,-10.405156537753223,-7.231640918743431,54,84.78315377734425,78.0
002600,Choheung Corporation,조흥보통주,KRX,Food: meat/fish/dairy,식품: 육류/어류/유제품,136700,10,82500003278.0,-2.0773638968481376,-5.463347164591978,-9.95945831320963,-14.455569461827285,-6.806620546665034,54,23.39902320417359,58.0
200880,"SEOYON E-HWA Co., Ltd.",서연이화보통주,KRX,Auto parts: OEM,자동차 부품: OEM,10850,457,291845709229.0,-2.34023402340234,-17.740712661106897,-10.128217965773574,-2.5157232704402515,-7.01302438882508,54,,
126720,"Soosan Industries Co., Ltd.",수산인더스트리보통주,KRX,Engineering & construction,엔지니어링 및 건설,21450,3847,300483633709.0,-2.0547945205479454,-21.139705882352942,-10.335660903705746,0.468384074941452,-7.023314350442625,54,176.01286781423758,87.0
350520,"IGIS RESIDENCE REIT Co., Ltd.",이지스레지던스리츠보통주,KRX,Real estate investment trusts,부동산 투자 신탁,3320,1145,122580125999.0,1.3740458015267176,-9.536784741144414,-12.094870519672465,-14.652956298200515,-6.707303991192792,54,101.21861228857378,81.0
203450,"UNION biometrics Co., Ltd.",유니온바이오메트릭스,KRX,Computer peripherals,컴퓨터 주변기기,2770,610,33278554687.999996,1.838235294117647,-11.217948717948717,-12.52965865135383,-13.841368584758943,-6.782501073165241,54,-77.01491502531644,21.0
130660,"Korea Electric Power Industrial Development Co., Ltd.",한전산업개발보통주,KRX,Electronic equipment/Instruments,전자 장비/기기,12490,24969,400653981247.0,2.5451559934318553,-32.70474137931034,-13.383753217220905,5.937234944868533,-7.012189532959801,54,-23.83175281063307,34.0
318410,"Best Bristle Company Co., Ltd.",비비씨,KRX,Textiles,텍스타일,6460,996,35831317449.0,10.238907849829351,-10.89655172413793,-18.279115908098884,-25.66168009205984,-6.871906404927591,54,292.54352009686073,91.0
260970,"S&D Co., Ltd.",에스앤디,KRX,Food: specialty/candy,식품: 특산품/과자,56500,154,165465519619.0,14.954221770091557,6.60377358490566,-21.13250234781866,-48.86877828054298,-6.697812700654575,54,29.480533577534118,60.0
434480,"MONITORAPP CO., LTD.",모니터랩,KRX,Information technology services,정보 기술 서비스,2815,17815,33099638747.999996,23.194748358862146,-15.465465465465465,-27.13490664577621,-38.80434782608695,-7.003044643920869,54,,
004890,"Dongil Industries Co., Ltd",동일산업보통주,KRX,Steel,스틸,34250,3,74096799040.0,1.1816838995568686,-11.953727506426736,-12.677243019964315,-13.400758533501897,-7.133672252155843,54,112.07207151468366,83.0
092780,"DYP Co.,Ltd",디와이피보통주,KRX,Industrial machinery,산업용 기계,3565,31996,44678097954.0,1.1347517730496455,-17.47685185185185,-12.379518253624235,-7.282184655396619,-6.973810242954682,54,,
000590,"CS Holdings Co., Ltd.",CS홀딩스보통주,KRX,Industrial machinery,산업용 기계,68700,368,70426761675.0,2.232142857142857,-9.006622516556291,-12.967640157915389,-16.928657799274486,-6.887726951892091,54,206.24393376214366,89.0
013870,GMB KOREA Corp.,지엠비코리아보통주,KRX,Auto parts: OEM,자동차 부품: OEM,3830,1310,72283937321.0,0.922266139657444,-20.208333333333332,-12.585556244830437,-4.962779156327543,-7.182427291035285,54,112.56288648138289,83.0
344860,"INNOGENE Co., Ltd.",이노진,KRX,Biotechnology,바이오테크놀로지,1390,1265,18946604570.0,9.019607843137255,-13.93188854489164,-17.274339475187112,-20.616790405482583,-6.756760547857366,54,-1007.0680737349314,4.0
094820,"ILJIN POWER CO., LTD",일진파워,KRX,Industrial machinery,산업용 기계,12030,7904,175054148293.0,-5.4245283018867925,-28.816568047337277,-8.454795651575616,11.906976744186046,-7.242688711700087,54,93.43776751160642,79.0
489500,"LK CHEM Co., Ltd.",엘케이켐,KRX,Chemicals: specialty,화학: 특수,23150,439,145720220375.0,1.5350877192982457,-30.060422960725077,-12.416575116726175,5.2272727272727275,-6.835909982316407,54,,
039740,"Korea Information Engineering Services Co., Ltd.",한국정보공학,KRX,Electronics distributors,전자 부품 유통업체,3010,715,24215559940.0,4.513888888888889,-30.0,-14.326599326599327,1.3468013468013469,-6.790404040404041,54,,
054950,"JVM Co., Ltd.",제이브이엠,KRX,Medical specialties,의학 전문 분야,23100,198,264913268089.00003,6.944444444444445,-3.95010395010395,-16.436590436590436,-28.923076923076923,-7.084176484176485,54,14.182789025328878,53.0
408920,Messe eSang Co.Ltd,메쎄이상,KRX,Miscellaneous commercial services,기타 상업 서비스,2865,1175,123058145599.0,0.5263157894736842,-9.19175911251981,-12.339242388118311,-15.486725663716815,-7.193019117081514,54,6.394996711731513,48.0
102260,"DONGSUNG CHEMICAL Co., Ltd.",동성케미컬보통주,KRX,Industrial specialties,산업 분야,3610,140,179604577961.0,1.404494382022472,-12.696493349455865,-12.630020817881409,-12.563548286306954,-7.016214737919857,54,51.86759510581154,70.0
418420,"RAONTECH, Inc.",라온텍,KRX,Semiconductors,세미컨덕터,4435,78610,126782448349.0,2.1889400921658986,-18.02218114602588,-13.100117488126811,-8.178053830227743,-6.9844944560097275,54,-1239.9497825468789,3.0
017800,"Hyundai Elevator Co., Ltd",현대엘리베이터보통주,KRX,Building products,건축 자재,73600,5091,2660943245697.0,1.5172413793103448,-13.817330210772834,-12.517832777280265,-11.218335343787697,-6.903803114644022,54,140.96891838892498,85.0
052300,Ocean In W Co.Ltd.,오션인더블유,KRX,Telecommunications equipment,통신 장비,1583,74892,24426553971.0,23.768569194683348,-14.200542005420054,-27.785456187895214,-41.370370370370374,-7.1638460348637905,54,-127.06645480463553,17.0
078890,"KAON Group Co., Ltd.",가온그룹,KRX,Telecommunications equipment,통신 장비,4480,3330,75816043625.0,-9.21985815602837,-24.579124579124578,-5.795236942777926,12.988650693568726,-7.165085428078104,54,,
082210,OPTRONTEC Inc.,옵트론텍,KRX,Semiconductors,세미컨덕터,1770,2206,60944150459.0,-0.4499437570303712,-8.809891808346213,-11.234214196856033,-13.658536585365853,-6.920506020925769,54,-202.89445072660743,12.0
000540,"Heungkuk Fire & Marine Insurance Co., Ltd",흥국화재해상보험보통주,KRX,Multi-line insurance,복합 보험,3410,2354,224729873292.0,8.598726114649681,-20.140515222482435,-17.657322287858133,-15.17412935323383,-7.154902926855007,54,120.1295947890577,84.0
240550,"Dongbang Medical Co., Ltd.",동방메디컬,KRX,Medical specialties,의학 전문 분야,6290,65866,126859670219.0,16.697588126159555,-3.0816640986132513,-23.3345540224008,-43.587443946188344,-7.321697162976656,53,134.94039245444628,85.0
060480,"KUKIL METAL Co., Ltd.",국일신동,KRX,Other metals/Minerals,기타 금속/광물,1490,8128,17411300240.0,1.3605442176870748,-14.613180515759312,-13.713845962970353,-12.814511410181392,-7.684089890707382,53,,
234690,GC WellBeing Corporation,녹십자웰빙,KRX,Pharmaceuticals: major,의약품: 주요,9110,7984,161066939735.0,10.157194679564691,-31.348907309721177,-19.14738521767979,-6.9458631256384065,-7.425553258781999,53,459.8429571099245,94.0
214430,"i3system, Inc.",아이쓰리시스템,KRX,Medical specialties,의학 전문 분야,68000,810,493925774002.0,13.90284757118928,-25.683060109289617,-22.025203524032563,-18.367346938775512,-7.6539830859438265,53,-4.349327342560586,43.0
083310,"LOT Vacuum Co., Ltd.",엘오티베큠,KRX,Electronic production equipment,전자 생산 장비,11050,11590,178099860764.0,4.245283018867925,-10.235580828594639,-15.110549284681099,-19.98551774076756,-7.3682163632614905,53,,
002210,"Dongsung Pharmaceutical Co., Ltd.",동성제약보통주,KRX,Pharmaceuticals: major,의약품: 주요,1289,3895,119426569977.0,-7.266187050359712,-7.266187050359712,-7.266187050359712,-7.266187050359712,-7.266187050359712,53,54.44954668465937,71.0
081660,Misto Holdings Corporation,미스토홀딩스보통주,KRX,Apparel/Footwear,어패럴/풋웨어,38400,8879,2004216916084.0,-9.540636042402827,-9.433962264150944,-5.862019300014403,-2.2900763358778624,-7.333465996969774,53,111.93278054301176,83.0
101240,"CQV Co., Ltd",씨큐브,KRX,Industrial specialties,산업 분야,3405,351,37867460442.0,12.376237623762377,-10.512483574244415,-20.862302393182812,-31.21212121212121,-7.566886386404736,53,12.884145507474212,52.0
009780,"MSC Co., Ltd",엠에스씨,KRX,Food: specialty/candy,식품: 특산품/과자,6740,710,118624002571.0,7.496012759170654,1.0494752623688155,-17.652788336709833,-36.35505193578848,-7.593267898357638,53,32.796091195619596,63.0
005750,DAELIM BATH,대림바스보통주,KRX,Building products,건축 자재,4315,2462,72342163696.0,3.9759036144578315,-23.22064056939502,-14.759071641917922,-6.297502714440825,-7.265081539367621,53,97.7567581267372,80.0
499790,"GS P&L Co.,Ltd.",지에스피앤엘보통주,KRX,Hotels/Resorts/Cruise lines,호텔/리조트/크루즈 라인,39500,14453,726095494461.0,3.9473684210526314,-8.458864426419467,-15.351479457304222,-22.244094488188978,-7.63194030596148,53,,
377740,"BioNote, Inc.",바이오노트보통주,KRX,Medical specialties,의학 전문 분야,4650,1711,467972019844.0,3.910614525139665,-10.919540229885058,-15.373563218390805,-19.82758620689655,-7.6598921209786175,53,-158.26638915175846,14.0
041930,SY DONG-A Co. Ltd.,동아화성,KRX,Auto parts: OEM,자동차 부품: OEM,5040,1404,70347733469.0,6.779661016949152,-16.694214876033058,-17.371497681918967,-18.048780487804876,-7.71103420237172,53,-39.945974385312525,28.0
001390,KG Chemical Corporation,KG케미칼보통주,KRX,Chemicals: agricultural,화학: 농업,4240,9864,279595621719.0,1.4354066985645932,-16.862745098039216,-13.846724809797736,-10.830704521556257,-7.733872206452805,53,73.19646534765981,76.0
002290,"SAMIL ENTERPRISE Co., Ltd.",삼일기업공사,KRX,Homebuilding,홈빌딩,3290,596,40547998753.0,-1.9374068554396424,-16.39135959339263,-10.925564854167579,-5.459770114942529,-7.330301654676404,53,-23.370236891981456,34.0
367000,"PLATEER Co., Ltd.",플래티어,KRX,Packaged software,패키지 소프트웨어,3325,3085,26577835846.0,14.655172413793103,-15.178571428571429,-22.47840926233218,-29.778247096092926,-7.624976591882065,53,,
424980,MICRO2NANO INC.,마이크로투나노,KRX,Semiconductors,세미컨덕터,8610,3744,50488131695.0,5.0,-25.903614457831324,-15.799561883899234,-5.695509309967141,-7.47973713033954,53,,
069080,Webzen Inc.,웹젠,KRX,Internet software/Services,인터넷 소프트웨어/서비스,11640,16972,287641649208.0,-1.5228426395939085,-3.8810900082576385,-11.663728395132278,-19.44636678200692,-7.607374092916931,53,-14.195582750692285,38.0
088800,ACE TECHNOLOGIES Corporation,에이스테크놀로지,KRX,Telecommunications equipment,통신 장비,2235,37324,165547635727.0,8.495145631067961,-44.540942928039705,-18.02289864848587,8.495145631067961,-7.415680936664339,53,44.99521800505212,67.0
002390,"Handok, Inc.",한독보통주,KRX,Pharmaceuticals: other,의약품: 기타,8430,250,115338411503.0,18.2328190743338,-21.141253507951358,-24.85028777092483,-28.559322033898304,-7.617045032821379,53,-6.539503993826806,42.0
153710,"Optipharm Co., Ltd.",옵티팜,KRX,Pharmaceuticals: major,의약품: 주요,4585,707,67115058374.0,-0.8648648648648649,-13.162878787878787,-11.980272078764298,-10.797665369649806,-7.534109193204524,53,32.10899677966714,62.0
001560,"CHEILGRINDING WHEEL INDUSTRIAL Co., Ltd.",제일연마공업보통주,KRX,Industrial machinery,산업용 기계,9170,48,59627198801.0,2.229654403567447,-18.416370106761565,-14.301231086681469,-10.186092066601372,-7.688876890581904,53,-27.200246277085288,32.0
481070,"AU Brandz Co., Ltd.",에이유브랜즈,KRX,Wholesale distributors,도매 유통업체,15240,622,220255939217.0,14.50037565740045,-12.363427257044279,-22.464899469230105,-32.56637168141593,-7.6787894185778836,53,15.54118252920736,53.0
301300,"VAIV Co., Inc.",바이브컴퍼니,KRX,Information technology services,정보 기술 서비스,1579,634,20998348537.0,57.9,-36.33064516129032,-50.983603320579874,-65.63656147986943,-7.4301619923479265,53,-286.41332821189707,10.0
001260,"Namkwang Engineering & Construction Co., Ltd.",남광토건보통주,KRX,Engineering & construction,엔지니어링 및 건설,7730,2914,75347888346.0,-9.165687426556993,-10.739030023094688,-6.445464378635952,-2.151898734177215,-7.533553597804368,53,-28.446212766843136,32.0
289010,"i-Scream Edu Co.,Ltd.",아이스크림에듀,KRX,Commercial printing/Forms,상업 인쇄 / 서식,1148,3704,16060289116.0,27.555555555555557,-26.457399103139014,-30.854193065387896,-35.250987027636775,-7.490293617010514,53,,
003280,"Heung-A Shipping Co., Ltd",흥아해운보통주,KRX,Marine shipping,해상 운송,1806,398738,426950632767.0,10.121951219512194,-49.693593314763234,-19.277565888150846,11.138461538461538,-7.517759045085629,53,-50.090057237113,26.0
017390,"SEOUL CITY GAS CO., LTD.",서울도시가스보통주,KRX,Gas distributors,가스 유통업체,54400,1270,208887166381.0,-0.5484460694698354,-13.513513513513514,-12.6009126009126,-11.688311688311689,-7.779925988335496,52,-47.518725652933064,27.0
117580,Daesung Energy Co. Ltd.,대성에너지보통주,KRX,Gas distributors,가스 유통업체,7150,12719,191449615479.0,6.398809523809524,-21.772428884026258,-17.500292111916043,-13.228155339805825,-7.940651457625815,52,,
000950,"Chonbang Co., Ltd",전방보통주,KRX,Textiles,텍스타일,29250,22,33614364445.0,6.751824817518248,-13.333333333333334,-17.976190476190478,-22.61904761904762,-8.084984358706988,52,,
027410,BGF CO. LTD.,BGF보통주,KRX,Air freight/Couriers,항공/운수,3725,4429,355079511185.0,-3.4974093264248705,-17.861080485115767,-11.357104738087896,-4.853128991060026,-8.213226573422686,52,-5.696029695803881,42.0
074430,AMINOLOGICS Co. Ltd,아미노로직스,KRX,Medical distributors,의료 유통업체,1070,3552,95327908920.0,-4.9733570159857905,-24.912280701754387,-9.746780744965864,5.41871921182266,-7.837411253373835,52,,
363250,"Genesystem Co., Ltd.",진시스템,KRX,Medical specialties,의학 전문 분야,4405,5,34801481438.0,27.128427128427127,-35.12518409425626,-31.63273886605146,-28.140293637846657,-8.128272468260025,52,-11.066633550410241,40.0
037710,"Gwangju Shinsegae Co., Ltd.",광주신세계보통주,KRX,Department stores,백화점,34950,1894,252846384358.0,-25.953389830508474,-6.3002680965147455,4.051175280711531,14.402618657937808,-7.950650763776473,52,18.383712132006167,54.0
051600,"KEPCO Plant Service & Engineering Co., Ltd",한전KPS 보통주,KRX,Engineering & construction,엔지니어링 및 건설,45800,8809,2058750000000.0,-0.5428881650380022,-20.48611111111111,-13.075187378418583,-5.664263645726056,-8.062267693066351,52,-18.32886953750836,36.0
030000,Cheil Worldwide Inc,제일기획보통주,KRX,Advertising/Marketing services,광고/마케팅 서비스,17830,13621,1790607852173.0,-4.036598493003229,-8.32904884318766,-10.992611588664047,-13.656174334140436,-8.210206350399721,52,19.172576854205527,55.0
094970,"JMT Co., Ltd.",제이엠티,KRX,Electronic production equipment,전자 생산 장비,2650,1204,44537840614.0,0.0,-15.739268680445152,-13.106120826709063,-10.472972972972974,-7.863672496025439,52,117.29501278049572,83.0
038460,"Biosmart Co., Ltd.",바이오스마트,KRX,Semiconductors,세미컨덕터,2830,4696,68033166161.0,7.196969696969697,-30.806845965770172,-18.158013967860043,-5.509181969949917,-8.016020501928148,52,,
377330,"EGTRONICS Co., Ltd.",이지트로닉스,KRX,Electronic equipment/Instruments,전자 장비/기기,2790,569,21315078623.0,13.184584178498985,-11.987381703470032,-22.257294237466574,-32.52720677146312,-8.080542871080352,52,-17.63139409551598,37.0
054220,"Vitzrosys Co., Ltd.",비츠로시스,KRX,Industrial machinery,산업용 기계,1707,15519,21769175455.0,21.494661921708186,-39.035714285714285,-27.5768252018252,-16.117936117936118,-7.948230352411846,52,,
045660,"Atec Co., Ltd",에이텍,KRX,Computer peripherals,컴퓨터 주변기기,8670,47,63012934399.0,6.25,-5.658324265505985,-17.383536621714562,-29.10874897792314,-7.930121973028738,52,17.085541090738445,54.0
032750,"Samjin Co., Ltd.",삼진,KRX,Electronics/Appliances,일렉트로닉스/어플라이언스,2975,7,26849546933.0,6.0606060606060606,-8.88208269525268,-17.346278255357014,-25.810473815461346,-7.983524528971785,52,96.54467039235377,80.0
006040,"Dongwon Industries Co., Ltd",동원산업보통주,KRX,Air freight/Couriers,항공/운수,35250,873,1553694274902.0,4.75482912332838,-10.305343511450381,-16.20239551263127,-22.099447513812155,-7.81950565824741,52,142.80469546720377,85.0
006280,GC Biopharma Corp.,녹십자보통주,KRX,Pharmaceuticals: major,의약품: 주요,123800,834,1407244784546.0,-1.823949246629659,-15.494880546075086,-12.498902261341637,-9.502923976608187,-8.228921055456846,52,-81.27214921875992,20.0
054050,NH NONGWOOBIO CO. LTD.,농업회사법인 엔에이치농우바이오,KRX,Agricultural commodities/Milling,농산물/제분,7050,619,113336069431.0,2.4709302325581395,-10.305343511450381,-14.866957470010904,-19.428571428571427,-7.931802388983288,52,19.705029733283514,55.0
010470,"ORICOM, Inc.",오리콤,KRX,Advertising/Marketing services,광고/마케팅 서비스,4945,135,58023718357.0,7.96943231441048,-17.445742904841403,-18.519619419900376,-19.59349593495935,-7.923998726176034,52,-32.78686208706192,30.0
100220,Visang Education Inc.,비상교육 보통주,KRX,Publishing: books/magazines,출판: 도서/잡지,4995,57,61196314602.0,-3.9423076923076925,-10.803571428571429,-10.883069136745608,-10.962566844919786,-8.106764558970443,52,,
0030R0,Daishin Value Reit Co Ltd,대신밸류리츠위탁관리부동산투자회사보통주,KRX,Real estate investment trusts,부동산 투자 신탁,3830,614,221484895477.0,-1.668806161745828,-11.852704257767549,-12.304484247334798,-12.75626423690205,-8.05021301309921,52,,
083470,"EMnI Co., Ltd.",이엠앤아이,KRX,Industrial specialties,산업 분야,906,3408,19610469778.0,1.342281879194631,-16.727941176470587,-13.995704182750476,-11.263467189030363,-7.860509757972434,52,,
047810,"Korea Aerospace Industries, Ltd.",한국항공우주산업보통주,KRX,Aerospace & defense,항공우주 및 방위산업,130100,28078,12428075923920.0,-14.238628872775214,-25.65714285714286,-3.799533316048743,18.058076225045372,-7.975171538739332,52,-14.64645281912558,38.0
019770,"Seoyon Topmetal Co., Ltd.",서연탑메탈,KRX,Auto parts: OEM,자동차 부품: OEM,3200,113,37338248777.0,3.392568659127625,-15.2317880794702,-15.175575737347831,-15.119363395225465,-7.748317978757649,52,24.036309127947355,58.0
002230,"PS Tec. Co., Ltd.",피에스텍,KRX,Electronic equipment/Instruments,전자 장비/기기,5070,2438,80394144058.0,0.5952380952380952,-46.17834394904459,-13.651891786949024,18.87456037514654,-7.953039834074177,52,119.05116216850226,83.0
214330,"Kumho HT, Inc.",금호에이치티보통주,KRX,Auto parts: OEM,자동차 부품: OEM,6690,5773,12055682445.0,27.428571428571427,-19.591346153846153,-32.013281050345,-44.435215946843854,-8.23654005877843,52,,
090150,"iWIN CO., LTD.",아이윈,KRX,Office equipment/Supplies,사무용품/소모품,5950,418,11965625501.0,16.666666666666668,-23.324742268041238,-25.29317797998639,-27.26161369193154,-8.509240121325167,51,,
036570,NC Corporation,엔씨소프트보통주,KRX,Packaged software,패키지 소프트웨어,218000,9651,4111397201538.0,-15.83011583011583,-5.010893246187364,-3.2955143431839753,-1.580135440180587,-8.309354937956718,51,,
333050,"Innotena, Inc.",모코엠시스,KRX,Information technology services,정보 기술 서비스,5760,712,19993730464.0,9.297912713472487,-11.11111111111111,-20.39072039072039,-29.67032967032967,-8.51526714904324,51,-14.388647345667597,38.0
365900,VC Inc.,브이씨,KRX,Recreational products,레크리에이션 제품,2575,1259,18568161678.0,6.625258799171843,-15.016501650165017,-18.669638457058376,-22.322775263951733,-8.551679554566288,51,173.95073141157582,87.0
357230,"H.PIO Co., Ltd.",에이치피오,KRX,Pharmaceuticals: other,의약품: 기타,2120,1133,86886897469.0,3.9215686274509802,-10.736842105263158,-16.822966507177036,-22.90909090909091,-8.525152453325829,51,12.633446966296159,51.0
080420,"Moda-InnoChips Co., Ltd.",모다이노칩,KRX,Department stores,백화점,1620,27,126584375061.0,9.01749663526245,-18.14047498736736,-20.127929801375988,-22.115384615384617,-8.469759226720612,51,-159.38247076354412,14.0
100840,"SNTEnergy Co., Ltd.",SNT에너지보통주,KRX,Industrial machinery,산업용 기계,36750,12604,714222636223.0,24.576271186440678,-28.50194552529183,-30.223194984868137,-31.944444444444443,-8.303408516344613,51,119.59880839195775,84.0
067080,"DAE HWA PHARM Co., Ltd.",대화제약,KRX,Pharmaceuticals: major,의약품: 주요,11530,6218,200565655708.0,17.893660531697343,-20.427881297446515,-25.692982564890922,-30.95808383233533,-8.258325326255617,51,,
207940,"SAMSUNG BIOLOGICS Co., Ltd.",삼성바이오로직스보통주,KRX,Biotechnology,바이오테크놀로지,1389000,5350,63233438758850.0,-4.140786749482402,-11.528662420382165,-11.068786655735527,-10.60891089108889,-8.297586693234276,51,35.54085428813727,64.0
266470,"Bioinfra Life Science, Inc.",바이오인프라생명과학,KRX,Medical specialties,의학 전문 분야,99,11000,2786602020.0,10.0,-2.9411764705882355,-20.533088235294116,-38.125,-8.319852941176471,51,,
006840,"AK Holdings, Inc.",AK홀딩스보통주,KRX,Chemicals: specialty,화학: 특수,6880,168,89100731077.0,17.006802721088434,-16.097560975609756,-25.13012020072354,-34.16267942583732,-8.275351031998749,51,,
002630,"ORIENTBIO, Inc.",오리엔트바이오보통주,KRX,Miscellaneous commercial services,기타 상업 서비스,1795,3752,54194862728.0,13.895939086294415,-24.06937394247039,-23.548409098164868,-23.027444253859347,-8.570669824381156,51,,
111110,HOJEON LTD,호전실업보통주,KRX,Apparel/Footwear,어패럴/풋웨어,6430,62,55095636168.0,1.5797788309636651,-11.917808219178083,-15.055596221548328,-18.193384223918574,-8.401446200543532,51,,
000220,"Yuyu Pharma, Inc.",유유제약보통주,KRX,Pharmaceuticals: major,의약품: 주요,3735,9262,53439207425.0,-2.0969855832241153,-10.859188544152744,-12.695040496332664,-14.530892448512585,-8.455818531089246,51,952.4424360456396,97.0
018700,"JOLSE CO.,LTD.",바른손,KRX,Restaurants,레스토랑,1280,6009,21877630775.0,39.89071038251366,-21.13370301910043,-40.940969878148806,-60.74823673719718,-8.60829777388382,51,,
024120,"KB Autosys Co., Ltd",KB오토시스,KRX,Auto parts: OEM,자동차 부품: OEM,3095,448,35132500000.0,0.9787928221859706,-19.714656290531778,-14.542540443948173,-9.370424597364568,-8.334007137494515,51,394.95402012413024,93.0
264900,"CROWN CONFECTIONERY CO.,LTD",크라운제과보통주,KRX,Food: specialty/candy,식품: 특산품/과자,7670,1242,97957547258.0,-2.911392405063291,-7.142857142857143,-12.46746286939213,-17.792068595927116,-8.645034683660596,51,-19.561642688902438,35.0
362990,"DREAMINSIGHT Co., Ltd.",드림인사이트,KRX,Advertising/Marketing services,광고/마케팅 서비스,1252,1584,21479561939.0,23.34975369458128,-20.254777070063696,-30.031234688878,-39.80769230769231,-8.678839335494288,51,-64.1705392818929,23.0
046390,"SAMHWA NETWORKS Co., Ltd.",삼화네트웍스,KRX,Telecommunications equipment,통신 장비,2125,912,28945099053.0,23.117033603707995,-16.007905138339922,-29.442124612180713,-42.876344086021504,-8.41846132582523,51,-11.609840357826354,39.0
004990,Lotte Corp,롯데지주보통주,KRX,Food: specialty/candy,식품: 특산품/과자,24500,8912,1740656754190.0,2.2964509394572024,-12.811387900355871,-15.435794284626096,-18.06020066889632,-8.342896194992777,51,,
004000,"LOTTE Fine Chemical Co,. Ltd.",롯데정밀화학보통주,KRX,Chemicals: specialty,화학: 특수,43350,1978,1097756970406.0,-4.934210526315789,-13.3,-10.679692470837752,-8.059384941675503,-8.381499693028967,51,,
298540,"Nature Holdings Co., Ltd.",더네이쳐홀딩스,KRX,Apparel/Footwear,어패럴/풋웨어,6670,367,94351763763.0,12.478920741989882,-9.742895805142084,-22.14328303505387,-34.543670264965655,-8.29440152423637,51,-10.272513392488872,40.0
068100,Kweather Co. Ltd,케이웨더,KRX,Miscellaneous commercial services,기타 상업 서비스,2355,775,27546767521.0,2.391304347826087,-15.591397849462366,-15.742127496159753,-15.892857142857142,-8.488754758565419,51,,
025860,Namhae Chemical Corporation,남해화학보통주,KRX,Chemicals: specialty,화학: 특수,6090,19964,291048585548.0,2.8716216216216215,-21.216041397153944,-16.025297418928364,-10.834553440702782,-8.466529802708369,51,-18.34171637087655,36.0
084690,"Daesang Holdings Co., Ltd",대상홀딩스 보통주,KRX,Food: specialty/candy,식품: 특산품/과자,7770,2186,292659441337.0,2.102496714848883,-14.615384615384615,-15.578368999421631,-16.541353383458645,-8.506022713713426,51,-259.00511670954177,11.0
001680,Daesang Corporation,대상보통주,KRX,Food: specialty/candy,식품: 특산품/과자,17750,5626,636826180525.0,2.601156069364162,-12.345679012345679,-15.740037683849376,-19.134396355353076,-8.403560182563961,51,-203.4936837400037,12.0
065060,Great New Wave Coming Co. Ltd.,지엔코,KRX,Apparel/Footwear,어패럴/풋웨어,3125,2985,19367661130.0,4.166666666666667,-1.5748031496062993,-17.18525103716874,-32.795698924731184,-8.644483955634577,51,,
159910,"EcoGlow Co., Ltd.",에코글로우,KRX,Medical distributors,의료 유통업체,2995,860,30908215714.0,0.6722689075630253,-15.633802816901408,-15.0922223784935,-14.550641940085592,-8.78642586407089,50,-1361.1164633840667,3.0
019170,"Shinpoong Pharmaceutical Co., Ltd.",신풍제약보통주,KRX,Pharmaceuticals: major,의약품: 주요,9300,16354,475204279697.0,9.154929577464788,-12.264150943396226,-21.090628599053048,-29.91710625470987,-8.992405328445914,50,,
070300,QuantumRail Inc.,엑스큐어,KRX,Semiconductors,세미컨덕터,1385,65428,51473118233.0,1.838235294117647,-30.506773707977924,-16.209477505547035,-1.9121813031161472,-8.990392385681163,50,,
356890,"CyberOne Co., Ltd.",싸이버원,KRX,Packaged software,패키지 소프트웨어,2550,6491,30418909497.0,20.85308056872038,-15.980230642504118,-28.94683513901971,-41.913439635535305,-9.026868855923675,50,7.686638093922685,49.0
045970,CoAsia Corp.,코아시아,KRX,Electronic production equipment,전자 생산 장비,3595,8024,87343340874.0,30.727272727272727,-25.56935817805383,-35.21566068411894,-44.86196319018405,-8.838487319562272,50,,
036580,FARMSCO,팜스코보통주,KRX,Agricultural commodities/Milling,농산물/제분,2495,1319,88772751732.0,-1.7716535433070866,-19.516129032258064,-13.468639655275599,-7.421150278293135,-8.789845210488195,50,,
026910,"Kwang Jin Industry Co., Ltd.",광진실업,KRX,Steel,스틸,2540,30975,20137948370.0,-41.60919540229885,34.03693931398417,12.538182918640832,-8.960573476702509,-9.120768409735044,50,-80.15276156346133,20.0
066700,"Theragen Etex Co., Ltd",테라젠이텍스,KRX,Pharmaceuticals: major,의약품: 주요,2220,54597,77768636475.0,10.173697270471465,-22.64808362369338,-21.822262452416084,-20.99644128113879,-9.023878563261064,50,,
264660,"C&G HI Tech Co., Ltd.",씨앤지하이테크,KRX,Semiconductors,세미컨덕터,13750,4606,127068493671.0,-1.6452074391988556,-17.61533852606351,-13.873028740155938,-10.130718954248366,-8.981900219773106,50,178.99919617217031,88.0
217950,PHARMARESEARCH BIO Co. Ltd.,파마리서치바이오,KRX,Biotechnology,바이오테크놀로지,29950,17,124376897931.0,-4.617834394904459,-6.259780907668231,-11.819545626247908,-17.379310344827587,-8.93886113371053,50,,
244880,NANOOMTECH Co. Ltd.,나눔테크,KRX,Medical specialties,의학 전문 분야,1748,10,8624359967.0,-2.346368715083799,-6.971793507184673,-13.39415363432628,-19.81651376146789,-8.975039666629288,50,,
035420,NAVER Corp.,NAVER보통주,KRX,Packaged software,패키지 소프트웨어,198900,163824,28178258747864.0,-2.975609756097561,-4.60431654676259,-12.7594147346139,-20.91451292246521,-8.845892743207365,50,23.23525212842031,57.0
001520,TONGYANG Incorporated,동양보통주,KRX,Construction materials,건축 자재,1143,135043,111580732776.0,4.478976234003657,-24.90144546649146,-17.662321479327233,-10.423197492163009,-8.805802393994878,50,,
225220,GENOLUTION INC.,제놀루션,KRX,Biotechnology,바이오테크놀로지,1421,4140,25979728065.0,26.19893428063943,-24.37466737626397,-32.20843073454549,-40.042194092827,-8.84548472847152,50,,
040610,SG & G Corporation,에스지엔지,KRX,Internet software/Services,인터넷 소프트웨어/서비스,3165,307,52696349468.0,5.149501661129568,-23.55072463768116,-18.371632203645845,-13.192539769610532,-8.96317865773568,50,1687.2041173362095,98.0
065530,Wiable Corp.,와이어블,KRX,Engineering & construction,엔지니어링 및 건설,1241,5930,59128703110.0,11.902614968440036,-35.99793708096957,-22.70699773756508,-9.416058394160585,-8.863152655163033,50,100.49440012338384,81.0
417790,"TRUEN Co., Ltd.",트루엔,KRX,Telecommunications equipment,통신 장비,6580,1220,66976268883.0,3.7854889589905363,-9.863013698630137,-17.24536710131965,-24.627720504009165,-8.833024677195576,50,-2.2059998405014447,44.0
462870,SHIFT UP Corp,시프트업보통주,KRX,Packaged software,패키지 소프트웨어,31550,1361,1823083046150.0,-3.95738203957382,-2.773497688751926,-12.291333726656013,-21.8091697645601,-8.957753051823136,50,3.1189918084068404,46.0
041510,SM ENTERTAINMENT CO. Ltd.,에스엠엔터테인먼트,KRX,Movies/Entertainment,무비/엔터테인먼트,82300,14861,1891101357651.0,12.585499316005471,-8.657047724750278,-23.10697606267863,-37.55690440060698,-8.82998591120499,50,346.25654125140295,92.0
089470,"HDC Hyundai Engineering Plastics Co., Ltd.",에이치디씨현대이피보통주,KRX,Chemicals: specialty,화학: 특수,3795,6059,96995498571.0,-1.3003901170351104,-21.265560165975103,-14.182351686414723,-7.099143206854345,-9.02956705866288,50,40.741210578107,66.0
272450,"JIN AIR Co., Ltd.",진에어보통주,KRX,Airlines,에어라인즈,5940,14773,311263150482.0,1.0204081632653061,-4.3478260869565215,-15.279503105590063,-26.211180124223603,-8.759538598047916,50,-257.48618328042966,11.0
009450,"Kyung Dong Navien Co., Ltd.",경동나비엔보통주,KRX,Electronics/Appliances,일렉트로닉스/어플라이언스,60600,750,870066470528.0,-5.3125,-4.566929133858268,-11.058974771010766,-17.551020408163264,-8.76038486260646,50,130.1341522068322,84.0
413390,"MOT Co., LTD",엠오티,KRX,Trucks/Construction/Farm machinery,트럭/건설/농기계,6290,3394,68728814363.0,1.779935275080906,-24.216867469879517,-15.926348566070448,-7.63582966226138,-8.843835029609906,50,,
008420,"Moonbae Steel Co., Ltd.",문배철강보통주,KRX,Steel,스틸,2085,4701,38435520802.0,-9.347826086956522,-6.081081081081081,-8.866811726981219,-11.652542372881356,-9.05921747097134,50,95.55968949215782,80.0
112190,"KC Industry Co., Ltd.",케이씨산업,KRX,Engineering & construction,엔지니어링 및 건설,1167,28,41744979973.0,-2.75,5.135135135135135,-13.108903020667725,-31.352941176470587,-8.965341812400636,50,,
010770,"Pyung Hwa Holdings Co., Ltd.",평화홀딩스보통주,KRX,Auto parts: OEM,자동차 부품: OEM,3495,1146,50289418130.0,-10.154241645244216,-6.675567423230975,-8.007044412004593,-9.33852140077821,-8.865923305300443,50,492.0916765326763,94.0
001290,"SANGSANGININVESTMENT&SECURITIES CO.,LTD.",상상인증권보통주,KRX,Investment banks/Brokers,투자은행/중개사,4145,4995,79454257250.0,-5.148741418764302,-29.4468085106383,-11.718289165805082,6.010230179028133,-9.090470066988772,50,,
014820,Dongwon Systems Corporation,동원시스템즈보통주,KRX,Computer communications,컴퓨터 통신,20800,1409,606636975855.0,8.333333333333334,-17.786561264822133,-21.143734352919232,-24.500907441016334,-9.352907278418208,49,8.44224623349897,49.0
095190,SHINHWAPRITECH CO. LTD.,이엠코리아,KRX,Industrial machinery,산업용 기계,1829,10629,119426641617.0,2.8683914510686166,-17.61261261261261,-17.332383403811974,-17.052154195011337,-9.252073461859737,49,,
089010,"Chemtronics Co., Ltd.",켐트로닉스,KRX,Chemicals: specialty,화학: 특수,24800,91771,383199079609.0,-4.2471042471042475,-7.977736549165121,-12.586531045868036,-17.195325542570952,-9.25076032636252,49,62.14855863122969,73.0
382900,"Bumhan Fuel Cell Co., Ltd.",범한퓨얼셀,KRX,Information technology services,정보 기술 서비스,24550,27719,205980010986.0,-1.8,-7.879924953095685,-14.21504338269671,-20.550161812297734,-9.249026029618026,49,-1171.2690120097866,3.0
474650,"Lincsolution Co., Ltd.",링크솔루션,KRX,Information technology services,정보 기술 서비스,27800,1655,155913944101.0,-13.93188854489164,-52.640545144804086,-6.1182523703818426,40.4040404040404,-9.243706840185764,49,,
095270,"Wave Electronics Co., Ltd.",웨이브일렉트로닉스,KRX,Telecommunications equipment,통신 장비,4195,2069,54234070301.0,15.089163237311386,-15.080971659919028,-25.4195057380759,-35.758039816232774,-9.216038147920987,49,,
455900,"Angel Robotics Co., Ltd.",엔젤로보틱스,KRX,Electronic equipment/Instruments,전자 장비/기기,21000,3941,327100857496.0,2.6894865525672373,-17.80821917808219,-17.071440266331933,-16.334661354581673,-9.167069538772266,49,26.074219572764754,59.0
007370,"Jin Yang Pharmaceutical Co., Ltd.",진양제약,KRX,Pharmaceuticals: major,의약품: 주요,3955,84,52325425177.0,9.25414364640884,-11.123595505617978,-21.87355243764715,-32.62350936967632,-9.422474004024753,49,-8.052481638525098,41.0
101530,"Haitai Confectionery & Foods Co., Ltd.",해태제과식품주식회사,KRX,Food: specialty/candy,식품: 특산품/과자,5530,25162,146642671127.0,1.0968921389396709,-12.222222222222221,-16.326938449240608,-20.431654676258994,-9.357406213968495,49,-17.439272895094067,37.0
072130,UANGEL Corp.,유엔젤보통주,KRX,Major telecommunications,주요 통신사,4795,1271,57828662481.0,-9.698681732580038,-5.7956777996070725,-9.306929808894445,-12.818181818181818,-9.463630578368683,49,,
009420,"Hanall Biopharma Co., Ltd.",한올바이오파마보통주,KRX,Pharmaceuticals: major,의약품: 주요,43750,158315,2366341365814.0,-35.661764705882355,-24.176776429809358,8.249232363873457,40.67524115755627,-9.315166464028868,49,-2059.7239724937904,2.0
049720,Korea Credit Information CO. LTD.,고려신용정보,KRX,Miscellaneous commercial services,기타 상업 서비스,9090,7690,126408730888.0,-4.416403785488959,-11.489776046738072,-12.78647592507036,-14.083175803402646,-9.4384470692378,49,-2.812661770555201,43.0
091120,"EM-Tech. Co., Ltd.",이엠텍,KRX,Electronic production equipment,전자 생산 장비,4995,4623,76342223396.0,30.078125,-21.70846394984326,-35.70317457310894,-49.69788519637462,-9.390654743865365,49,-62.39153780922889,24.0
142280,GC Medical Science Corporation,녹십자엠에스,KRX,Medical specialties,의학 전문 분야,3185,17570,75603365231.0,2.576489533011272,-12.62002743484225,-17.325925590126143,-22.031823745410037,-9.364959540871178,49,-128.49810754761853,16.0
078130,"Kukil Paper Mfg. Co., Ltd.",국일제지,KRX,Pulp & paper,펄프 및 제지,3460,7475,393464642792.0,-13.5,9.841269841269842,-6.720163305529159,-23.28159645232816,-9.432097983317496,49,-10.222548797595287,40.0
363280,TY Holdings Co. Ltd.,티와이홀딩스보통주,KRX,Semiconductors,세미컨덕터,2020,1,81617565842.0,15.428571428571429,-24.485981308411215,-26.042273808327472,-27.59856630824373,-9.453935713567912,49,-101.42527615372254,18.0
052420,"OSUNG ADVANCED MATERIALS Co., Ltd.",오성첨단소재,KRX,Semiconductors,세미컨덕터,9870,1057,62117016063.0,27.027027027027028,-26.34328358208955,-33.29876043511257,-40.25423728813559,-9.168445450256733,49,1627.774464459288,98.0
038880,"iA, Inc.",아이에이,KRX,Semiconductors,세미컨덕터,3270,1078,23035100682.0,64.81854838709677,-52.262773722627735,-58.455711185638194,-64.64864864864865,-9.146007356544208,49,34.41154658131661,63.0
037030,Powernet Technologies Corp.,파워넷,KRX,Electronic production equipment,전자 생산 장비,3775,76755,92974321918.0,-11.799065420560748,-29.439252336448597,-7.695456983934268,14.04833836858006,-9.33690035858486,49,-32.52091289084328,30.0
481850,"Shinhan Global Active REIT Co., Ltd.",신한글로벌액티브리츠보통주,KRX,Real estate investment trusts,부동산 투자 신탁,980,2403,42260290329.0,8.76803551609323,-10.256410256410257,-21.404874088975948,-32.55333792154164,-9.335710246948278,49,,
300080,"Flitto, Inc.",플리토,KRX,Packaged software,패키지 소프트웨어,8620,491,140517327309.0,7.75,-21.27853881278539,-20.620699304257133,-19.96285979572888,-9.272419582554281,49,131.5104561937291,84.0
017510,"Semyung Electric Machinery Co., Ltd.",세명전기공업,KRX,Tools & hardware,공구 및 하드웨어,7880,23861,117699122238.0,-1.6229712858926342,-12.151616499442586,-14.160914632700017,-16.170212765957448,-9.145737293977064,49,29.40431556965943,60.0
103140,Poongsan Corporation,풍산 보통주,KRX,Other metals/Minerals,기타 금속/광물,78200,7868,2095005095673.0,16.196136701337295,-12.2334455667789,-26.0629180178245,-39.8923904688701,-9.159296130159783,49,7.9819056936467945,49.0
029530,"Sindoh Co., Ltd.",신도리코보통주,KRX,Computer peripherals,컴퓨터 주변기기,39250,317,324558191872.0,-1.7521902377972465,-22.123015873015873,-14.33531746031746,-6.5476190476190474,-9.302066571309375,49,31.6110750041165,62.0
000080,HITEJINRO CO LTD,하이트진로보통주,KRX,Beverages: alcoholic,음료: 알콜류,15050,4294,1042022007487.0,1.278600269179004,-11.418481459682166,-16.103977571946345,-20.789473684210527,-9.150946435496206,49,-15.20490072865852,38.0
064550,Bioneer Corporation,바이오니아,KRX,Biotechnology,바이오테크놀로지,8610,73921,211128182755.0,22.82453637660485,-21.940163191296463,-30.674515093185178,-39.40886699507389,-9.274894505269167,49,-1.7396786542558722,44.0
089140,"NEXTURN&ROLLKOREA Co., Ltd.",넥스턴앤롤코리아,KRX,Industrial machinery,산업용 기계,2085,1195,32227022915.0,-7.333333333333333,-4.137931034482759,-10.617673270720504,-17.09741550695825,-9.303937295765635,49,-354.04405800396444,8.0
198080,"CAP Co.,Ltd.",캐프,KRX,Telecommunications equipment,통신 장비,2095,4837,45439236031.0,-5.417607223476298,-20.342205323193916,-12.772912616348089,-5.203619909502263,-9.830790459199372,48,22.538458784511892,57.0
192410,ONEUL E&M co.Ltd.,오늘이엔엠,KRX,Telecommunications equipment,통신 장비,3630,5190,93132550049.0,0.8333333333333334,-30.192307692307693,-17.029416558018255,-3.8665254237288136,-9.88431660147762,48,44.25726463465554,67.0
210540,DY POWER Corporation,디와이파워보통주,KRX,Industrial machinery,산업용 기계,11140,3418,122497940826.0,-2.7074235807860263,-18.62673484295106,-14.028814575947074,-9.43089430894309,-9.500258177882657,48,85.39289333317613,78.0
214390,"Kyongbo Pharmaceutical Co., Ltd.",경보제약보통주,KRX,Pharmaceuticals: major,의약품: 주요,5440,2592,128857967014.0,4.615384615384615,-26.97986577181208,-19.262290609483276,-11.544715447154472,-9.71122051953612,48,,
439580,BLUEMTEC CO. LTD.,블루엠텍,KRX,Medical distributors,의료 유통업체,2655,57617,91724140129.0,32.08955223880597,-21.91176470588235,-37.376841500365686,-52.84191829484902,-9.590284004697025,48,,
267850,Asiana IDT Inc.,아시아나IDT보통주,KRX,Information technology services,정보 기술 서비스,9270,37,101787003498.0,0.0,-10.0,-15.786802030456853,-21.573604060913706,-9.472081218274113,48,20.64877774207488,56.0
038540,"Sangsangin Co., Ltd.",상상인,KRX,Information technology services,정보 기술 서비스,1904,1133,104304465637.0,-10.18867924528302,-15.56541019955654,-9.555754745168342,-3.5460992907801416,-9.808924545214213,48,,
462980,"Aiji net, Inc.",아이지넷,KRX,Packaged software,패키지 소프트웨어,1621,2149,29703899408.0,18.754578754578755,-28.747252747252748,-29.057722234192823,-29.3681917211329,-9.932801838684192,48,1004.8445377397923,97.0
336370,"Solus Advanced Materials Co., Ltd.",솔루스첨단소재보통주,KRX,Other metals/Minerals,기타 금속/광물,7940,34893,560168343163.0,-13.413304252998909,-13.695652173913043,-7.098452653372561,-0.5012531328320802,-9.624393293223102,48,,
054930,Yooshin Engineering Corporation,유신,KRX,Engineering & construction,엔지니어링 및 건설,18230,3282,54180000000.0,6.359393232205368,-23.723849372384937,-20.430106504374287,-17.136363636363637,-9.714306609742426,48,75.85583443987446,76.0
033310,"M2N Co., Ltd.",엠투엔,KRX,Metal fabrication,금속 가공,1488,2129,57172088631.0,10.631970260223047,-20.385232744783305,-22.99261637239165,-25.6,-9.542781719345776,48,,
303810,"DongKook Life Science Co., Ltd.",동국생명과학,KRX,Pharmaceuticals: major,의약품: 주요,2850,894246,89555593109.0,12.648221343873518,-16.909620991253643,-24.566582195983543,-32.22354340071344,-9.68066078004072,48,-18.290430324899972,36.0
045060,Okong Corporation,오공,KRX,Industrial specialties,산업 분야,2090,1449,35408726997.0,-5.643340857787811,-8.932461873638344,-12.498359450875398,-16.06425702811245,-9.756352013640363,48,99.27273560370536,80.0
198940,"HANJOO LIGHT METAL CO., LTD.",한주라이트메탈,KRX,Metal fabrication,금속 가공,1345,1790,26892642853.0,-20.414201183431953,-2.252906976744186,-2.953101052842007,-3.653295128939828,-9.937541105077987,48,,
488900,"Vitzro Nextech Co., Ltd.",비츠로넥스텍,KRX,Industrial machinery,산업용 기계,10780,8094,310917246742.0,18.722466960352424,-43.29300368227249,-28.526501841136245,-13.76,-9.626914320540779,48,,
001810,"Moorim SP Co., Ltd.",무림에스피,KRX,Pulp & paper,펄프 및 제지,1172,189,25723775887.0,12.800769971126083,-23.398692810457515,-25.07434640522876,-26.75,-9.924299854686822,48,-316.96050934707245,9.0
073010,"KSP Co., Ltd.",케이에스피,KRX,Trucks/Construction/Farm machinery,트럭/건설/농기계,3375,10909,133230732250.0,6.80379746835443,2.118003025718608,-20.38769899475491,-42.89340101522843,-9.511100409511174,48,-0.3244430637229865,45.0
430690,"Hanssak Co., Ltd.",한싹,KRX,Information technology services,정보 기술 서비스,3020,36718,32250031281.0,25.571725571725572,-13.96011396011396,-33.20052942100186,-52.44094488188976,-9.691627423910887,48,,
021650,Cubic Korea Inc.,한국큐빅,KRX,Commercial printing/Forms,상업 인쇄 / 서식,1970,20,32110177139.0,-3.194103194103194,-10.85972850678733,-14.388197586727,-17.916666666666668,-9.910559829677478,48,-39.285153642338514,28.0
416180,"Shinsung ST Co., Ltd.",신성에스티,KRX,Electronic production equipment,전자 생산 장비,25500,6008,223881481934.0,14.864864864864865,-23.880597014925375,-25.97414900111572,-28.067700987306065,-9.638543454723486,48,-131.54011576611921,16.0
378850,HWASEUNG R&A CO. LTD.,화승알앤에이보통주,KRX,Auto parts: OEM,자동차 부품: OEM,2825,515,54028785028.0,-1.0507880910683012,-14.781297134238311,-15.100229405442509,-15.419161676646707,-9.480452879692827,48,,
256630,POINT ENGINEERING Co. Ltd.,포인트엔지니어링,KRX,Wholesale distributors,도매 유통업체,4385,29,45437255707.0,3.176470588235294,-12.562313060817548,-18.249933633617793,-23.93755420641804,-9.67937194487656,48,,
079900,"Junjin Construction & Robot Co., Ltd.",전진건설로봇보통주,KRX,Trucks/Construction/Farm machinery,트럭/건설/농기계,41000,12634,614302558422.0,3.27455919395466,-25.72463768115942,-18.537994516255388,-11.35135135135135,-9.812973032171369,48,36.88712064345473,65.0
003080,"SBSUNGBO Co., Ltd.",에스비성보보통주,KRX,Chemicals: agricultural,화학: 농업,2210,6,43289529133.0,4.739336492890995,-16.129032258064516,-19.01857973327254,-21.908127208480565,-9.515413242807128,48,,
136480,"Harim Co., Ltd.",하림,KRX,Food: meat/fish/dairy,식품: 육류/어류/유제품,2645,24217,280334154053.0,-1.48975791433892,-18.364197530864196,-14.951329534662868,-11.538461538461538,-9.56670088653329,48,,
040910,"ICD Co., Ltd.",아이씨디,KRX,Electronic components,전자 부품,4140,238,65790779161.0,1.71990171990172,-25.806451612903224,-16.95428019046937,-8.102108768035515,-9.484607426320935,48,,
011790,"SKC Co., Ltd.",SKC보통주,KRX,Chemicals: specialty,화학: 특수,91600,31736,4094393749237.0,-16.270566727605118,-3.5789473684210527,-6.126462717111822,-8.673978065802592,-10.18410432130914,47,-7.090945680323923,42.0
067830,Savezone I & C Corp.,세이브존I&C보통주,KRX,Department stores,백화점,2290,172,86104056797.0,0.2188183807439825,-23.666666666666668,-17.453488372093023,-11.24031007751938,-10.384565670958223,47,448.37388861248115,94.0
058730,"Development Advance Solution Co., Ltd",다스코보통주,KRX,Building products,건축 자재,3250,17526,60691644287.0,-27.616926503340757,-10.344827586206897,1.64576802507837,13.636363636363637,-10.05930978628928,47,-88.01651595863599,20.0
176590,KONASOL CO. LTD,코나솔,KRX,Industrial machinery,산업용 기계,2395,22,13978136964.0,26.11901000526593,-15.371024734982333,-34.65666621364501,-53.94230769230769,-10.346395726080637,47,,
123330,"Genic Co., Ltd",제닉,KRX,Pharmaceuticals: major,의약품: 주요,24200,20184,188574933815.0,-2.0242914979757085,-23.53870458135861,-16.022660419223726,-8.506616257088847,-10.423312850724521,47,139.21986782869809,85.0
040300,"YTN Co., Ltd.",와이티엔,KRX,Broadcasting,브로드캐스팅,2205,6298,104412584152.0,10.25,-28.29268292682927,-23.687625867084357,-19.08256880733945,-10.112575520250616,47,,
054040,Korea Computer Inc.,한국컴퓨터,KRX,Computer peripherals,컴퓨터 주변기기,4415,504,58201775093.0,-7.4423480083857445,-11.87624750499002,-12.483399343046191,-13.090551181102363,-10.466978809182013,47,124.36049806662632,84.0
009200,"Moorim Paper Co., Ltd",무림페이퍼보통주,KRX,Pulp & paper,펄프 및 제지,1502,4950,62580402466.0,12.08955223880597,-25.27363184079602,-25.27363184079602,-25.27363184079602,-10.328358208955226,47,-950.9940851929704,4.0
161000,"AEKYUNG CHEMICAL CO., LTD",애경케미칼보통주,KRX,Chemicals: specialty,화학: 특수,10140,24051,475466120224.0,-0.1968503937007874,-35.49618320610687,-17.300330409023584,0.8955223880597015,-10.458938402894466,47,,
008250,"Eagon Industrial Co., Ltd.",이건산업보통주,KRX,Forest products,임산물,3100,887,31184311056.0,15.027829313543599,-19.06005221932115,-27.103247866982752,-35.14644351464435,-10.250816994772212,47,-157.51169516905867,14.0
180400,"Dx & Vx Co., Ltd.",디엑스앤브이엑스,KRX,Medical specialties,의학 전문 분야,2360,835,234752439194.0,7.762557077625571,-52.08121827411168,-22.404245500692202,7.2727272727272725,-10.337524469365095,47,62.24177909717872,73.0
002690,"DONG IL STEEL MFG Co., Ltd.",동일제강보통주,KRX,Steel,스틸,1416,647,26771411047.0,-11.5,-6.903353057199211,-9.394426995307757,-11.885500933416303,-10.236656197184654,47,,
205500,"NEXUS Co., Ltd.",넥써쓰,KRX,Packaged software,패키지 소프트웨어,1761,21078,148236071793.0,5.7657657657657655,4.572446555819478,-20.910123754053732,-46.39269406392694,-10.239767946125934,47,,
024910,Kyung Chang Industry Co Ltd,경창산업,KRX,Auto parts: OEM,자동차 부품: OEM,1499,1601,53162313080.0,-1.381578947368421,-28.95734597156398,-16.372126130839757,-3.7869062901155326,-10.375907257451221,47,318.02863086366153,92.0
462310,"New Kids On Co., Ltd.",뉴키즈온,KRX,Apparel/Footwear,어패럴/풋웨어,3805,282,29299603777.0,15.82952815829528,-10.047281323877069,-27.16858941742902,-44.289897510980964,-9.9693423871393,47,,
023150,"MH Ethanol Co., Ltd.",MH에탄올보통주,KRX,Beverages: alcoholic,음료: 알콜류,4050,1353,26050657961.0,-7.534246575342466,-4.368358913813459,-12.243351054539866,-20.118343195266274,-10.359709262860907,47,-95.62736178150277,19.0
099390,"Brainzcompany Co., Ltd.",브레인즈컴퍼니,KRX,Packaged software,패키지 소프트웨어,3790,792,28793770537.0,10.818713450292398,-13.765642775881684,-23.926299648810406,-34.08695652173913,-10.028294409169286,47,39.519346498011785,65.0
015710,"KOCOM Co., Ltd.",코콤,KRX,Electronics/Appliances,일렉트로닉스/어플라이언스,2970,175,48548964643.0,10.0,-21.220159151193634,-23.298521786652095,-25.376884422110553,-9.979113071991257,47,11.84746409967157,51.0
309960,LB Investment Inc.,엘비인베스트먼트,KRX,Investment managers,투자 운용사,4315,377,99455292463.0,0.5827505827505828,-17.96577946768061,-17.8092256117029,-17.65267175572519,-10.452435133921506,47,48.625818176155285,69.0
000020,"Dong Wha Pharm Co., Ltd.",동화약품보통주,KRX,Pharmaceuticals: major,의약품: 주요,5040,5267,138312469902.0,0.0,-13.993174061433447,-17.373945521282764,-20.754716981132077,-10.424367312769657,47,62.81339775328878,73.0
064520,TechL Co. LTD.,테크엘,KRX,Electronic components,전자 부품,1553,3519,32758535145.0,-2.449748743718593,-8.807985907222548,-14.98774929878894,-21.16751269035533,-9.972549076760801,47,,
039290,InfoBank Corp.,인포뱅크,KRX,Packaged software,패키지 소프트웨어,4030,514,33635431929.0,11.172413793103448,-14.889123548046463,-24.519725172716043,-34.150326797385624,-10.242869586388247,47,,
170030,"Hyundai Industrial Co., Ltd.",현대공업,KRX,Auto parts: OEM,자동차 부품: OEM,4775,1040,71286110973.0,-0.4171011470281543,-12.385321100917432,-16.33456372241197,-20.283806343906512,-9.967578692258446,47,178.74994935994408,88.0
000270,Kia Corporation,기아보통주,KRX,Motor vehicles,자동차,116300,141649,44146994067383.0,-18.89818688981869,-23.93721386527142,-4.508132624335315,14.920948616600791,-10.264154330528664,47,-8.180287609971293,41.0
234080,JW LIFESCIENCE CORPORATION,JW생명과학보통주,KRX,Pharmaceuticals: major,의약품: 주요,10910,194,170020395641.0,-4.298245614035087,-14.431372549019608,-13.749550816342474,-13.06772908366534,-9.96902873541952,47,-35.37736946607668,29.0
004980,"Sungshin Cement Co., Ltd",성신양회보통주,KRX,Construction materials,건축 자재,8180,3288,202807348170.0,-4.103165298944901,-12.1374865735768,-14.54590064719449,-16.95431472081218,-10.368806507894654,47,9.01444625711681,49.0
466690,Kiwoom No.1 Special Purpose Acquisition Co.,키움히어로제1호기업인수목적,KRX,Financial conglomerates,금융지주회사,2010,5490,10240949578.0,0.24937655860349128,-1.2285012285012284,-17.225546295313737,-33.222591362126245,-10.235577153746846,47,,
0105P0,Eugene Special Purpose Acquisition 12 Co.,유진기업인수목적12호,KRX,Financial conglomerates,금융지주회사,1990,98,11263399696.0,-0.5,-0.9950248756218906,-17.495854063018243,-33.99668325041459,-10.697512437810946,46,,
000490,DAEDONG CORPORATION,대동보통주,KRX,Trucks/Construction/Farm machinery,트럭/건설/농기계,7660,12761,194734570770.0,3.5135135135135136,-19.453207150368033,-20.119571517272952,-20.78593588417787,-10.666337504958367,46,69.31918368951122,75.0
046440,KG Financial Co. Ltd.,케이지모빌리언스,KRX,Miscellaneous commercial services,기타 상업 서비스,4055,3929,139217279816.0,1.375,-16.391752577319586,-18.596266913659793,-20.80078125,-10.607760148195876,46,170.64539748984808,87.0
403550,"Socar, Inc.",쏘카보통주,KRX,Packaged software,패키지 소프트웨어,10680,127,402163378906.0,-8.483290488431876,-9.260832625318606,-11.876212949969151,-14.491593274619696,-10.519043965354241,46,,
126600,"BGFecomaterials CO., LTD.",비지에프에코머티리얼즈,KRX,Industrial specialties,산업 분야,2990,993,185772594452.0,-1.1570247933884297,-35.4908306364617,-17.238658561474093,1.0135135135135136,-10.806005054239828,46,33.389975383650764,63.0
394800,"3billion, Inc.",쓰리빌리언,KRX,Miscellaneous commercial services,기타 상업 서비스,7150,633504,184570811081.0,15.32258064516129,-44.91525423728814,-28.212577613693576,-11.509900990099009,-10.79851431015163,46,,
065130,"Top Engineering Co., Ltd.",탑엔지니어링,KRX,Industrial machinery,산업용 기계,2785,769,39933735194.0,-3.130434782608696,-8.8379705400982,-15.522337225356363,-22.206703910614525,-10.565576248257297,46,,
004090,KOREA PETROLEUM INDUSTRIES CO,한국석유공업보통주,KRX,Construction materials,건축 자재,11650,9287,145765099220.0,6.782768102658112,-24.838709677419356,-22.329884776768864,-19.821059876118376,-10.684823624998076,46,71.58493736759436,76.0
248170,Sempio Foods Co.,샘표식품보통주,KRX,Food: specialty/candy,식품: 특산품/과자,22100,8137,101378431892.0,0.91324200913242,-20.36036036036036,-18.324119574119575,-16.28787878787879,-10.629174940818777,46,20.57595693243753,56.0
076340,GA INNODUS CO. LTD.,지에이이노더스,KRX,Engineering & construction,엔지니어링 및 건설,4260,1,20744541950.0,-5.333333333333333,-9.361702127659575,-14.109422492401215,-18.857142857142858,-10.598986828774063,46,,
067730,LOGISYS INC.,로지시스,KRX,Information technology services,정보 기술 서비스,2200,1551,21427736311.0,4.513064133016627,-16.19047619047619,-21.058201058201057,-25.925925925925927,-10.829694981713985,46,35.81335706469612,64.0
238200,BIFIDO. Co. Ltd,비피도,KRX,Pharmaceuticals: other,의약품: 기타,2635,573,21554300804.0,7.551020408163265,-8.506944444444445,-23.03309307530279,-37.55924170616114,-10.79944768191637,46,-22.51028746116446,34.0
032850,"BIT Computer Co., Ltd.",비트컴퓨터,KRX,Packaged software,패키지 소프트웨어,4175,15924,62411237526.0,0.8454106280193237,-20.17208413001912,-18.667391271358767,-17.16269841269841,-10.86227051160753,46,6.3499239921631565,48.0
012620,"WONIL SPECIAL STEEL Co., Ltd.",원일특강,KRX,Steel,스틸,7020,93,31064000673.0,2.0348837209302326,-22.172949002217294,-19.300760215394362,-16.428571428571427,-10.766502640864523,46,-13.952999314527382,38.0
267260,HD Hyundai Electric,에이치디현대일렉트릭보통주,KRX,Electrical products,전기 제품,708000,12208,25482833358765.0,-27.160493827160494,-21.15812917594655,0.24567768006796342,21.649484536082475,-10.71679092282342,46,48.78266892020574,69.0
001460,"BYC Co., Ltd",BYC보통주,KRX,Apparel/Footwear,어패럴/풋웨어,34900,24,271826593423.0,2.4963289280469896,-26.75760755508919,-19.6444679379456,-12.531328320802006,-10.788149191548566,46,72.81671421548201,76.0
049480,Openbase Inc.,오픈베이스,KRX,Information technology services,정보 기술 서비스,1902,2134,51402842926.0,-0.26219192448872575,-10.913348946135832,-17.71857923497268,-24.523809523809526,-10.736024310779097,46,53.38460506812304,71.0
099190,"i-SENS, Inc.",아이센스,KRX,Medical specialties,의학 전문 분야,15940,1178,469022606430.0,2.376364804110469,-19.086294416243653,-19.270282124746384,-19.454269833249114,-10.611623353203644,46,54.72087176110957,71.0
041910,Polaris AI Pharma Corp.,폴라리스에이아이파마,KRX,Pharmaceuticals: major,의약품: 주요,5380,601,70420851488.0,14.957264957264957,-26.301369863013697,-27.755948089401585,-29.210526315789473,-10.670662870734969,46,279.91541359993704,91.0
222420,"CENOTEC Co., Ltd",쎄노텍,KRX,Industrial specialties,산업 분야,903,16325,44060851440.0,-10.0597609561753,-32.8125,-11.345274390243903,10.121951219512194,-10.831069016616464,46,,
258610,"CAELUM Co., Ltd.",케일럼,KRX,Industrial machinery,산업용 기계,1224,167,43363012665.0,11.678832116788321,-17.129316181448882,-25.554949352860362,-33.980582524271846,-10.66143676500089,46,,
017000,"SHINWON Construction Co., Ltd.",신원종합개발,KRX,Engineering & construction,엔지니어링 및 건설,2330,519,25973591843.0,1.7467248908296944,-24.838709677419356,-18.8679529695508,-12.897196261682243,-10.622081825398604,46,118.6794913345622,83.0
272550,SAMYANG PACKAGING CORP,삼양패키징보통주,KRX,Containers/Packaging,컨테이너/패키징,9550,1196,144506014547.0,12.48527679623086,-23.416198877305533,-26.10034403223964,-28.78448918717375,-10.666095700851441,46,11.1457438374986,51.0
021820,"Sewon Precision Industry Co., Ltd",세원정공보통주,KRX,Auto parts: OEM,자동차 부품: OEM,10420,620,104700000000.0,-1.3257575757575757,-26.619718309859156,-16.833498762422888,-7.047279214986619,-10.630402287756763,46,30.402178801024807,61.0
0068Y0,BNK 3 Special Purpose Acquisition Company,비엔케이제3호기업인수목적,KRX,Financial conglomerates,금융지주회사,1986,4,8482079887.0,-0.20100502512562815,-1.4392059553349876,-17.397455326660783,-33.355704697986575,-10.51887520604672,46,,
035150,"Baiksan Co., Ltd",백산보통주,KRX,Textiles,텍스타일,10370,222,205026079998.0,6.5775950668037,-18.346456692913385,-22.400178701066622,-26.45390070921986,-10.809069193918493,46,4.836123837003555,48.0
149980,Hironic Co.Ltd,하이로닉,KRX,Medical specialties,의학 전문 분야,4600,433,80319549904.0,-8.73015873015873,-11.708253358925145,-11.708253358925145,-11.708253358925145,-10.517015507418579,46,,
032680,"Softcen Co., Ltd.",소프트센,KRX,Information technology services,정보 기술 서비스,985,4831,23469219659.0,8.599779492833518,-18.930041152263374,-24.41163979321354,-29.893238434163703,-11.207072078794717,45,83.46044545946934,77.0
146060,"YulChon co., Ltd.",율촌,KRX,Steel,스틸,1045,9316,25334705544.0,7.731958762886598,-31.38542350623769,-23.758522347019326,-16.131621187800963,-11.162329903056957,45,,
041440,HYUNDAI EVERDIGM Corp.,현대에버다임,KRX,Trucks/Construction/Farm machinery,트럭/건설/농기계,6700,6366,118509097271.0,-1.1799410029498525,-23.515981735159816,-18.08132854684979,-12.646675358539765,-11.320773529289816,45,449.33436458716506,94.0
088910,DONGWOO FARM TO TABLE CO. LTD.,동우팜투테이블,KRX,Agricultural commodities/Milling,농산물/제분,1990,10258,50967408371.0,-8.924485125858123,-16.561844863731658,-12.638720597003443,-8.715596330275229,-11.153026408545315,45,,
0091W0,Shinyoung HappyTomorrow No.11 Special Purpose Acquisition Company,신영해피투모로우제11호기업인수목적,KRX,Financial conglomerates,금융지주회사,2040,2,12348379674.0,1.492537313432836,-0.970873786407767,-19.576345984112972,-38.18181818181818,-11.14879266509465,45,,
084730,Thinkware Systems Corporation,팅크웨어,KRX,Computer communications,컴퓨터 통신,6550,44,67428565216.0,5.815831987075929,-21.368547418967587,-22.629803049122785,-23.891058679277982,-11.2515490346433,45,-486.4151279304056,6.0
048430,"YURA TECH. Co., Ltd.",유라테크,KRX,Auto parts: OEM,자동차 부품: OEM,6120,8205,70092068596.0,4.436860068259386,-18.29105473965287,-21.73721441139123,-25.183374083129586,-11.267584619530982,45,-34.24280985315296,30.0
318020,"Point Mobile Co., Ltd.",포인트모바일,KRX,Telecommunications equipment,통신 장비,2595,1242,31345143919.0,25.36231884057971,-26.173541963015648,-35.74219774652363,-45.310853530031615,-11.300391111682295,45,,
005720,Nexen Corporation,넥센보통주,KRX,Automotive aftermarket,자동차 애프터마켓,5380,2985,271028694532.0,-9.27487352445194,-17.23076923076923,-12.39545334390695,-7.560137457044673,-11.147221416124948,45,62.31769839563849,73.0
228670,RAY CO. LTD.,레이,KRX,Medical specialties,의학 전문 분야,4440,5224,68034092760.0,-1.4428412874583796,-12.598425196850394,-17.690516946251286,-22.782608695652176,-11.191446682734124,45,,
338100,"NH Prime REIT Co., Ltd.",NH프라임리츠보통주,KRX,Real estate investment trusts,부동산 투자 신탁,3765,17176,70348199425.0,1.482479784366577,-18.063112078346027,-19.524735472541323,-20.98635886673662,-11.121849369778165,45,-56.924607942236044,24.0
002030,"Asia Holdings Co., Ltd.",아세아보통주,KRX,Construction materials,건축 자재,208000,63,366692657590.0,23.66230677764566,-28.151986183074268,-34.40409580195083,-40.65620542082739,-11.177534770112235,45,-29.665616540539872,31.0
047080,HANBIT SOFT Inc.,한빛소프트,KRX,Packaged software,패키지 소프트웨어,1063,15947,26162768486.0,-2.477064220183486,-15.095846645367413,-17.160385328762736,-19.224924012158056,-11.287056885331037,45,,
388720,"Yuilrobotics Co., Ltd.",유일로보틱스,KRX,Industrial machinery,산업용 기계,69200,2263,811734630108.0,-6.486486486486487,-24.371584699453553,-14.527390145870028,-4.683195592286501,-11.311028682116612,45,20.937930559484617,56.0
010640,"Chinyang Poly Urethane Co., Ltd.",진양폴리우레탄보통주,KRX,Industrial specialties,산업 분야,2060,8668,34652501583.0,15.730337078651685,-14.166666666666666,-28.60466688830811,-43.042667109949555,-10.870665301524193,45,141.52129660880377,85.0
069920,Exion Group Company Limited,엑시온그룹,KRX,Packaged software,패키지 소프트웨어,1255,7580,28411324974.0,58.259773013871374,-45.9051724137931,-57.126608905509414,-68.34804539722572,-10.9720561377571,45,18.688987814437514,54.0
041650,"Sangsin Brake Co., Ltd.",상신브레이크보통주,KRX,Auto parts: OEM,자동차 부품: OEM,2160,32,41624665642.0,-1.36986301369863,-15.294117647058824,-17.49835993877105,-19.702602230483272,-11.046961168742081,45,,
026940,"Bookook Steel Co., Ltd.",부국철강 보통주,KRX,Steel,스틸,2090,4207,41600000000.0,-22.01492537313433,3.2098765432098766,-3.6413144050545903,-10.492505353319057,-10.990758792286487,45,32.11422406253518,62.0
400760,"NH All-One REIT Co., Ltd.",엔에이치올원리츠보통주,KRX,Real estate investment trusts,부동산 투자 신탁,2780,1713,152703375320.0,-4.3029259896729775,-13.7984496124031,-15.468524359107661,-17.138599105812222,-11.002285011333788,45,-16.12061285553935,37.0
900310,Coloray International Investment Co. Ltd.,컬러레이홀딩스,KRX,Household/Personal care,가정/개인 위생용품,2055,10,26961545815.0,16.89419795221843,-17.137096774193548,-29.378207478005862,-41.61931818181818,-10.869245305916147,45,-74.16873367583733,22.0
290120,"DH AUTOLEAD Co.,Ltd.",디에이치오토리드,KRX,Auto parts: OEM,자동차 부품: OEM,2110,351,33865879192.0,-10.021321961620469,-14.227642276422765,-11.6396832071769,-9.051724137931034,-10.992338708954327,45,640.328216324413,95.0
006800,"MIRAE ASSET SECURITIES CO., LTD.",미래에셋증권보통주,KRX,Investment banks/Brokers,투자은행/중개사,31850,75772,14816457171535.0,-26.865671641791046,-51.0,-0.20449172576832098,50.59101654846336,-10.868963692177411,45,262.11350618566735,91.0
031430,"Shinsegae International Co., Ltd",신세계인터내셔날보통주,KRX,Apparel/Footwear retail,의류/신발 소매업,10420,2496,354372473373.0,-19.96927803379416,-12.876254180602007,-5.608858797618077,1.6585365853658536,-11.35302649208851,45,5432.896149250659,99.0
096350,"Daechang Solution Co., Ltd.",대창솔루션,KRX,Trucks/Construction/Farm machinery,트럭/건설/농기계,1916,11775,60950668716.0,13.105076741440378,-41.40672782874618,-27.256651896232498,-13.106575963718821,-11.11196044116335,45,,
002450,"Samick Musical Instruments Co., Ltd",삼익악기보통주,KRX,Recreational products,레크리에이션 제품,1082,2906,81961325623.0,-8.305084745762711,-11.238720262510254,-12.987366435431644,-14.736012608353034,-11.114453759564071,45,182.75452512092667,88.0
061090,"Sena Technologies Co., Ltd.",세나테크놀로지,KRX,Computer communications,컴퓨터 통신,36900,1806,200385700202.0,22.185430463576157,3.7974683544303796,-33.05232618167551,-69.9021207177814,-10.957223523574843,45,,
067900,"Y-ENTEC Co., Ltd.",와이엔텍,KRX,Marine shipping,해상 운송,5820,244,105340026283.0,-10.736196319018404,-13.649851632047477,-11.14203727599234,-8.634222919937205,-10.979700893202766,45,-7.701060351012179,42.0
222980,"Mcnulty Korea Co., Ltd.",한국맥널티,KRX,Food: specialty/candy,식품: 특산품/과자,2185,321,22818936558.0,12.570839773312725,-16.122840690978887,-27.84012020717686,-39.55739972337483,-11.675736214981026,44,-531.3480063721265,6.0
105630,"Hansae Co., Ltd",한세실업보통주,KRX,Apparel/Footwear,어패럴/풋웨어,8610,1081,336723177338.0,3.361344537815126,-22.918531781557743,-21.225621030965787,-19.53271028037383,-11.390834803453421,44,-28.805591252658427,32.0
058400,Korea New Network Corp.,케이엔엔,KRX,Broadcasting,브로드캐스팅,5690,782,75749796524.0,3.6429872495446265,-22.47956403269755,-21.780697411633103,-21.081830790568656,-11.611223547162012,44,515.983864043947,94.0
066130,Haatz Inc.,하츠,KRX,Industrial machinery,산업용 기계,3450,201,41440883732.0,5.504587155963303,-19.20374707259953,-22.624381574884975,-26.04501607717042,-11.372794082545663,44,-11.090671046902255,40.0
002240,KISWIRE LTD,고려제강보통주,KRX,Metal fabrication,금속 가공,16720,1377,446853543091.0,-11.627906976744185,-20.38095238095238,-11.922577807104366,-3.464203233256351,-11.804709474960294,44,282.4890016219527,91.0
000480,"CR Holdings Co., LTD.",시알홀딩스보통주,KRX,Miscellaneous manufacturing,기타 제조업,4280,62,176599323578.0,-10.553814002089863,-12.563840653728294,-12.112673680837315,-11.661506707946337,-11.489129809338335,44,-1424.4770019515552,3.0
001500,"Hyundai Motor Securities Co., Ltd.",현대차증권보통주,KRX,Investment banks/Brokers,투자은행/중개사,7890,6870,484771050415.0,-5.62200956937799,-23.768115942028984,-15.74370709382151,-7.719298245614035,-11.695028084044102,44,43.32020915850712,67.0
041460,"Korea Electronic Certification Authority, Inc.",한국전자인증,KRX,Information technology services,정보 기술 서비스,3355,1294,61949010925.0,-5.890603085553997,-13.753213367609254,-15.66039046758841,-17.56756756756757,-11.752475514774646,44,22.15523544354408,57.0
125210,"AMOGREENTECH Co., Ltd.",아모그린텍,KRX,Electrical products,전기 제품,6250,17282,100960354385.0,-4.580152671755725,-20.076726342710998,-16.209471165745402,-12.342215988779804,-11.557743768149532,44,10.556782073377896,50.0
267790,"BARREL Co., Ltd.",배럴,KRX,Apparel/Footwear,어패럴/풋웨어,3100,171,24067537546.0,-5.775075987841945,-8.148148148148149,-15.275575951420757,-22.403003754693366,-11.475375965989233,44,208.91206382988634,89.0
211050,"INCAR FINANCIAL SERVICE Co.,Ltd.",인카금융서비스,KRX,Insurance brokers/Services,보험 중개인/서비스,10010,12377,464909457321.0,1.2133468149646107,-17.204301075268816,-20.249660116178468,-23.295019157088124,-11.664457343721237,44,20.450692983255927,56.0
317850,"DAEMO Engineering Co., Ltd",대모엔지니어링,KRX,Industrial machinery,산업용 기계,6200,18615,51861136446.0,-0.48154093097913325,-28.6536248561565,-18.872266973532795,-9.090909090909092,-11.515976556511331,44,270.9928637747442,91.0
336680,"Top Run Total Solution Co., Ltd.",탑런토탈솔루션,KRX,Chemicals: specialty,화학: 특수,2940,6807,117240944424.0,5.945945945945946,-20.54054054054054,-22.960625600219508,-25.380710659898476,-11.397996981753327,44,,
003540,"Daishin Securities Co., Ltd",대신증권보통주,KRX,Investment banks/Brokers,투자은행/중개사,26000,3015,1467197620964.0,-6.976744186046512,-28.571428571428573,-14.949850908105178,-1.3282732447817838,-11.760608219281712,44,168.62698987443318,87.0
293580,Nau IB Capital,나우아이비캐피탈,KRX,Finance/Rental/Leasing,금융/렌탈/리스,1276,24705,121035692024.0,-15.215946843853821,-25.423728813559322,-8.962917481758598,7.497893850042123,-11.46412922659669,44,,
031210,Seoul Guarantee Insurance Company,서울보증보험보통주,KRX,Multi-line insurance,복합 보험,42400,12141,2883632157135.0,2.4154589371980677,-20.59925093632959,-21.185234324253358,-21.771217712177123,-11.744957019672787,44,-2.942438051633438,43.0
035250,"Kangwon Land, Inc.",강원랜드보통주,KRX,Casinos/Gaming,카지노/게임,14350,12091,2869809415283.0,-1.3745704467353952,-16.3265306122449,-18.6315848653511,-20.9366391184573,-11.72877909790482,44,31.68092671136367,62.0
005010,"Husteel Co., Ltd",휴스틸보통주,KRX,Steel,스틸,3880,16652,215200331154.0,-4.433497536945813,-28.280961182994453,-16.120678611299205,-3.9603960396039604,-11.44580618155785,44,-472.5606432280265,6.0
333620,"Nsys Co., Ltd.",엔시스,KRX,Aerospace & defense,항공우주 및 방위산업,5110,310,53761137753.0,0.19607843137254902,-11.130434782608695,-19.324082639531298,-27.5177304964539,-11.51601821116976,44,,
081150,"Tplex Co., Ltd",티플랙스,KRX,Steel,스틸,2605,326,61570780468.0,0.19230769230769232,-24.383164005805515,-19.626222525778573,-14.869281045751634,-11.698810438544069,44,4.117435550205862,47.0
007310,OTOKI Corporation,오뚜기보통주,KRX,Food: specialty/candy,식품: 특산품/과자,312500,136,1163920648932.0,0.32102728731942215,-13.67403314917127,-19.54584712351165,-25.41766109785203,-11.599097359179222,44,-18.674029472154473,36.0
049830,Seung IL Corporation,승일,KRX,Containers/Packaging,컨테이너/패키징,6460,270,38221693325.0,-0.4622496147919877,-13.055181695827725,-19.186550385486118,-25.31791907514451,-11.696830077208467,44,60.91522502846289,73.0
080520,"ODTech Co., Ltd.",오디텍,KRX,Semiconductors,세미컨덕터,2890,227,28808671417.0,-4.304635761589404,-21.997300944669366,-16.261808367071524,-10.526315789473685,-11.478939324878677,44,,
271560,ORION CORP.,오리온보통주,KRX,Food: specialty/candy,식품: 특산품/과자,109500,5922,4351311229705.9995,-20.47930283224401,-16.856492027334852,-6.03590151605977,4.784688995215311,-11.813262042533466,44,0.1424450556074559,45.0
090470,JAS Robotics Inc.,제이스텍,KRX,Computer peripherals,컴퓨터 주변기기,4345,772,73391348763.0,-11.326530612244898,-49.652375434530704,-11.672117949823491,26.308139534883722,-11.533883014792053,44,-66.06053738851271,23.0
016710,"DAESUNG HOLDINGS Co., Ltd.",대성홀딩스보통주,KRX,Gas distributors,가스 유통업체,6910,816,112290113449.0,-0.2886002886002886,-19.181286549707604,-18.94358445132439,-18.705882352941178,-11.48159078623475,44,,
063570,"NICE Infra Co., Ltd",NICE인프라,KRX,Miscellaneous commercial services,기타 상업 서비스,3190,292,95995614853.0,7.226890756302521,-21.234567901234566,-24.408430375134877,-27.582292849035188,-11.754301922559918,44,144.2714340326549,86.0
009810,"MDSsphere Co., Ltd",플레이그램보통주,KRX,Miscellaneous manufacturing,기타 제조업,1920,344,39382191406.0,6.135986733001658,-7.246376811594203,-24.265390240659485,-41.28440366972477,-12.104839451195028,43,-130.2567145557738,16.0
009540,HD KOREA SHIPBUILDING & OFFSHORE ENGINEERING CO. LTD.,에이치디한국조선해양보통주,KRX,Trucks/Construction/Farm machinery,트럭/건설/농기계,332500,13750,23512614517212.0,-9.276944065484312,-9.76933514246947,-13.835284855185353,-17.901234567901234,-12.011948539304937,43,184.63866084490485,88.0
083500,"FNS TECH Co., Ltd.",에프엔에스테크,KRX,Industrial machinery,산업용 기계,12990,45354,90975792885.0,-17.940619077700568,-21.368038740920095,-7.964863526304203,5.438311688311688,-11.95516574686275,43,-24.25012925530051,33.0
079810,"APS Innovation Co., Ltd.",디이엔티,KRX,Electronic components,전자 부품,3635,4169,73444139194.0,12.191358024691358,-15.070093457943925,-28.314789494245275,-41.559485530546624,-12.112330486670622,43,,
0101C0,Hana Thirty-six Special Purpose Acquisition Company,하나36호기업인수목적,KRX,Financial conglomerates,금융지주회사,1960,11,15201359550.0,-2.2443890274314215,-2.487562189054726,-18.577114427860696,-34.666666666666664,-12.044024267688986,43,,
195940,HK inno.N Corporation,에이치케이이노엔,KRX,Medical/Nursing services,의료/간호 서비스,39700,7304,1100616273308.0,-5.7007125890736345,-20.758483033932137,-16.169887396698808,-11.58129175946548,-11.982217473648738,43,22.147604812052613,57.0
241520,DSC INVESTMENT INC.,디에스씨인베스트먼트,KRX,Investment managers,투자 운용사,8270,22587,205747845268.0,-10.400866738894909,-38.42144452717796,-12.952218862228436,12.517006802721088,-11.931678012895027,43,111.71783843562699,82.0
000140,"HITEJINRO HOLDINGS CO., LTD",하이트진로홀딩스보통주,KRX,Beverages: alcoholic,음료: 알콜류,7760,301,169886352014.0,-3.0,-13.873473917869035,-18.136736958934517,-22.4,-12.08204217536071,43,-43.79865126304679,27.0
060250,NHN KCP Corp.,엔에이치엔케이씨피,KRX,Finance/Rental/Leasing,금융/렌탈/리스,13390,24988,500872679443.0,2.448355011476664,-16.728855721393035,-21.375477584453424,-26.022099447513813,-11.84594454608139,43,30.30599240300395,61.0
053700,"Sambo Motors Co., Ltd.",삼보모터스,KRX,Electronic equipment/Instruments,전자 장비/기기,3875,11307,100099291992.0,-2.392947103274559,-36.056105610561055,-18.602032397117263,-1.1479591836734695,-12.11839827958018,43,-38.247795389541096,29.0
016250,SGC E&C Co. Ltd.,에스지씨이앤씨,KRX,Engineering & construction,엔지니어링 및 건설,12040,106,59734813843.0,-1.2305168170631666,-22.968650031989764,-19.268336236191235,-15.568022440392706,-12.053208468540008,43,,
014580,"Taekyung BK Co., Ltd.",태경비케이보통주,KRX,Industrial specialties,산업 분야,3790,1751,104677862091.0,-3.929024081115336,-14.253393665158372,-17.72960743548979,-21.205821205821206,-12.209374093740008,43,2.640715052630358,46.0
001550,"Chobi Co., Ltd.",조비보통주,KRX,Chemicals: agricultural,화학: 농업,10560,3963,54358441787.0,1.440922190201729,-28.64864864864865,-20.93895045415177,-13.229252259654888,-11.987001396410369,43,19.297935683639995,55.0
002800,"Sinsin Pharmaceutical Co., Ltd.",신신제약,KRX,Pharmaceuticals: major,의약품: 주요,4430,1661,67129461622.0,0.22624434389140272,-18.26568265682657,-20.2048975674291,-22.144112478031634,-12.0324408029009,43,169.55880880399897,87.0
027580,"SANGBO Co., Ltd.",상보,KRX,Industrial specialties,산업 분야,1827,12128,20527468294.0,41.51820294345469,-34.98220640569395,-47.52389008809288,-60.0655737704918,-11.90705287547385,43,-26.090228008716586,33.0
322970,Moogene Medi Co. Ltd.,무진메디,KRX,Miscellaneous commercial services,기타 상업 서비스,1919,1,19142638756.0,-1.0314595152140278,-31.341681574239715,-19.541033094812164,-7.740384615384615,-12.137203662972912,43,,
023410,Eugene Corporation,유진기업,KRX,Construction materials,건축 자재,3245,18005,220352301025.0,-13.466666666666667,-18.875,-11.076844262295083,-3.278688524590164,-12.032773224043718,43,-138.70040843012092,15.0
361610,"Sk Ie Technology Co., Ltd.",SK아이이테크놀로지보통주,KRX,Chemicals: major diversified,화학: 주요 복합,18320,146595,1404284536972.0,7.955215085444903,-15.770114942528735,-25.631536344503804,-35.49295774647887,-12.196835772524322,43,-3191.458606586127,2.0
036670,Samyang KCI Corporation,삼양케이씨아이,KRX,Chemicals: major diversified,화학: 주요 복합,5070,730,51867026749.0,1.9095477386934674,-17.02127659574468,-21.176323128505622,-25.331369661266567,-11.941974781625987,43,-12.227875144256288,39.0
018880,Hanon Systems,한온시스템보통주,KRX,Auto parts: OEM,자동차 부품: OEM,3275,281359,3304105598145.0,-17.088607594936708,-16.025641025641026,-8.95885947811176,-1.8920779305824937,-12.210758724841739,43,,
003920,"Namyang Dairy Products Co., Ltd",남양유업보통주,KRX,Food: meat/fish/dairy,식품: 육류/어류/유제품,41900,29,287325318599.0,1.8226002430133657,-17.02970297029703,-20.970048617765002,-24.910394265232974,-11.852989073453656,43,629.2377165663673,95.0
322510,"JLK, Inc.",제이엘케이,KRX,Packaged software,패키지 소프트웨어,5020,37629,121851013184.0,3.398558187435633,-30.08356545961003,-22.20901822468556,-14.334470989761092,-11.965987659837085,43,-16.15867024318378,37.0
036480,"Daesung Microbiological Laboratories Co., Ltd.",대성미생물연구소,KRX,Pharmaceuticals: other,의약품: 기타,6160,305,22951999712.0,3.0100334448160537,-24.69437652811736,-22.34718826405868,-20.0,-12.204299580508788,43,,
089980,Sang-A Frontec Co Ltd,상아프론테크,KRX,Semiconductors,세미컨덕터,15930,6131,239003021021.0,-4.036144578313253,-30.28446389496718,-17.361788036265832,-4.439112177564487,-12.0315306530848,43,-74.81306601239713,21.0
006570,"Daelim Trading Co., Ltd",대림통상보통주,KRX,Home furnishings,가정용 가구,1912,292,28953913733.0,-6.7317073170731705,-5.812807881773399,-15.78019034865369,-25.74757281553398,-12.160797136021483,43,20.42671935735288,56.0
004440,"SAMIL C&S Co., Ltd.",삼일씨엔에스보통주,KRX,Construction materials,건축 자재,5420,55247,63914373665.0,-5.078809106830122,-46.28344895936571,-16.742140712773384,12.799167533818938,-12.07680807039608,43,,
440290,"HB Investment, Inc.",에이치비인베스트먼트,KRX,Investment managers,투자 운용사,1709,324,47201033318.0,-1.099537037037037,-17.43961352657005,-20.054648392244303,-22.669683257918553,-12.472603850161397,42,,
015750,"Sungwoo Hitech Co., Ltd",성우하이텍,KRX,Auto parts: OEM,자동차 부품: OEM,5810,9565,460751572266.0,-8.791208791208792,-33.37155963302752,-15.087200775661186,3.197158081705151,-12.568803981880228,42,53.37296565850239,71.0
014470,"Bubang Co., Ltd.",부방,KRX,Electronic production equipment,전자 생산 장비,1033,6237,52487759293.0,7.716371220020855,-20.53846153846154,-26.131755554425744,-31.725049570389952,-12.592504844647106,42,-169.50722101289475,13.0
014100,"Medience Co., Ltd.",메디앙스,KRX,Household/Personal care,가정/개인 위생용품,1516,14882,17776020897.0,-5.309181761399126,-9.438470728793309,-17.007792578327003,-24.577114427860696,-12.328348251555852,42,-68.88075783893797,22.0
009580,"Moorim P&P Co., Ltd.",무림피앤피보통주,KRX,Pulp & paper,펄프 및 제지,1830,323813,111880616226.0,15.09433962264151,-32.59668508287293,-30.48620946902942,-28.37573385518591,-12.253989832361048,42,-3813.0261933632,2.0
290690,ARIBIO Holdings Inc.,소룩스,KRX,Electrical products,전기 제품,4080,84234,211210931625.0,-23.738317757009344,8.655126498002662,-5.034986551795482,-18.725099601593627,-12.516319033881027,42,,
154030,"ASIA SEED Co., Ltd.",농업회사법인 아시아종묘,KRX,Agricultural commodities/Milling,농산물/제분,1611,12777,19298986816.0,-0.49413218035824585,-18.264840182648403,-20.030478343751383,-21.796116504854368,-12.21593987839413,42,-134.7147890309066,16.0
323410,KakaoBank Corp.,카카오뱅크보통주,KRX,Regional banks,지역 은행,20050,57305,9493635036621.0,-4.2959427207637235,-19.3158953722334,-17.7999101078286,-16.2839248434238,-12.398323153002652,42,12.198813661163966,51.0
089850,UbiVelox Inc,유비벨록스,KRX,Semiconductors,세미컨덕터,4170,307,60006083608.0,7.474226804123711,-19.807692307692307,-25.567811686198453,-31.327931064704604,-12.350996290069588,42,-77.73311652604161,21.0
223250,"DreamCIS, Inc.",드림씨아이에스,KRX,Miscellaneous commercial services,기타 상업 서비스,3470,165840,80935457096.0,0.4341534008683068,-28.008298755186722,-21.111689550646513,-14.215080346106305,-12.493352370040586,42,-212.72874174621717,12.0
009270,Shinwon Corporation,신원보통주,KRX,Apparel/Footwear,어패럴/풋웨어,1103,44026,99555366249.0,7.087378640776699,-17.316341829085456,-25.811238216508187,-34.306134603930914,-12.651791473594233,42,,
036010,"ABCO Electronics Co., Ltd.",아비코전자,KRX,Electronic production equipment,전자 생산 장비,7485,8227,98766495638.0,-11.209964412811388,-9.05224787363305,-13.399750310442899,-17.747252747252748,-12.523835951390295,42,,
044960,Eagle Veterinary Technology Co.Ltd.,이글벳,KRX,Medical distributors,의료 유통업체,3065,2327,37683935556.0,6.423611111111111,-19.973890339425587,-24.635157395779693,-29.296424452133795,-12.211649993023372,42,67.82338893434985,75.0
120030,"Chosun Welding Co., Ltd.",조선선재 보통주,KRX,Industrial machinery,산업용 기계,83900,9,78419562507.0,-3.5632183908045976,-15.847542627883652,-18.3855997776553,-20.923656927426954,-12.45664722291502,42,,
008350,"Namsun Aluminum Co., Ltd.",남선알미늄보통주,KRX,Aluminum,알루미늄,1070,77903,139421719140.0,0.9433962264150944,-38.25735718407386,-21.060394674696408,-3.8634321653189576,-12.258878314251808,42,,
050860,"Asia Technology Co., Ltd",아세아텍,KRX,Trucks/Construction/Farm machinery,트럭/건설/농기계,1697,1202,35967468967.0,-7.368995633187773,-17.21951219512195,-15.928669578446288,-14.637826961770624,-12.504800000342883,42,397.29624613048895,93.0
000070,Samyang Holdings Corporation,삼양홀딩스보통주,KRX,Agricultural commodities/Milling,농산물/제분,58100,81,403108358288.0,5.636363636363637,-12.893553223388306,-24.558741485459244,-36.223929747530185,-12.480699436730093,42,-321.86708418358467,9.0
032620,GC MediAI Corporation,유비케어,KRX,Packaged software,패키지 소프트웨어,3125,15373,155779920959.0,4.690117252931323,-21.482412060301506,-23.494483741712138,-25.506555423122766,-12.220643343854753,42,,
048410,HYUNDAI BIOSCIENCE CO. LTD.,현대바이오사이언스,KRX,Pharmaceuticals: major,의약품: 주요,7060,153679,661047681427.0,-15.042117930204572,-47.935103244837755,-10.363948018815273,27.207207207207208,-12.235215983370995,42,-264.64325065516624,10.0
078000,"Telcoware Co., Ltd",텔코웨어 보통주,KRX,Packaged software,패키지 소프트웨어,13350,13,68836158595.0,-4.506437768240343,-21.92982456140351,-17.788974376432673,-13.648124191461838,-12.475959733155742,42,,
011930,SHINSUNG E&G Co.LTD.,신성이엔지보통주,KRX,Industrial machinery,산업용 기계,18020,144673,306408489227.0,-6.340956340956341,-33.505535055350556,-16.55778145525188,0.38997214484679665,-12.471051409533663,42,-342.40137549234885,8.0
169330,Macromill Embrain Co. Ltd.,마크로밀엠브레인,KRX,Miscellaneous commercial services,기타 상업 서비스,1613,1049,29201927650.0,-1.0429447852760736,-18.038617886178862,-19.963618870450205,-21.88861985472155,-12.395349236380554,42,,
053950,"Kyungnam Pharm Co., Ltd.",경남제약,KRX,Pharmaceuticals: major,의약품: 주요,2115,427822,38670217146.0,27.40963855421687,-47.77777777777778,-39.27350427350427,-30.76923076923077,-12.600247142415817,42,-146.01530587712804,15.0
005300,"Lotte Chilsung Beverage Co., Ltd",롯데칠성음료보통주,KRX,Beverages: non-alcoholic,음료: 무알코올,95800,570,930439700842.0,-3.8152610441767068,-19.01944209636517,-18.037859576321114,-17.056277056277057,-12.348820163463351,42,3.9028201544818435,47.0
012700,"LEADCORP, Inc.",리드코프,KRX,Wholesale distributors,도매 유통업체,2890,516,72664911633.0,4.520795660036167,-18.93408134642356,-23.387140548367835,-27.84019975031211,-12.223966065006234,42,-39.269276058093695,28.0
163560,"DRB Industrial Co., Ltd.",동일고무벨트보통주,KRX,Industrial machinery,산업용 기계,5490,263,75337997932.0,-4.020979020979021,-19.264705882352942,-17.915027713212943,-16.565349544072948,-12.357408236319376,42,1298.5694530354488,97.0
023800,"INZI Controls Co., Ltd",인지컨트롤스보통주,KRX,Auto parts: OEM,자동차 부품: OEM,5020,2535,75995173759.0,0.0,-24.51127819548872,-20.352467144488934,-16.19365609348915,-12.211480286693362,42,554.0752729181967,94.0
049800,"Woojin Plaimm Co., Ltd",우진플라임 보통주,KRX,Industrial machinery,산업용 기계,1800,1078,36180000000.0,1.7524024872809496,-29.549902152641877,-23.300296698440754,-17.05069124423963,-13.279217024152072,41,9.958490862089114,50.0
214180,"Hecto Innovation Co., Ltd.",헥토이노베이션,KRX,Information technology services,정보 기술 서비스,14050,1684,182296941748.0,-1.1954992967651195,-22.375690607734807,-21.49857976714424,-20.62146892655367,-13.377347578992591,41,-21.90233111124103,34.0
023900,Pungguk Ethanol Co.Ltd.,풍국주정공업,KRX,Chemicals: specialty,화학: 특수,7100,637,89838002720.0,3.498542274052478,-27.17948717948718,-24.621576740127782,-22.063666300768386,-13.373529134455678,41,35.294348462987784,64.0
088390,INNOX Corporation,이녹스,KRX,Recreational products,레크리에이션 제품,8190,263,76025253296.0,5.405405405405405,-31.75,-25.884765625,-20.01953125,-13.368697212837839,41,,
053210,"KT Skylife Co., Ltd",케이티스카이라이프,KRX,Broadcasting,브로드캐스팅,3980,975,188710436897.0,-6.02125147579693,-15.856236786469344,-18.207559510999143,-20.55888223552894,-13.333036296918259,41,,
026040,"J.ESTINA Co., Ltd.",제이에스티나,KRX,Other consumer specialties,기타 소비자 전문 분야,2130,33071,34075167417.999996,19.327731092436974,-23.928571428571427,-34.193751164090145,-44.458930899608866,-12.785158261479298,41,,
293490,Kakao Games Corp.,카카오게임즈,KRX,Packaged software,패키지 소프트웨어,9170,26684,955139149323.0,19.09090909090909,-25.447154471544714,-33.959461802899085,-42.47176913425345,-12.739313445375814,41,-24.996376528987717,33.0
286940,Lotte Innovate Co Ltd,롯데이노베이트보통주,KRX,Miscellaneous commercial services,기타 상업 서비스,17260,555,256079202242.0,-3.3053221288515404,-16.416464891041162,-19.5952570540217,-22.774049217002236,-13.079283083953637,41,91.13350990423264,79.0
184230,"SGA Solutions Co., Ltd.",에스지에이 솔루션즈,KRX,Information technology services,정보 기술 서비스,2120,20167,39227793941.0,13.308391234633886,-19.39163498098859,-30.227537873650764,-41.06344076631294,-12.813166230336904,41,,
170900,"Dong-A ST Co., Ltd.",동아에스티보통주,KRX,Pharmaceuticals: major,의약품: 주요,34700,805,328440827036.0,0.7256894049346879,-21.934758155230597,-22.452581849021122,-22.970405542811644,-13.181273347438797,41,,
002140,"Korea Industrial Co., Ltd.",고려산업보통주,KRX,Agricultural commodities/Milling,농산물/제분,1935,23316,47097739145.0,8.585858585858587,-28.59778597785978,-27.858215022828194,-27.11864406779661,-13.280585579353483,41,13.935156466522784,52.0
388870,"Pharos iBio Co., Ltd.",파로스아이바이오,KRX,Pharmaceuticals: major,의약품: 주요,5620,11384,71202622890.0,0.35714285714285715,-40.339702760084926,-21.804963256118196,-3.270223752151463,-12.940120810813774,41,10.668059856551347,50.0
348340,"Neuromeka Co., Ltd.",뉴로메카,KRX,Industrial machinery,산업용 기계,20625,62753,469338908768.0,-20.672997596074513,-44.98964940942508,-7.312748910606935,30.364151588211207,-12.656848384793964,41,-19.185132151338586,35.0
206950,"Volvik, Inc.",볼빅,KRX,Recreational products,레크리에이션 제품,1488,1,24635213375.0,-0.733822548365577,-22.45961438249088,-21.229807191245442,-20.0,-13.031413334093497,41,,
002710,TCC Steel Corp.,TCC스틸보통주,KRX,Metal fabrication,금속 가공,11470,9390,293331274281.0,2.6857654431512983,-15.037037037037036,-22.949501038108632,-30.86196503918023,-12.695394445604661,41,-1257.0418139548956,3.0
294140,Lemon Company Limited,레몬,KRX,Electronic production equipment,전자 생산 장비,2835,455,68250938072.00001,16.188524590163933,-10.142630744849445,-32.46365987003238,-54.78468899521531,-13.002786085953854,41,-9.33698144141973,41.0
027740,"Maniker Co., Ltd",마니커보통주,KRX,Food: meat/fish/dairy,식품: 육류/어류/유제품,1164,3047,37586794617.0,13.229571984435797,-30.878859857482187,-30.463468390279555,-30.048076923076923,-12.986252240393416,41,-31.61894640917961,31.0
317770,Xperix Inc.,엑스페릭스,KRX,Computer peripherals,컴퓨터 주변기기,2650,15833,97672094421.0,2.514506769825919,-13.96103896103896,-23.006160506160505,-32.05128205128205,-12.797893595765936,41,0.19526176545838325,45.0
0088D0,Meritz No.1 Special Purpose Acquisition Company,메리츠제1호기업인수목적,KRX,Financial conglomerates,금융지주회사,2060,3,11937700157.0,-3.7383177570093458,-6.787330316742081,-19.060331825037707,-31.333333333333332,-12.931526197826363,41,,
298690,"Air Busan Co., Ltd.",에어부산보통주,KRX,Airlines,에어라인즈,1521,2309,248519564240.0,-4.2191435768261965,-16.05960264900662,-19.406134488545973,-22.752666328085322,-13.331338123858064,41,-351.4456464677028,8.0
016090,"Daehyun Co., Ltd",대현보통주,KRX,Apparel/Footwear,어패럴/풋웨어,1402,2512,62083799301.0,-3.443526170798898,-17.188422917897224,-20.077727942465096,-22.967032967032967,-13.424047233798618,41,19.015713226284273,55.0
007280,"KOREA STEEL CO.,LTD",한국특강보통주,KRX,Steel,스틸,2235,933,56036104107.0,6.428571428571429,-22.341904100069492,-25.98518378807001,-29.62846347607053,-13.019681701413436,41,,
036120,Seoul Information Service Inc.,서울평가정보,KRX,Financial publishing/Services,금융 출판/서비스,1639,3938,54585719662.0,5.741935483870968,-21.201923076923077,-24.970526755852845,-28.73913043478261,-12.685541859963319,41,47.890327775042074,69.0
025980,Ananti Inc.,아난티,KRX,Movies/Entertainment,무비/엔터테인먼트,5050,473223,497471193237.0,20.66905615292712,-26.81159420289855,-35.90035047835559,-44.989106753812635,-13.272587825842507,41,42.194054642099566,66.0
002150,"Dohwa Engineering Co., Ltd.",도화엔지니어링보통주,KRX,Engineering & construction,엔지니어링 및 건설,5030,1959,167478004570.0,-2.3300970873786406,-20.662460567823345,-20.53692648644332,-20.411392405063292,-13.254194726817449,41,,
010040,"Korea Refractories Co., Ltd.",한국내화보통주,KRX,Construction materials,건축 자재,1607,18664,54431390625.0,1.5161086544535691,-17.37789203084833,-22.7381630176613,-28.098434004474274,-13.036454348815354,41,,
290270,"Hunesion Co., Ltd.",휴네시온,KRX,Information technology services,정보 기술 서비스,2785,652,25832572556.0,5.893536121673004,-19.624819624819626,-25.173106329822748,-30.72139303482587,-12.746449349224449,41,-11.177765789943184,40.0
019570,GMI Venture Co.Ltd,플루토스투자,KRX,Investment managers,투자 운용사,2720,624,26138889141.0,-6.529209621993127,-27.466666666666665,-18.4,-9.333333333333334,-13.651683848797251,40,,
187270,Shin Hwa Contech Co.Ltd.,신화콘텍,KRX,Electronic equipment/Instruments,전자 장비/기기,2840,1269,25848046722.0,-5.333333333333333,-21.11111111111111,-19.33639735526528,-17.56168359941945,-13.735171746492503,40,,
067990,Deutsch Motors Inc.,도이치모터스,KRX,Auto parts: OEM,자동차 부품: OEM,3820,6517,107474560776.0,-8.502994011976048,-14.157303370786517,-16.783293035604228,-19.40928270042194,-13.471173426152957,40,,
084010,"Daehan Steel Co., Ltd",대한제강 보통주,KRX,Steel,스틸,7820,2038,227211300888.0,-2.127659574468085,-24.879923150816524,-21.833224221862537,-18.786525292908546,-13.950998362904757,40,-55.79218959448084,25.0
038620,"WIZ CORP, Inc.",위즈코프,KRX,Information technology services,정보 기술 서비스,2005,4785,22735211189.0,9.264305177111716,-24.765478424015008,-29.13232461830933,-33.49917081260365,-13.773672700140914,40,697.4014927998039,96.0
214450,"PharmaResearch Co., Ltd.",파마리서치,KRX,Pharmaceuticals: major,의약품: 주요,323000,4119,3350661621094.0,-7.4498567335243555,5.728314238952537,-17.61116280739759,-40.95063985374772,-13.546640377848297,40,47.861397875748935,69.0
0093G0,Mirae Asset Vision Special Purpose Acquisition 8 Co. Ltd.,미래에셋비전기업인수목적8호,KRX,Financial conglomerates,금융지주회사,1960,1,12544000187.0,-1.0600706713780919,-2.0,-21.87667161961367,-41.75334323922734,-13.55003124031944,40,,
200580,"Medyssey Co., Ltd.",메디쎄이,KRX,Medical specialties,의학 전문 분야,10440,575,38900264626.0,-15.67043618739903,-6.702412868632708,-12.823256123757346,-18.944099378881987,-13.96212814921402,40,,
014570,"Korean Drug Co., Ltd",고려제약,KRX,Pharmaceuticals: major,의약품: 주요,3280,41,34568823438.0,-0.15220700152207,-17.38035264483627,-22.60656796158205,-27.83278327832783,-13.62482357755806,40,-130.56356118169091,16.0
460470,"IVIM Technology, Inc.",아이빔테크놀로지,KRX,Medical specialties,의학 전문 분야,2815,10343,39310363197.0,-12.03125,-16.96165191740413,-14.496450958702065,-12.03125,-13.510370575221238,40,57.685258216635965,72.0
0130H0,NH Special Purpose Acquisition 33 Co.,NH Special Purpose Acquisition 33 Co.,KRX,Financial conglomerates,금융지주회사,1975,12,15330699620.0,-1.4962593516209477,-1.25,-22.084537572254334,-42.91907514450867,-13.84922628400098,40,,
454910,Doosan Robotics Inc.,두산로보틱스보통주,KRX,Industrial machinery,산업용 기계,70700,38323,4589254357910.0,-25.10593220338983,-14.510278113663846,-6.464909171774452,1.5804597701149425,-13.921318384420603,40,3.457473637111306,47.0
196170,ALTEOGEN Inc.,알테오젠,KRX,Biotechnology,바이오테크놀로지,257000,51200,17407855987549.0,-9.5804237888135,-5.621374547928214,-16.0154962937511,-26.40961803957398,-13.441467291776059,40,,
018470,"Choil Aluminum Co., Ltd",조일알미늄보통주,KRX,Aluminum,알루미늄,5210,12766,129924142342.0,3.1683168316831685,-25.571428571428573,-25.059428985207408,-24.547429398986242,-13.768330658451177,40,,
146320,"BCnC Co., Ltd.",비씨엔씨,KRX,Semiconductors,세미컨덕터,10740,708,134244330481.99998,-2.4523160762942777,-17.448116833205226,-20.96034533643384,-24.47257383966245,-13.557133632378015,40,,
464080,"SOSLAB Co., Ltd.",에스오에스랩,KRX,Electronic equipment/Instruments,전자 장비/기기,10120,24702,179955553093.0,-4.618284637134779,-31.713900134952766,-19.856950067476383,-8.0,-13.761483895339742,40,-41.868764270919044,27.0
025880,"KC Feed Co., Ltd.",케이씨피드,KRX,Agricultural commodities/Milling,농산물/제분,2295,4386,36463662472.0,-6.517311608961304,-19.614711033274958,-18.155812866909713,-16.696914700544465,-13.50041236373035,40,21.665811817204343,56.0
011420,"Galaxia SM, Inc.",갤럭시아에스엠보통주,KRX,Advertising/Marketing services,광고/마케팅 서비스,1445,951,39478640526.0,1.048951048951049,-16.714697406340058,-23.78797071273941,-30.861244019138756,-13.853202008063224,40,39.64232832707402,66.0
102370,K Auction Inc.,케이옥션,KRX,Specialty stores,전문점,2990,728,72905685940.0,-4.166666666666667,-8.841463414634147,-19.65328984685196,-30.46511627906977,-13.458640574777842,40,,
036560,KZ Precision Corporation,케이젯정밀,KRX,Industrial machinery,산업용 기계,11990,347,189630000000.0,-0.08333333333333333,-23.776223776223777,-22.525012741690354,-21.273801707156927,-13.548340978347547,40,34.480576399283294,63.0
054450,Telechips Inc.,텔레칩스,KRX,Semiconductors,세미컨덕터,10180,3532,148498640499.0,-4.681647940074907,-14.74036850921273,-20.026090344114802,-25.311812179016876,-13.888313382498845,40,-69.85365181891832,22.0
045390,"DAEA TI Co., Ltd.",대아티아이,KRX,Trucks/Construction/Farm machinery,트럭/건설/농기계,3060,234073,223400593719.0,7.746478873239437,-24.444444444444443,-27.801524809398824,-31.158605174353205,-13.58232333634352,40,-33.558682104650785,30.0
079430,HYUNDAI LIVART FURNITURE CO LTD,현대리바트보통주,KRX,Home furnishings,가정용 가구,5660,119,110281477356.0,-4.067796610169491,-18.56115107913669,-19.81056159256695,-21.05997210599721,-13.513455599607967,40,227.5717197838401,89.0
417030,Nearthlab Inc.,Nearthlab Inc.,KRX,Aerospace & defense,항공우주 및 방위산업,34900,217552,206258747149.0,-13.82716049382716,-13.82716049382716,-13.82716049382716,-13.82716049382716,-13.82716049382716,40,,
302550,"REMED Co., Ltd.",리메드,KRX,Medical specialties,의학 전문 분야,2660,1383,79169158916.0,-6.666666666666667,-11.480865224625624,-18.4855306515285,-25.49019607843137,-13.757985057583767,40,,
036000,"YeaRimDang Publishing Co., Ltd.",예림당,KRX,Publishing: books/magazines,출판: 도서/잡지,2705,298,62192542648.0,-8.305084745762711,-14.126984126984127,-16.929960906222036,-19.73293768545994,-13.480010442038306,40,-62.677902542769296,23.0
090850,"Hyundai Ezwel Co., Ltd.",현대이지웰,KRX,Packaged software,패키지 소프트웨어,4960,606,104668615780.0,-4.431599229287091,-22.25705329153605,-19.447854376860462,-16.638655462184875,-13.441352317831115,40,-8.461292562960914,41.0
086890,"ISU Abxis Co., Ltd.",이수앱지스,KRX,Pharmaceuticals: major,의약품: 주요,3595,1122,143731840038.0,5.580029368575624,-20.98901098901099,-27.207468457468458,-33.425925925925924,-14.092469327050825,39,-119.01722225435186,17.0
263770,"UST Co., Ltd.",유에스티,KRX,Investment managers,투자 운용사,1585,1564,38231583652.0,-3.4713763702801463,-17.059131344845632,-21.496855392048985,-25.934579439252335,-14.28666378334145,39,133.57716142861804,84.0
030520,Hancom Inc.,한글과컴퓨터,KRX,Packaged software,패키지 소프트웨어,17570,31040,416225201492.0,-3.248898678414097,-10.630722278738556,-21.72071486785876,-32.81070745697897,-14.331988392080895,39,109.9589878223806,82.0
122690,"Seojin Automotive Co., Ltd",서진오토모티브,KRX,Miscellaneous,기타 (Miscellaneous),1617,440,37118592642.0,1.125703564727955,-34.929577464788736,-24.04373610081542,-13.157894736842104,-13.975960234598071,39,-395.21401364040616,7.0
452300,"Capstone Partners Co., Ltd.",캡스톤파트너스,KRX,Investment managers,투자 운용사,2470,3692,34786135068.0,5.555555555555555,-37.46835443037975,-27.360642876831413,-17.252931323283082,-14.194163503876627,39,87.49320043777988,78.0
023350,Korea Engineering Consultants Corporation,한국종합기술보통주,KRX,Engineering & construction,엔지니어링 및 건설,3865,420,40315172195.0,-8.412322274881516,-18.287526427061312,-18.02674193693491,-17.76595744680851,-14.180974072113553,39,28.449423842722993,60.0
413300,"TL Engineering Co., Ltd.",티엘엔지니어링,KRX,Engineering & construction,엔지니어링 및 건설,2040,1,,-17.408906882591094,8.337758895379713,-11.717408177728203,-31.77257525083612,-13.994007659673361,39,,
038290,"Macrogen, Inc.",마크로젠,KRX,Medical/Nursing services,의료/간호 서비스,12180,6847,131072527771.0,-0.8950366151342555,-24.11214953271028,-23.092543096489496,-22.072936660268713,-14.2135405039474,39,,
003000,"Bukwang Pharmaceutical Co., Ltd.",부광약품보통주,KRX,Pharmaceuticals: major,의약품: 주요,3985,8570,387752164307.0,-8.39080459770115,-46.93741677762983,-18.121486166592693,10.694444444444445,-14.229213539036074,39,,
377300,kakaopay Corp.,카카오페이보통주,KRX,Miscellaneous commercial services,기타 상업 서비스,40750,21253,5499970555115.0,-1.570048309178744,-19.146825396825395,-22.25656288156288,-25.366300366300365,-13.981957052609225,39,,
086390,"UniTest, Inc.",유니테스트,KRX,Electronic production equipment,전자 생산 장비,13190,30896,270426467133.00003,4.516640253565769,-19.573170731707318,-26.81158536585366,-34.05,-14.280295118085888,39,,
003960,Sajodaerim Corporation,사조대림보통주,KRX,Food: meat/fish/dairy,식품: 육류/어류/유제품,26800,20,195517899513.0,-0.37174721189591076,-13.964686998394864,-23.356245632196178,-32.74780426599749,-14.16244626407607,39,-524.084889997705,6.0
054670,"Daehan Nupharm Co., Ltd.",대한뉴팜,KRX,Pharmaceuticals: major,의약품: 주요,5450,644,76071265354.0,-2.3297491039426523,-23.45505617977528,-21.946506192077422,-20.437956204379564,-14.099803356823514,39,177.1125845372528,87.0
130500,"GH Advanced Materials, Inc.",지에이치신소재,KRX,Textiles,텍스타일,1895,31,27068307260.0,1.2286324786324787,-22.96747967479675,-24.90072825438679,-26.833976833976834,-14.448983961179083,39,,
131220,"Daihan Scientific Co., Ltd",대한과학,KRX,Medical specialties,의학 전문 분야,3550,84,26642318809.0,-0.2808988764044944,-21.198668146503884,-23.504245254025193,-25.809822361546498,-14.214906702976915,39,21.220407235440412,56.0
023960,"SC Engineering Co., Ltd.",에쓰씨엔지니어링보통주,KRX,Industrial machinery,산업용 기계,1011,6712,38606512184.0,0.6972111553784861,-27.578796561604584,-23.98624867450308,-20.393700787401574,-14.112864742550453,39,-2101.309046094576,2.0
008870,"KUMBI Co., Ltd.",금비보통주,KRX,Industrial specialties,산업 분야,39800,21,39800000000.0,1.015228426395939,-13.66594360086768,-24.369676531265814,-35.07340946166395,-14.215714548201113,39,-145.05623041366326,15.0
270520,APTN Inc.,앱튼,KRX,Alternative power generation,대체 전력 생산,1953,172991,46781007423.0,17.016177351707608,9.719101123595506,-34.83981652680984,-79.39873417721519,-14.097418975402864,39,45.726760903194226,68.0
302440,"SK bioscience Co.,Ltd.",에스케이바이오사이언스보통주,KRX,Biotechnology,바이오테크놀로지,36150,8761,2804821956635.0,-4.743083003952569,-16.319444444444443,-20.58175964425964,-24.844074844074843,-14.246288988136815,39,-21.895034342592943,34.0
069960,"Hyundai Department Store Co., Ltd",현대백화점보통주,KRX,Department stores,백화점,94500,7289,2003780445099.0,-51.98170731707317,14.963503649635037,10.751199400916729,6.538895152198422,-14.341963286279233,39,,
001620,"KBI DONGKOOK IND CO., LTD.",케이비아이동국실업보통주,KRX,Auto parts: OEM,자동차 부품: OEM,2200,1388,49636691284.0,-6.779661016949152,-29.487179487179485,-19.289044289044288,-9.090909090909092,-14.285290980206234,39,327.936900174272,92.0
321820,Artist Company Inc.,아티스트컴퍼니,KRX,Packaged software,패키지 소프트웨어,3005,14624,44334882393.0,14.476190476190476,-20.60766182298547,-33.56895546665288,-46.530249110320284,-14.350897089515538,39,,
192250,"KSIGN Co., Ltd.",케이사인,KRX,Packaged software,패키지 소프트웨어,8180,8454,54453005600.0,9.066666666666666,-18.28171828171828,-29.610173220281524,-40.938628158844764,-14.139437265502249,39,,
010960,"Samho Development Co., Ltd",삼호개발 보통주,KRX,Engineering & construction,엔지니어링 및 건설,3100,17321,65728798599.0,-14.835164835164836,-19.06005221932115,-13.73977500183192,-8.419497784342688,-14.177930935165085,39,54.27457137298319,71.0
475230,"NRB, Inc",엔알비,KRX,Homebuilding,홈빌딩,10130,2428,110948588810.0,18.47953216374269,-54.16289592760181,-36.06930221481305,-17.975708502024293,-14.249768463390755,39,,
058850,KTCS Corp.,케이티씨에스보통주,KRX,Specialty telecommunications,특수 통신,2190,8163,79731542015.0,-2.882483370288248,-16.091954022988507,-21.907363150108115,-27.722772277227723,-14.297411238180171,39,60.75179730030756,73.0
432320,KB STAR REIT,KB스타리츠보통주,KRX,Real estate investment trusts,부동산 투자 신탁,1627,15748,246801130005.0,25.25019245573518,-25.876993166287015,-40.642084087562445,-55.407175008837875,-14.285173470243395,39,-111.87272725235043,18.0
011500,Hannong Chemicals Inc.,한농화성보통주,KRX,Household/Personal care,가정/개인 위생용품,13430,4187,199892837467.0,-7.760989010989011,-34.647201946472016,-19.834209176913518,-5.021216407355022,-15.004921110543716,38,676.1143909906652,95.0
051910,LG Chem Ltd.,LG화학보통주,KRX,Chemicals: specialty,화학: 특수,257000,27439,18702706745100.0,-14.617940199335548,-18.282988871224166,-14.754620515059406,-11.226252158894646,-14.699948388769863,38,,
377190,"D&D Platform REIT Co., Ltd.",디앤디플랫폼리츠보통주,KRX,Real estate investment trusts,부동산 투자 신탁,2220,5789,196248003387.0,8.823529411764707,-26.973684210526315,-30.839783281733745,-34.705882352941174,-14.974458204334367,38,20.451443758657977,56.0
048530,"iNtRON Biotechnology, Inc.",인트론바이오테크놀로지,KRX,Pharmaceuticals: major,의약품: 주요,2890,5741,79819264650.0,5.474452554744525,-30.861244019138756,-28.284092446587373,-25.70694087403599,-14.780674446054615,38,-138.7293206504882,15.0
241790,"TEMC CNS Co., Ltd.",티이엠씨씨엔에스,KRX,Industrial machinery,산업용 기계,6250,1698,61680319405.0,-4.580152671755725,-18.19371727748691,-21.400839338381573,-24.607961399276235,-14.672564671731234,38,-87.99834927818904,20.0
222080,"SFA NEXEL Co., Ltd.",씨아이에스,KRX,Industrial machinery,산업용 기계,7630,64609,580176297913.0,-17.602591792656586,-37.40771123872026,-12.43541904118904,12.536873156342184,-14.50228814177606,38,,
196450,CoAsia CM Co.Ltd,코아시아씨엠,KRX,Electronic components,전자 부품,3880,2206,35124435463.0,9.295774647887324,-42.772861356932154,-31.137468022864418,-19.502074688796682,-14.964170954563723,38,,
053580,WebCash Corp.,웹케시,KRX,Packaged software,패키지 소프트웨어,6950,486,83768985825.0,11.556982343499197,-17.064439140811455,-32.50225702358925,-47.940074906367045,-14.87856127675387,38,32.30848189390566,62.0
029780,"Samsung Card Co., Ltd",삼성카드 보통주,KRX,Finance/Rental/Leasing,금융/렌탈/리스,42800,9090,4529868933105.0,-8.742004264392325,-21.17863720073665,-18.628534286642832,-16.07843137254902,-14.67392227774263,38,-0.354108218115583,45.0
450330,HASS Corp.,하스,KRX,Medical specialties,의학 전문 분야,5090,779,40115530300.0,2.9322548028311424,-25.147058823529413,-26.57635826607871,-28.005657708628007,-14.772913038514771,38,-121.62720768799065,17.0
006140,"PJ Electronics Co., Ltd.",피제이전자,KRX,Computer peripherals,컴퓨터 주변기기,4420,6468,64885647984.0,-2.4282560706401766,-30.9375,-23.21253585086042,-15.48757170172084,-14.898823938772324,38,,
110790,"Creas F&C Co., Ltd.",크리스에프앤씨,KRX,Apparel/Footwear,어패럴/풋웨어,3020,6,64385571918.0,1.5126050420168067,-22.06451612903226,-25.928246418167447,-29.791976707302634,-14.951905834093745,38,,
486990,Nota Inc.,노타,KRX,Packaged software,패키지 소프트웨어,20250,108695,435335937309.0,-0.9779951100244498,-38.63636363636363,-24.318181818181817,-10.0,-14.98210713491887,38,,
204020,"GRITEE, Inc.",그리티,KRX,Apparel/Footwear,어패럴/풋웨어,1751,2737,34282652863.000004,-8.180388044048243,-12.45,-18.969680851063828,-25.48936170212766,-14.653963728257596,38,19.504362440878495,55.0
078070,Ubiquoss Holdings Inc.,유비쿼스홀딩스,KRX,Telecommunications equipment,통신 장비,8800,1371,144818261547.0,7.711138310893513,-41.72185430463576,-29.390616124985176,-17.05937794533459,-14.549914350633701,38,160.00040296817383,86.0
357250,"Miraeasset Maps REIT 1 Co., Ltd.",미래에셋맵스리츠보통주,KRX,Real estate investment trusts,부동산 투자 신탁,1848,586,46315930943.0,5.47945205479452,-22.025316455696203,-28.13009595026803,-34.23487544483986,-14.68627674824301,38,-40.39380737541781,28.0
190650,"KOREA ASSET INVESTMENT SECURITIES CO., LTD.",코리아에셋투자증권,KRX,Investment banks/Brokers,투자은행/중개사,6440,288,41202600074.0,-14.927344782034346,-19.700748129675812,-14.24130890903054,-8.78186968838527,-14.515723258232065,38,388.70849712538967,93.0
053280,"Yes24 Co., Ltd.",예스이십사,KRX,Internet retail,인터넷 소매,2835,875,70459541245.0,-4.865771812080537,-16.86217008797654,-21.66065702842407,-26.459143968871594,-14.942702941886655,38,-218.5094901831119,12.0
089590,"JEJUAIR CO., LTD.",제주항공보통주,KRX,Airlines,에어라인즈,4475,42687,363778543396.0,-4.278074866310161,-11.909448818897637,-21.264801928828664,-30.62015503875969,-14.470111103821264,38,-338.98391430084405,8.0
065680,"Uju Electronics Co., Ltd.",우주일렉트로닉스,KRX,Electronic components,전자 부품,26850,4088,221459882164.0,-11.386138613861386,2.091254752851711,-16.72147946631124,-35.53421368547419,-14.5873431253313,38,25.653430784559742,59.0
309930,"JOYWORKS&Co Co.,Ltd.",조이웍스앤코,KRX,Specialty stores,전문점,842,11650,16105248611.0,37.35725938009788,-21.583236321303843,-49.17782505720365,-76.77241379310345,-14.563791282283036,38,,
109820,Genematrix Inc.,진매트릭스,KRX,Miscellaneous commercial services,기타 상업 서비스,1599,2710,31683126406.0,8.923705722070844,-18.0,-30.292639138240574,-42.58527827648115,-14.606101194116007,38,,
329180,"HD Hyundai Heavy Industries Co., Ltd.",에이치디현대중공업보통주,KRX,Trucks/Construction/Farm machinery,트럭/건설/농기계,442500,14952,46287901290894.0,-26.37271214642263,-3.0668127053669223,-7.3717297059768745,-11.676646706586826,-14.972122682155177,38,181.98615553281456,88.0
001720,"Shinyoung Securities Co., Ltd.",신영증권보통주,KRX,Investment banks/Brokers,투자은행/중개사,139100,620,1063983427048.0,-17.202380952380953,-27.362924281984334,-12.616851274619187,2.129221732745962,-14.451063145723895,38,46.52717584409858,68.0
108860,SELVAS AI Inc,셀바스에이아이,KRX,Packaged software,패키지 소프트웨어,8950,27272,236845629883.0,14.012738853503185,-34.14275202354673,-34.502234818178025,-34.861717612809315,-15.09624534950554,38,56.51783754566972,72.0
007120,"MiraeING Co., Ltd.",미래아이앤지보통주,KRX,Information technology services,정보 기술 서비스,1037,1103,26154134388.0,-13.583333333333334,-48.15,-15.619532130777902,16.910935738444195,-14.805052611800075,38,-70.01624659282137,22.0
011210,Hyundai Wia Corporation,현대위아보통주,KRX,Auto parts: OEM,자동차 부품: OEM,53300,4459,1394490895271.0,-19.728915662650603,-33.375,-12.410514256619145,8.55397148676171,-15.33787481903173,37,123.59049935040044,84.0
014830,"Unid Co., Ltd",유니드 보통주,KRX,Chemicals: specialty,화학: 특수,60800,413,397236964035.0,-5.736434108527132,-25.307125307125308,-21.3492148274757,-17.391304347826086,-15.104102539896273,37,42.88202073398731,66.0
010140,"Samsung Heavy Industries Co., Ltd",삼성중공업보통주,KRX,Trucks/Construction/Farm machinery,트럭/건설/농기계,20350,209893,17294220565795.998,-17.276422764227643,-20.662768031189085,-13.763878294770745,-6.864988558352403,-15.168896082553504,37,182.99704010264043,88.0
317330,Duksan Techopia Co. Ltd.,덕산테코피아,KRX,Electronic equipment/Instruments,전자 장비/기기,13010,9235,259216210155.0,1.56128024980484,-29.48509485094851,-26.878752314880543,-24.272409778812573,-15.502739289006392,37,-124.75627495043368,17.0
097520,"MCNEX Co., Ltd.",엠씨넥스보통주,KRX,Electronic production equipment,전자 생산 장비,18630,5815,289455952206.0,-3.5714285714285716,-12.329411764705883,-23.48049535603715,-34.63157894736842,-15.51686864219372,37,-62.91989501621802,23.0
007860,SEOYON CO. LTD,서연보통주,KRX,Miscellaneous commercial services,기타 상업 서비스,7350,438,158463179970.0,-9.3711467324291,-21.05263157894737,-19.64756161817224,-18.242491657397107,-15.536995663874984,37,129.24618181457808,84.0
128820,"Daesung Industrial Co., Ltd",대성산업보통주,KRX,Gas distributors,가스 유통업체,4060,6791,157042848015.0,-7.517084282460137,-38.763197586726996,-20.655314778909805,-2.5474319710926174,-15.400022580329939,37,-663.0105327363565,5.0
092440,Kishin Corporation,기신정기 보통주,KRX,Industrial machinery,산업용 기계,1844,10475,54020001411.0,-3.9583333333333335,-18.4070796460177,-22.760852075973276,-27.114624505928855,-15.239844578917301,37,-44.08790939219614,27.0
435570,"ERCOHS Agricultural Corporation Co., Ltd.",에르코스 농업회사법인,KRX,Food: major diversified,식품: 주요 다각화,7200,317,53253595581.0,10.76923076923077,-27.492447129909365,-32.63127110168762,-37.77009507346586,-15.271070353320262,37,-108.30879216485013,18.0
083420,"Green Chemical Co., Ltd.",그린케미칼보통주,KRX,Chemicals: major diversified,화학: 주요 복합,4655,1357,108117513885.0,3.4444444444444446,-20.017182130584192,-28.4706506858883,-36.924119241192415,-15.704612633755204,37,635.7045180707959,95.0
200710,"ADTechnology Co., Ltd.",에이디테크놀로지,KRX,Miscellaneous,기타 (Miscellaneous),26750,5600,347103352547.0,-7.758620689655173,-48.55769230769231,-20.34739454094293,7.862903225806452,-15.311885000427827,37,,
459510,"Naurobotics Co., Ltd.",나우로보틱스,KRX,Industrial machinery,산업용 기계,15580,4188,203630815315.0,-2.258469259723965,-14.3014301430143,-23.86011678090886,-33.41880341880342,-15.219457772434904,37,-251.52241348909422,11.0
277070,Lindeman Asia Investment Corp.,린드먼아시아인베스트먼트,KRX,Investment managers,투자 운용사,3345,27845,42799029160.0,4.368174726989079,-17.3053152039555,-28.517522466842614,-39.729729729729726,-15.363243589309938,37,-163.03298391358587,14.0
298050,HS HYOSUNG ADVANCED MATERIALS,에이치에스효성첨단소재보통주,KRX,Textiles,텍스타일,160600,350,712649488211.0,-6.191588785046729,-29.251101321585903,-21.102515430440647,-12.953929539295393,-15.13814477228308,37,,
010100,KOREA MOVENEX CO. LTD.,한국무브넥스보통주,KRX,Auto parts: OEM,자동차 부품: OEM,3390,5143,101552151966.0,-7.755102040816326,-23.562570462232244,-20.490176826731226,-17.417783191230207,-15.396146912365266,37,85.82218861952926,78.0
061040,"RFTech Co., Ltd.",알에프텍,KRX,Electronic equipment/Instruments,전자 장비/기기,7570,44,58041552939.0,-0.6561679790026247,-7.682926829268292,-25.16722099039172,-42.65151515151515,-15.362799785836081,37,-37.26652338722521,29.0
304360,"S.Biomedics Co., Ltd.",에스바이오메딕스,KRX,Miscellaneous commercial services,기타 상업 서비스,20650,3245,251494723940.0,-5.491990846681922,-27.6707530647986,-21.606337677593572,-15.541922290388548,-15.160598945228914,37,-71.72934336466184,22.0
028300,"HLB Co., Ltd.",에이치엘비,KRX,Biotechnology,바이오테크놀로지,39700,223347,4061384201050.0,-21.073558648111334,-24.236641221374047,-11.415894046191493,1.40485312899106,-15.27895988695943,37,-57.999855886555906,24.0
001630,"Chong Kun Dang Holdings Co., Ltd.",종근당홀딩스보통주,KRX,Pharmaceuticals: major,의약품: 주요,37450,134,178282901907.0,-4.828462515883101,-21.652719665271967,-22.058243890606995,-22.463768115942027,-15.166331340717438,37,60.09777703557832,72.0
018250,"Aekyung Industrial Co., Ltd.",애경산업보통주,KRX,Household/Personal care,가정/개인 위생용품,11130,418,278881725826.0,1.1818181818181819,-28.239845261121857,-26.82099501661991,-25.402144772117964,-15.619869737244674,37,-56.01674683572236,25.0
009520,"POSCO M-TECH Co., Ltd.",(주)포스코엠텍,KRX,Containers/Packaging,컨테이너/패키징,12420,12115,509668176270.0,-5.837755875663381,-29.511918274687854,-21.35973272224959,-13.20754716981132,-15.150941983615107,37,,
094850,Very Good Tour Co.Ltd.,참좋은여행,KRX,Other consumer services,기타 소비자 서비스,4355,673,58773926411.0,0.23014959723820483,-13.591269841269842,-26.083364116685697,-38.57545839210155,-15.557958631116136,37,69.45135606648644,75.0
123570,"eMnet, Inc.",이엠넷,KRX,Advertising/Marketing services,광고/마케팅 서비스,1630,829,34955071245.0,-6.051873198847262,-16.10910962429233,-21.832332589923944,-27.555555555555557,-15.520148833493273,37,-29.413712229996307,32.0
081000,ILJIN DIAMOND CO LTD,일진다이아몬드 보통주,KRX,Other metals/Minerals,기타 금속/광물,9340,606,130622792816.0,-2.6068821689259645,-28.702290076335878,-24.436615123638024,-20.17094017094017,-15.704721941753201,37,92.86025366365506,79.0
069140,"Nuriplan Co., Ltd",누리플랜,KRX,Engineering & construction,엔지니어링 및 건설,1689,8798,25586143850.0,2.674772036474164,-17.205882352941178,-28.005115089514064,-38.80434782608695,-15.733160239118774,37,-69.02880334077665,22.0
038010,"Jeil Technos Co., Ltd",제일테크노스,KRX,Forest products,임산물,5290,298,45943408585.0,-11.686143572621035,-12.561983471074381,-17.38393291200778,-22.205882352941178,-15.104817176253082,37,-10.03800482707854,40.0
265560,"YOUNGHWA TECH Co., Ltd.",영화테크,KRX,Auto parts: OEM,자동차 부품: OEM,6410,895,67788444672.0,-6.149341142020498,-21.542227662178703,-21.252001623937687,-20.96177558569667,-15.210937431170812,37,,
139480,E-MART Inc.,이마트보통주,KRX,Department stores,백화점,71500,8102,1912688401794.0,-15.683962264150944,-26.741803278688526,-16.4548911406566,-6.167979002624672,-16.14651959005434,36,,
432720,"Qualitas Semiconductor Co., Ltd.",퀄리타스반도체,KRX,Electronic components,전자 부품,10840,27164,151665149803.0,-2.605570530098832,-22.956645344705045,-24.63263946365096,-26.308633582596872,-15.82181189023011,36,34.882480720810555,64.0
053050,"GSE Co., Ltd",지에스이,KRX,Gas distributors,가스 유통업체,1899,29589,56016830284.0,5.033185840707965,-29.273743016759777,-29.85665172816011,-30.439560439560438,-15.900716700612879,36,21.592194031348583,56.0
199800,ToolGen Incorporated,툴젠,KRX,Medical specialties,의학 전문 분야,35950,22144,329816597700.0,-7.4686243028343275,-39.386578108821816,-21.53796178118239,-3.689345453542962,-15.910226789843167,36,-297.66711030609963,10.0
466410,Synapsoft Corp.,사이냅소프트,KRX,Packaged software,패키지 소프트웨어,8700,118,41902475338.0,5.58252427184466,-21.266968325791854,-30.128575326991296,-38.99018232819074,-15.844135487456914,36,,
033290,"LOGEN Co., Ltd.",로젠,KRX,Electronic components,전자 부품,1522,2372,79417101273.0,0.9283819628647215,-24.27860696517413,-27.310928196545873,-30.34324942791762,-16.015204132781637,36,-74.06174590077666,22.0
065510,"Huvitz Co., Ltd",휴비츠,KRX,Medical specialties,의학 전문 분야,6700,4383,61490513182.0,-6.5550906555090656,-14.431673052362708,-21.915520403947426,-29.39936775553214,-15.771348504572082,36,,
049950,Meere Company Incorporated,미래컴퍼니,KRX,Industrial machinery,산업용 기계,10610,1960,83705202942.0,-0.09416195856873823,-19.92452830188679,-26.534412859197964,-33.14429741650914,-15.958312498946274,36,,
007210,Byucksan Corp.,벽산보통주,KRX,Forest products,임산물,1430,2087,77909099579.0,-6.5359477124183005,-22.911051212938006,-22.212935046644635,-21.514818880351264,-15.942140112954103,36,-29.305138260854157,32.0
039610,HS VALVE CO LTD,화성밸브,KRX,Industrial machinery,산업용 기계,5910,8096,61213154297.0,5.160142348754448,-22.542595019659238,-30.166034351934883,-37.78947368421053,-16.03556367165915,36,849.0488731553742,97.0
059180,"NWC Co., Ltd.",엔더블유시,KRX,Electrical products,전기 제품,3985,100,,-13.837837837837839,-17.580144777662873,-17.580144777662873,-17.580144777662873,-16.08322200173286,36,,
465480,"INSPIEN, Inc.",인스피언,KRX,Packaged software,패키지 소프트웨어,3925,269,40044201612.0,6.081081081081081,-20.707070707070706,-30.842257158046632,-40.97744360902256,-16.072921862395546,36,,
043150,"Value Added Technology Co., Ltd.",바텍,KRX,Medical specialties,의학 전문 분야,17560,2459,259355304108.0,-6.595744680851064,-20.72234762979684,-22.187260771420156,-23.652173913043477,-15.950654335192521,36,108.48990316582183,82.0
039200,Oscotec Inc.,오스코텍,KRX,Pharmaceuticals: major,의약품: 주요,36350,6535,1369642661285.0,-3.195739014647137,-29.690522243713733,-24.139773999796397,-18.58902575587906,-15.762160005736693,36,,
097950,CJ CheilJedang Corporation,씨제이제일제당 주식회사 보통주,KRX,Air freight/Couriers,항공/운수,176700,4020,2723155304241.0,-6.902002107481559,-19.315068493150687,-21.739079310953024,-24.163090128755364,-15.804248429564439,36,-337.9394255754123,9.0
011170,Lotte Chemical Corporation,롯데케미칼보통주,KRX,Chemicals: specialty,화학: 특수,58900,16599,2538462345123.0,-12.08955223880597,-28.778718258766627,-18.445521375873174,-8.112324492979718,-15.903133721046293,36,,
002350,Nexen Tire Corp,넥센타이어보통주,KRX,Automotive aftermarket,자동차 애프터마켓,5630,7169,563163569565.0,-19.10919540229885,-22.558459422283356,-13.888657320569287,-5.218855218855219,-15.976872553261114,36,-29.43362444535836,32.0
086040,"Biotoxtech Co., Ltd.",바이오톡스텍,KRX,Miscellaneous commercial services,기타 상업 서비스,2235,623,34509431763.0,5.176470588235294,-28.821656050955415,-30.079030790454667,-31.336405529953918,-15.976830238978682,36,,
005610,SAMLIP,SPC삼립보통주,KRX,Food: specialty/candy,식품: 특산품/과자,38700,428,314077379704.0,-1.5267175572519085,-23.214285714285715,-25.50639658848614,-27.79850746268657,-15.91452497599245,36,-143.38684964275475,15.0
037400,WOOREE ENTERPRISE CO. LTD,우리엔터프라이즈,KRX,Electrical products,전기 제품,3410,2200,11010815370.0,9.12,-28.661087866108787,-32.49114150541667,-36.321195144724555,-15.846684903250004,36,,
094360,"Chips & Media, Inc.",칩스앤미디어,KRX,Semiconductors,세미컨덕터,12070,16030,239862880325.0,-1.949634443541836,-23.944549464398236,-25.52903801722327,-27.113526570048307,-16.0972765877507,36,76.14685740120133,76.0
372170,"YUNSUNG F&C Co.,Ltd",윤성에프앤씨,KRX,Industrial machinery,산업용 기계,20250,1176,158543679295.0,12.5,-30.412371134020617,-35.250564265235155,-40.0887573964497,-16.150338559141098,36,,
270660,EVERYBOT Inc.,에브리봇 주식회사,KRX,Electronics/Appliances,일렉트로닉스/어플라이언스,13540,1103,173099555244.0,-6.74931129476584,-15.109717868338558,-22.312797507828833,-29.515877147319106,-16.087403022603638,36,,
149010,"IK Semicon Co., Ltd.",아이케이세미콘,KRX,Semiconductors,세미컨덕터,3300,176,10295999622.0,-5.444126074498567,-4.899135446685879,-22.77330873053718,-40.64748201438849,-15.841635668121736,36,,
064960,"SNT MOTIV CO., LTD",SNT모티브보통주,KRX,Auto parts: OEM,자동차 부품: OEM,25800,1327,607773945808.0,-4.089219330855019,-21.461187214611872,-23.661628090064557,-25.862068965517242,-15.83266458638074,36,26.81245546544549,59.0
189980,HYUNGKUK F&B Co. Ltd,흥국에프엔비,KRX,Beverages: non-alcoholic,음료: 무알코올,1157,2745,45658029022.0,8.333333333333334,-27.596996245306634,-31.837172155802488,-36.07734806629834,-15.768969960148159,36,-38.46092904314202,29.0
023770,PLAYWITH KOREA Inc.,플레이위드코리아,KRX,Recreational products,레크리에이션 제품,2592,1569,23663479424.0,13.187772925764191,-16.387096774193548,-35.29602188532999,-54.20494699646643,-15.902503960892318,36,-15.24238872927306,38.0
065150,Daesan F&B Inc.,대산에프앤비,KRX,Restaurants,레스토랑,1212,3108,19080403996.0,-16.413793103448278,-16.413793103448278,-16.413793103448278,-16.413793103448278,-16.413793103448278,35,,
001130,"Daehan Flour Mills Co., Ltd.",대한제분보통주,KRX,Agricultural commodities/Milling,농산물/제분,10890,1243,185238918457.0,-3.6283185840707963,-24.532224532224532,-25.300735484034874,-26.069246435845216,-16.631768724049245,35,-107.57294731977748,18.0
225590,"Fashion Platform Co., Ltd.",패션플랫폼,KRX,Apparel/Footwear,어패럴/풋웨어,3195,2496,13154317513.0,0.0,-27.386363636363637,-27.34505895128762,-27.303754266211605,-16.407035370772572,35,,
279570,"K Bank Co., Ltd.","K Bank Co., Ltd.",KRX,Regional banks,지역 은행,5440,69445,2170469105529.9998,-3.0303030303030303,-11.11111111111111,-25.333333333333336,-39.55555555555556,-16.412121212121214,35,-43.618326554676756,27.0
256940,Keeps Biopharma Inc.,킵스바이오파마,KRX,Electronic production equipment,전자 생산 장비,6170,914,121874346104.0,3.005008347245409,-19.974059662775616,-29.83062709433991,-39.687194525904204,-16.69637291770578,35,-839.6901819846869,4.0
133750,"MegaMD Co., Ltd.",메가엠디,KRX,Miscellaneous commercial services,기타 상업 서비스,1368,18,30154427593.0,-1.227436823104693,-23.44711807498601,-26.411220369449637,-29.375322663913266,-16.33770695091166,35,31.75320998097811,62.0
293480,"Hana Pharm Co., Ltd.",하나제약보통주,KRX,Pharmaceuticals: major,의약품: 주요,8160,202,141163807068.0,-6.742857142857143,-12.16361679224973,-22.58427145031206,-33.004926108374384,-16.247705727330093,35,8.447127740281333,49.0
458870,SEERS Co. Ltd.,씨어스테크놀로지,KRX,Medical specialties,의학 전문 분야,26900,37803,960551358604.0,-30.670103092783506,-48.26923076923077,-6.772277571526324,34.72467562617812,-16.331407780029195,35,,
034810,"Haesung Industrial Co., Ltd",해성산업,KRX,Real estate development,부동산 개발,5950,489,182090509415.0,-4.49438202247191,-17.81767955801105,-24.35599425055024,-30.89430894308943,-16.41134935931891,35,-135.32955620332083,16.0
227610,"Outin Futures Co., Ltd.",아우딘퓨쳐스,KRX,Specialty stores,전문점,1001,11938,19566480377.0,17.764705882352942,-37.4375,-39.619912790697676,-41.80232558139535,-16.666065321477433,35,,
115610,"Imagis Co., Ltd.",이미지스테크놀로지,KRX,Semiconductors,세미컨덕터,1592,1352,18673654232.0,14.532374100719425,-37.95791114575214,-36.6212319956403,-35.28455284552845,-16.15978955709641,35,72.47734766375787,76.0
405920,"NARA CELLAR Co., Ltd.",나라셀라,KRX,Food distributors,식품 유통업체,1853,127,23211276089.0,1.0911074740861975,-26.3220675944334,-28.06633682751973,-29.810606060606062,-16.40335910687736,35,,
043650,"Kook Soon Dang Co., Ltd.",국순당,KRX,Beverages: alcoholic,음료: 알콜류,3550,1695,56665678024.0,-14.663461538461538,-13.83495145631068,-17.2526712588816,-20.670391061452513,-16.216987370713575,35,,
0099W0,Mirae Asset Vision Special Purpose Acquisition 11,미래에셋비전기업인수목적11호,KRX,Financial conglomerates,금융지주회사,1963,6,13741000000.0,-2.0947630922693268,-2.0947630922693268,-25.880714879467995,-49.666666666666664,-16.36633416458853,35,,
0007J0,Inventera Inc.,Inventera Inc.,KRX,Biotechnology,바이오테크놀로지,14580,16731,111693139839.0,53.473684210526315,-62.758620689655174,-62.758620689655174,-62.758620689655174,-16.265698729582578,35,,
291650,CHOOLIP & SCIENCES Inc,압타머사이언스,KRX,Biotechnology,바이오테크놀로지,1858,1290,56278180931.0,3.6830357142857144,-51.89021232522009,-29.402019990265355,-6.913827655310621,-16.167997708444926,35,4.41401848240069,47.0
347890,MX On CORPORATION,엠투아이코퍼레이션,KRX,Electronic equipment/Instruments,전자 장비/기기,4285,1273,69366381626.0,-2.1689497716894977,-18.5361216730038,-26.457953638952134,-34.37978560490046,-16.74235209204708,35,-13.537896909118645,39.0
002780,Chinhung International Inc.,진흥기업보통주,KRX,Engineering & construction,엔지니어링 및 건설,6730,6872,97656157837.0,-13.717948717948717,-29.602510460251047,-18.065144119014413,-6.527777777777778,-16.326265958588138,35,,
030720,"Dongwon Fisheries Co., Ltd",동원수산보통주,KRX,Agricultural commodities/Milling,농산물/제분,4970,2087,23455178490.0,-12.807017543859649,-16.0472972972973,-19.13475975975976,-22.22222222222222,-16.603662873399713,35,62.94997353898625,74.0
092300,"Hyunwoo Industrial Co., LTD",현우산업,KRX,Electronic components,전자 부품,2435,33128,47755767317.0,-11.77536231884058,-20.941558441558442,-20.02227423739052,-19.102990033222593,-16.723509469970544,35,209.50411657355934,89.0
003310,Daejoo Inc.,대주산업,KRX,Electronic components,전자 부품,1651,12178,57760320190.0,-2.825191288993526,-52.35209235209235,-25.53187439690507,1.2883435582822085,-16.449201153740454,35,-8.14504766609513,41.0
215200,MegaStudyEdu Co. Ltd,메가스터디교육,KRX,Other consumer services,기타 소비자 서비스,36550,1689,369110435247.0,-5.9202059202059205,-26.161616161616163,-23.695032218739115,-21.228448275862068,-16.585101699325836,35,38.870436695394716,65.0
282880,"Cowin Robotics Co., Ltd.",코윈테크,KRX,Industrial machinery,산업용 기계,10800,2012,123427754202.0,-0.9174311926605505,-22.24622030237581,-26.741082178153317,-31.235944053930822,-16.411621783956214,35,176.93517179629492,87.0
034830,"Korea Real Estate Investment Trust Co., Ltd.",한국토지신탁보통주,KRX,Real estate investment trusts,부동산 투자 신탁,1130,20087,258372078506.0,-0.9640666082383874,-33.95675043834015,-26.56349682145906,-19.170243204577968,-16.323724736170792,35,,
078140,"Daebong LS Co., Ltd.",대봉엘에스,KRX,Pharmaceuticals: major,의약품: 주요,7810,183884,80797485409.0,4.133333333333334,-19.151138716356108,-30.214667102538957,-41.278195488721806,-16.475466928190045,35,-61.75185949598399,24.0
185750,Chong Kun Dang Pharmaceutical Corp.,종근당보통주,KRX,Pharmaceuticals: major,의약품: 주요,65100,1137,855126833057.0,-4.685212298682284,-28.7746170678337,-24.49760265156391,-20.220588235294116,-16.572646510411257,35,5.254433911944956,48.0
352700,CNTUS Co.Ltd,씨앤투스,KRX,Industrial machinery,산업용 기계,1457,100,35359527977.0,11.221374045801527,-27.331670822942645,-34.871369008309266,-42.41106719367589,-16.43427178666495,35,-340.9132820474876,8.0
011370,"SEOHAN Co., Ltd.",서한,KRX,Engineering & construction,엔지니어링 및 건설,3650,1653,64235227203.0,-4.073587385019711,-29.194956353055286,-25.601751680801147,-22.00854700854701,-16.99048596248857,34,10.254095975716574,50.0
153460,Nable Inc.,네이블,KRX,Packaged software,패키지 소프트웨어,5490,410,35340895386.0,-11.16504854368932,-13.132911392405063,-20.82426819620253,-28.515625,-16.96058033519725,34,-79.51465221962142,20.0
035760,"CJ ENM Co., Ltd.",씨제이이엔엠,KRX,Broadcasting,브로드캐스팅,39000,5435,803862943649.0,18.361153262518968,-32.758620689655174,-40.55149577529116,-48.34437086092715,-16.98643616016711,34,,
018310,"SAMMOK S-FORM Co., Ltd.",삼목에스폼,KRX,Aluminum,알루미늄,14470,1079,205955053644.0,0.5559416261292565,-22.246104245029553,-29.10977778623159,-35.97345132743363,-17.243490021287254,34,-74.46391151673865,22.0
0096B0,Samsung Special Purpose Acquisition 12 Co. Ltd.,삼성기업인수목적12호,KRX,Financial conglomerates,금융지주회사,1975,130,12982339849.0,-0.4536290322580645,-1.4962593516209477,-27.94212505687283,-54.38799076212471,-16.946726647026924,34,,
238120,"Aligned Genetics, Inc.",얼라인드제네틱스,KRX,Miscellaneous commercial services,기타 상업 서비스,3000,471,41206540036.0,-13.916786226685796,-29.494712103407757,-19.361576929162275,-9.228441754916792,-17.183660648171685,34,,
032790,MGEN SOLUTIONS CO. LTD.,엠젠솔루션,KRX,Computer peripherals,컴퓨터 주변기기,1220,10540,31329728355.0,11.926605504587156,-35.99160545645331,-36.71375144617537,-37.43589743589744,-17.25760866587036,34,-1176.4994025617852,3.0
270870,"NEWTREE Co.,LTD",뉴트리,KRX,Pharmaceuticals: other,의약품: 기타,3645,1807,32037610173.0,-6.658130601792574,-14.43661971830986,-23.65477394755272,-32.87292817679558,-16.856116609248662,34,,
025440,DHAUTOWARE Co. LTD,디에이치오토웨어,KRX,Electronic production equipment,전자 생산 장비,3270,14,31888705845.0,-7.1022727272727275,-24.21784472769409,-23.68354046020427,-23.149236192714454,-17.051033367031653,34,2520.7285581212564,98.0
013120,"Dongwon Development Co., Ltd.",동원개발,KRX,Real estate development,부동산 개발,2100,5948,188880827637.0,-5.617977528089888,-27.710843373493976,-25.03841614146048,-22.36598890942699,-17.270240696112246,34,3137.7847922749693,98.0
347740,P&K Skin Research Center Co. Ltd.,피엔케이피부임상연구센타,KRX,Miscellaneous commercial services,기타 상업 서비스,1714,4171,49272334015.0,-1.4942528735632183,-16.185819070904646,-27.64885980188216,-39.11190053285968,-17.187017030554586,34,-21.257400780317802,35.0
023810,Infac Corporation,인팩보통주,KRX,Auto parts: OEM,자동차 부품: OEM,5100,734,51700000000.0,1.3916500994035785,-36.25,-28.83378274268105,-21.417565485362097,-16.743609605847197,34,71.50482208968802,76.0
008770,"HOTEL SHILLA CO., LTD.",호텔신라보통주,KRX,Hotels/Resorts/Cruise lines,호텔/리조트/크루즈 라인,40400,6657,1510639906329.0,-16.442605997931746,-10.915104740904079,-17.700543024657648,-24.485981308411215,-17.197368213967287,34,,
094940,PULOON Robotics Inc.,푸른기술,KRX,Electronic equipment/Instruments,전자 장비/기기,6200,5397,48852052603.0,1.4729950900163666,-33.47639484978541,-28.97936673061743,-24.482338611449453,-16.798422002363914,34,-146.99277888880584,14.0
075970,"Dongkuk Refractories & Steel Co., Ltd",동국알앤에스,KRX,Construction materials,건축 자재,1658,1956,30028799377.0,-2.1828908554572273,-23.94495412844037,-26.545126636869757,-29.145299145299145,-16.800232324304744,34,-50.53097605755983,26.0
101400,N CITRON INC.,엔시트론,KRX,Semiconductors,세미컨덕터,1636,29004,25343300583.0,-6.460834762721555,-31.6624895572264,-24.139093912150408,-16.615698267074414,-17.067790252378867,34,36.502024515400535,64.0
072470,"WOORY INDUSTRIAL HOLDINGS Co., Ltd.",우리산업홀딩스,KRX,Auto parts: OEM,자동차 부품: OEM,2400,413,45226528625.0,-2.834008097165992,-32.20338983050848,-26.886008640744436,-21.568627450980394,-17.26520842331306,34,,
011690,Y2 Solution CO. LTD,와이투솔루션보통주,KRX,Electronic production equipment,전자 생산 장비,3340,7226,122738521500.0,-10.455764075067025,-41.91304347826087,-21.766536466670935,-1.6200294550810015,-17.24222751002937,34,,
123040,"MS Autotech Co., Ltd.",엠에스오토텍,KRX,Motor vehicles,자동차,1634,8511,90232750702.0,3.091482649842271,-31.054852320675106,-30.46304847793412,-29.871244635193133,-17.04123602682356,34,-65.77665783395773,23.0
053080,K-ENSOL CO. LTD.,케이엔솔,KRX,Industrial machinery,산업용 기계,8870,7867,111702236328.0,-14.216634429400386,-15.523809523809524,-19.06207928197457,-22.600349040139616,-17.123901340944897,34,-419.0596324615974,7.0
060310,"3S KOREA Co., Ltd.",삼에스코리아,KRX,Electronic equipment/Instruments,전자 장비/기기,1106,8324,57515999435.0,-4.7372954349698535,-9.120788824979458,-24.813218511467674,-40.50564819795589,-16.782849280868547,34,-788.0709162367627,4.0
122310,"Genoray Co., Ltd.",제노레이,KRX,Medical specialties,의학 전문 분야,3350,1,40450660658.0,0.14947683109118087,-22.89988492520138,-28.73509871260069,-34.5703125,-17.18126849512394,34,,
022100,POSCO DX COMPANY LTD.,포스코DX보통주,KRX,Information technology services,정보 기술 서비스,20150,26479,3034932275238.0,-10.84070796460177,-33.9344262295082,-21.171758569299552,-8.409090909090908,-17.039338327420438,34,-34.60977315801238,30.0
373170,"MICUBE Solution, Inc.",엠아이큐브솔루션,KRX,Packaged software,패키지 소프트웨어,1789,1507,27295505665.0,4.19336051252184,-28.86679920477137,-30.889616058602144,-32.91243291243292,-16.85642543015255,34,,
308170,"CTR Mobility Co.,Ltd.",씨티알모빌리티보통주,KRX,Electrical products,전기 제품,3460,566,29618398819.0,3.43796711509716,-29.60325534079349,-30.339476275974434,-31.07569721115538,-16.828498919545797,34,22.30296902453419,57.0
052600,"Hannet Co., Ltd",한네트,KRX,Other consumer services,기타 소비자 서비스,2900,355,33534729195.0,-1.3605442176870748,-21.30257801899593,-27.771470415393658,-34.240362811791385,-17.207099936311025,34,31.80328849113771,62.0
298830,"Suresofttech, Inc.",슈어소프트테크,KRX,Information technology services,정보 기술 서비스,4190,31354,213987496948.0,-5.417607223476298,-37.833827893175076,-24.531320726248556,-11.228813559322035,-16.885835325139652,34,106.14520342021734,82.0
095660,NEOWIZ,네오위즈,KRX,Packaged software,패키지 소프트웨어,17960,3485,350242301598.0,0.6162464985994398,-29.011857707509883,-29.967467315293405,-30.923076923076923,-17.733981789736266,33,,
004840,"DRB Holding Co., Ltd.",디알비동일보통주,KRX,Industrial machinery,산업용 기계,3890,2904,72597442818.0,-8.899297423887587,-24.466019417475728,-23.48798978841914,-22.50996015936255,-17.65251284260652,33,,
006220,Jeju Bank,제주은행보통주,KRX,Major banks,주요 은행,9620,4754,361732193184.0,-5.408062930186824,-19.833333333333332,-25.9717125382263,-32.11009174311926,-17.74625269501051,33,5.384618925058272,48.0
0010V0,"JPI Healthcare Co., Ltd.",제이피아이헬스케어,KRX,Medical specialties,의학 전문 분야,8580,12,43906440735.0,22.04836415362731,-29.78723404255319,-43.86420525657071,-57.94117647058823,-17.499177492491505,33,114.8170156206933,83.0
129260,"Intergis Co., Ltd.",인터지스보통주,KRX,Other transportation,기타 교통수단,1870,635,52591142624.0,-4.640489546149923,-22.245322245322246,-26.103934530900823,-29.9625468164794,-17.518556537000464,33,-22.325060521289643,34.0
306620,"GIS Co., Ltd.",네온테크,KRX,Semiconductors,세미컨덕터,2055,29788,92903406258.0,-20.809248554913296,-30.338983050847457,-15.53181036600344,-0.7246376811594203,-17.642785641567382,33,-58.34022706900923,24.0
025900,"Dongwha Enterprise Co., Ltd",동화기업,KRX,Building products,건축 자재,6930,10026,307837451057.0,0.43478260869565216,-35.47486033519553,-29.86857770858137,-24.262295081967213,-17.747233581670564,33,-366.24987186615465,8.0
071840,"LOTTE Himart Co., Ltd.",롯데하이마트보통주,KRX,Electronics/Appliance stores,전자제품/가전제품 매장,5940,2889,137888852921.0,-4.96,-25.47051442910916,-25.932283236859412,-26.394052044609666,-17.54336994211565,33,-22.811269835066266,34.0
057030,"YBM NET, Inc.",와이비엠넷,KRX,Other consumer services,기타 소비자 서비스,2070,151,33663442078.0,-2.358490566037736,-20.99236641221374,-27.949013394786117,-34.905660377358494,-17.712804263286763,33,1424.4022586593082,97.0
0096D0,Mirae Asset Vision Special Purpose Acquisition 9 Company,미래에셋비전기업인수목적9호,KRX,Finance/Rental/Leasing,금융/렌탈/리스,1971,20,10840500000.0,-1.2030075187969924,-1.4007003501750876,-28.800350175087544,-56.2,-17.761413112571326,33,,
065950,"Welcron Co., Ltd",웰크론,KRX,Home furnishings,가정용 가구,1142,1076,31415238708.0,10.65891472868217,-30.195599022004888,-36.25941567261861,-42.323232323232325,-17.492083512098297,33,928.1979180279735,97.0
099320,"Satrec Initiative Co., Ltd.",쎄트렉아이,KRX,Telecommunications equipment,통신 장비,79100,4233,853104609680.0,-13.457330415754923,-53.74269005847953,-20.532313690208426,12.678062678062679,-17.702320380427025,33,-29.06910905537274,32.0
000100,Yuhan Corporation,유한양행보통주,KRX,Pharmaceuticals: major,의약품: 주요,74400,21167,5070926824629.0,1.500682128240109,-24.00408580183861,-30.342468432834195,-36.680851063829785,-17.605208208404473,33,121.32747327053923,84.0
067570,"NVH Korea, Inc.",엔브이에이치코리아,KRX,Auto parts: OEM,자동차 부품: OEM,1623,13974,67279016281.0,-4.473219540906416,-23.443396226415093,-25.97279943479345,-28.502202643171806,-17.37296747723864,33,-164.8347360694922,13.0
065440,ELUON Corporation,이루온,KRX,Computer processing hardware,컴퓨터 프로세싱 하드웨어,1455,13512,39412402010.0,-10.845588235294118,-34.16289592760181,-22.035008335317933,-9.907120743034056,-17.55924029530841,33,-763.4923790969167,4.0
217590,"TMC Co., Ltd.",티엠씨보통주,KRX,Metal fabrication,금속 가공,14360,127287,341511695862.0,6.37037037037037,-31.127098321342924,-33.723194393487425,-36.31929046563193,-17.68576848794431,33,,
462520,"Chosun Refractories Co., Ltd.",조선내화보통주,KRX,Construction materials,건축 자재,12760,13719,150720978012.0,-20.050125313283207,-8.201438848920864,-16.237217940780905,-24.272997032640948,-17.762380889781827,33,18.000106655514614,54.0
315640,DEEP NOID Inc.,딥노이드,KRX,Packaged software,패키지 소프트웨어,2100,158824,56835269766.0,24.18687167356594,-38.59649122807018,-45.594989788993836,-52.59348834991749,-17.682245203969927,33,-570.8069808932285,6.0
215360,"WOORY INDUSTRIAL CO.,LTD",우리산업,KRX,Trucks/Construction/Farm machinery,트럭/건설/농기계,6130,57,56071481113.0,-1.92,-29.050925925925927,-27.686520655270655,-26.322115384615383,-17.379912393162392,33,325.56440752329723,92.0
226590,"MDEVICE Co., Ltd",엠디바이스,KRX,Semiconductors,세미컨덕터,14540,5031,157965403194.0,14.398111723052715,-41.606425702811244,-38.84716889536166,-36.08791208791209,-17.549056647995915,33,443.5739173228596,93.0
001340,"PKC Co., Ltd.",피케이씨보통주,KRX,Chemicals: specialty,화학: 특수,5090,20116,226605000000.0,-17.903225806451612,-25.366568914956012,-17.31786556264735,-9.269162210338681,-17.552009660169055,33,80.78434675195538,77.0
475430,"Kistron Co., Ltd.",키스트론,KRX,Metal fabrication,금속 가공,4330,24787,76568392754.0,-35.661218424962854,2.3640661938534278,-5.080593165699549,-12.525252525252526,-17.312843269404873,33,,
001360,"SAMSUNG PHARMACEUTICAL.CO.,Ltd.",삼성제약,KRX,Pharmaceuticals: major,의약품: 주요,1295,80350,123015232483.0,-6.02322206095791,-28.1354051054384,-24.801480600020597,-21.467556094602788,-17.29017718439552,33,,
082800,"VIVOZON PHARMACEUTICAL CO., LTD.",비보존제약,KRX,Semiconductors,세미컨덕터,2860,16931,167858915749.0,7.721280602636535,-13.333333333333334,-34.65958488932186,-55.9858364453104,-17.707238692538503,33,-50.11680284638578,26.0
019550,"SBI Investment Korea Co., Ltd.",에스비아이인베스트먼트,KRX,Investment managers,투자 운용사,952,25422,76416250122.0,-1.7543859649122806,-21.322314049586776,-27.968849332485696,-34.61538461538461,-17.48306398545633,33,89.81636480937725,79.0
271940,"ILJIN HYSOLUS Co., Ltd.",일진하이솔루스보통주,KRX,Auto parts: OEM,자동차 부품: OEM,11080,550,399445095062.0,5.523809523809524,-29.516539440203562,-33.29887165082296,-37.08120386144236,-17.76979918096997,33,,
115160,"Humax Co., Ltd",휴맥스,KRX,Telecommunications equipment,통신 장비,5620,480,19196517742.0,2.3679417122040074,-19.943019943019944,-31.75865856588748,-43.57429718875502,-18.10801845465089,32,,
353190,Hurum Co. Ltd.,휴럼,KRX,Pharmaceuticals: other,의약품: 기타,2555,959,19844428024.0,-6.0661764705882355,-19.400630914826497,-25.948664202459483,-32.49669749009247,-17.995669109710988,32,-91.9643218046141,19.0
267320,"Naintech Co., Ltd.",나인테크,KRX,Industrial machinery,산업용 기계,2245,52577,124594537659.0,-1.3186813186813187,-28.503184713375795,-29.00826425621694,-29.513343799058084,-17.932431081202694,32,,
272290,"INNOX Advanced Materials Co., Ltd.",이녹스첨단소재,KRX,Semiconductors,세미컨덕터,21450,8481,390082651901.0,-16.699029126213592,-28.618968386023294,-19.43500720556395,-10.251046025104603,-18.340615973823805,32,17.60824726474587,54.0
291230,Com2uS N Corporation,엔피,KRX,Miscellaneous commercial services,기타 상업 서비스,2540,2064,61708857403.0,25.742574257425744,-34.366925064599485,-47.246256880808374,-60.12558869701727,-18.05072442551473,32,-628.8737643089223,5.0
362320,"Chungdamglobal Co., Ltd.",청담글로벌,KRX,Medical distributors,의료 유통업체,4290,1495,84433476534.0,3.3734939759036147,-11.90965092402464,-32.69018337958282,-53.470715835141,-18.264712437388248,32,116.18802466290974,83.0
289170,"Bioten Co., Ltd.",바이오텐,KRX,Miscellaneous commercial services,기타 상업 서비스,2870,1,,-13.55421686746988,-7.419354838709677,-20.683210215672446,-33.94706559263521,-17.83161287639142,32,,
004910,Chokwang Paint Ltd.,조광페인트보통주,KRX,Industrial specialties,산업 분야,3505,5,35820950031.0,2.7859237536656893,-26.13277133825079,-31.489809092548818,-36.846846846846844,-17.779515954063015,32,-165.06297374967315,13.0
445680,"Curiox Biosystems Co., Ltd.",큐리옥스바이오시스템즈,KRX,Packaged software,패키지 소프트웨어,50400,12668,854345071411.0,4.564315352697095,-43.937708565072306,-32.77756345827488,-21.61741835147745,-17.84081193388609,32,25.956396769427958,59.0
005740,CROWNHAITAI Holdings,크라운해태홀딩스보통주,KRX,Food: specialty/candy,식품: 특산품/과자,5150,302,77123941180.0,-8.687943262411348,-22.205438066465256,-24.421807352320947,-26.63817663817664,-18.12826171635711,32,-4.149331869602169,43.0
108380,"Daeyang Electric Co., Ltd",대양전기공업,KRX,Electrical products,전기 제품,18340,3794,169579446030.0,0.7138934651290499,-28.21917808219178,-30.14662607813293,-32.074074074074076,-17.802418260828137,32,51.66512517579135,70.0
119610,Interojo Inc.,인터로조,KRX,Medical specialties,의학 전문 분야,14460,1466,154503451538.0,-10.242085661080074,-23.085106382978722,-23.044150635578816,-23.003194888178914,-17.92332464577932,32,1618.7462526780466,98.0
085310,"NK Co., Ltd.",엔케이 보통주,KRX,Home furnishings,가정용 가구,8760,893,57007790375.0,-4.471101417666303,-18.81371640407785,-26.72029103785982,-34.62686567164179,-17.820615189782412,32,,
051500,CJ Freshway Corporation,씨제이프레시웨이,KRX,Food distributors,식품 유통업체,21700,86,257019833565.0,-4.405286343612334,-30.56,-26.804822695035462,-23.04964539007092,-17.84500815446621,32,31.706852824748285,62.0
079980,HUVIS CORPORATION,휴비스보통주,KRX,Textiles,텍스타일,1917,1946,62595429176.0,4.5256270447110145,-29.78021978021978,-33.09906511399049,-36.417910447761194,-18.04918825050989,32,,
071850,"Castec Korea Co., Ltd.",캐스텍코리아,KRX,Auto parts: OEM,자동차 부품: OEM,1245,161,29768169376.0,-12.876137158852345,-16.77807486631016,-21.33546600458365,-25.892857142857142,-17.95173446629113,32,,
034120,"Seoul Broadcasting System Co., Ltd.",에스비에스보통주,KRX,Broadcasting,브로드캐스팅,11770,61,218500094948.0,5.277280858676208,-24.888321633694957,-33.38243242178575,-41.876543209876544,-17.91854710960097,32,-33.78920547371744,30.0
493330,"GFI Co., Ltd.","GFI Co., Ltd.",KRX,Industrial conglomerates,산업 복합 기업,11430,765,81513048592.0,-1.7196904557179709,-11.050583657587548,-29.128063191380377,-47.20554272517321,-18.164714097115414,32,,
354390,BASKHANBIOPharma Inc.,바스칸바이오제약,KRX,Pharmaceuticals: major,의약품: 주요,3490,3,24493682475.0,-0.1430615164520744,-25.74468085106383,-30.133128418027226,-34.52157598499062,-18.137101657397164,32,,
036890,"Jinsung T.E.C. Co., Ltd.",진성티이씨,KRX,Industrial machinery,산업용 기계,11830,5906,233844085121.0,-17.73296244784423,-28.51963746223565,-17.94031990574586,-7.3610023492560686,-17.857376922585207,32,260.91204266140755,91.0
140670,"RS Automation Co., Ltd.",알에스오토메이션,KRX,Industrial machinery,산업용 기계,10490,3723,133756173105.0,-3.761467889908257,-36.76913803496082,-27.84727810275988,-18.925418170558938,-18.212954017619232,32,43.41228696771163,67.0
021040,dhSteel,대호특수강,KRX,Electronic components,전자 부품,936,405,17236039810.0,-3.9014373716632442,-23.15270935960591,-27.638718711710133,-32.12472806381436,-18.14380617569138,32,-89.0939957879132,19.0
003530,HANWHA INVESTMENT&SECURITIES Co. Ltd.,한화투자증권보통주,KRX,Investment banks/Brokers,투자은행/중개사,4595,130754,1007685745382.0,-8.829365079365079,-32.624633431085044,-24.156353412790228,-15.688073394495413,-18.02555807942017,32,49.19202829292854,69.0
080160,Modetour Network Inc.,모두투어네트워크,KRX,Other consumer services,기타 소비자 서비스,8440,3241,143865115643.0,-2.4277456647398843,-24.575513851653263,-28.369142876790864,-32.162771901928465,-17.992583991970474,32,-65.89583407752141,23.0
053980,"OSANGJAIEL Co., Ltd.",오상자이엘,KRX,Miscellaneous commercial services,기타 상업 서비스,2380,10863,44965294762.0,-2.658486707566462,-23.59550561797753,-28.038887560761815,-32.4822695035461,-17.886727219483674,32,91.08461913081666,79.0
079950,"INVENIA Co., Ltd.",인베니아,KRX,Industrial machinery,산업용 기계,1217,10269,15049095016.0,8.85509838998211,11.040145985401459,-35.76484495102494,-82.56983588745133,-17.91686761462212,32,48.08929551960627,69.0
073570,Lithium-for-earth Inc,리튬포어스,KRX,Telecommunications equipment,통신 장비,2235,6625,25931024556.0,30.77823288472791,-35.95988538681949,-50.787635001102046,-65.61538461538461,-18.161287846770065,32,,
104540,"Corentec Co., Ltd.",코렌텍,KRX,Medical specialties,의학 전문 분야,3975,225,53629642487.0,-1.1194029850746268,-30.989583333333332,-30.130022983392642,-29.270462633451956,-18.52577498406544,31,,
059210,"Meta Biomed Co., Ltd.",메타바이오메드,KRX,Medical specialties,의학 전문 분야,3680,9623,94888931694.0,-7.769423558897243,-13.615023474178404,-25.883141989190044,-38.15126050420168,-18.637654617072926,31,,
009070,KCTC,KCTC 보통주,KRX,Marine shipping,해상 운송,4010,12857,119772529850.0,-2.6699029126213594,-31.45299145299145,-29.13890448561981,-26.824817518248175,-18.551303856420432,31,32.49753321756052,62.0
056700,"Shinwha Intertek Co., Ltd.",신화인터텍,KRX,Industrial specialties,산업 분야,1410,4204,41079705185.0,-7.2368421052631575,-23.494302767227346,-26.014764156041448,-28.53522554485555,-18.503595335730132,31,13.109809177158048,52.0
005860,"Hanil Feed Co., Ltd.",한일사료,KRX,Agricultural commodities/Milling,농산물/제분,2335,21359,92992691193.0,4.241071428571429,-37.5668449197861,-34.036398650369236,-30.50595238095238,-18.72541061879297,31,-42.52052434798009,27.0
046210,HLB PANAGENE Co. LTD.,에이치엘비파나진,KRX,Medical specialties,의학 전문 분야,1432,313373,50171813828.0,-4.787234042553192,-39.45031712473573,-27.878285388785166,-16.3062536528346,-18.64186485029238,31,-80.3599051530749,20.0
096240,"Creverse, Inc.",크레버스,KRX,Other consumer services,기타 소비자 서비스,8460,445,63600521908.0,-4.190260475651189,-21.73913043478261,-28.306054824781604,-34.8729792147806,-18.65973708512944,31,,
199820,"CHEIL ELECTRIC CO.,LTD.",제일일렉트릭,KRX,Electrical products,전기 제품,7720,23782,168427594795.0,-10.023310023310023,-26.54614652711703,-24.518053183237228,-22.48995983935743,-18.720155919266347,31,-25.885673514471463,33.0
007530,YM CO. LTD.,와이엠,KRX,Metal fabrication,금속 가공,1843,2264,36426254128.0,-8.987654320987655,-18.27050997782705,-25.131564952013157,-31.99261992619926,-18.674000699602956,31,-34.07623756506161,30.0
000120,CJ Logistics Corp,씨제이대한통운보통주,KRX,Marine shipping,해상 운송,70300,2095,1392150727463.0,-8.819714656290532,-34.66542750929368,-24.829690780039826,-14.993954050785973,-18.42570033054011,31,-17.361647405394958,37.0
237750,"PNC Technologies Co., Ltd.",피앤씨테크,KRX,Electronic components,전자 부품,3475,1474,21666161504.0,-14.514145141451415,-23.28918322295806,-21.702062875846845,-20.114942528735632,-18.826895782088673,31,-21131.870636790085,1.0
054210,"Elentec Co., Ltd",이랜텍,KRX,Miscellaneous manufacturing,기타 제조업,6700,4736,163755676155.0,-12.418300653594772,-34.37806072477963,-23.052007964497854,-11.725955204216074,-18.79852504013662,31,,
027970,"Hankuk Paper MFG. CO., LTD",한국제지보통주,KRX,Pulp & paper,펄프 및 제지,2725,410,103747175331.0,1.3011152416356877,-30.661577608142494,-31.521855801589858,-32.38213399503722,-18.392667384299642,31,-15338.914742652769,1.0
286750,"NanoSilikhan Advanced Materials Co., Ltd.",나노실리칸첨단소재,KRX,Miscellaneous commercial services,기타 상업 서비스,2620,1352,42836225319.0,-29.946524064171122,8.443708609271523,-11.376885191162557,-31.19747899159664,-18.804740740365986,31,-49.32844913339025,26.0
052020,"STCube, Inc.",에스티큐브,KRX,Electronics distributors,전자 부품 유통업체,7960,9403,544145641479.0,-12.334801762114537,-55.28089887640449,-22.743897714064317,9.793103448275861,-18.580259333284403,31,4.182275093549643,47.0
360350,"COXEM Co., Ltd.",코셈,KRX,Medical specialties,의학 전문 분야,7050,442,35200201149.0,2.3222060957910013,-57.27272727272727,-32.73792613636364,-8.203125,-18.713873243501784,31,-271.5257786531999,10.0
051630,Chin Yang Chemical Corp.,진양화학보통주,KRX,Chemicals: specialty,화학: 특수,1671,42233,34450001240.0,-6.38655462184874,-26.54945054945055,-27.184012531744713,-27.818574514038875,-18.865029367786324,31,,
0054V0,NH SPECIAL PURPOSE ACQUISITION 32 COMPANY,엔에이치기업인수목적32호,KRX,Financial conglomerates,금융지주회사,1999,1,12426783111.0,-0.794044665012407,-1.769041769041769,-30.5488138651923,-59.32858596134283,-18.646906185120343,31,,
460940,"P&S Robotics Co., Ltd.",피앤에스로보틱스,KRX,Medical specialties,의학 전문 분야,5180,7310,69294693565.0,1.768172888015717,-32.287581699346404,-32.50742721330957,-32.72727272727273,-18.797187172779456,31,-58.557739045386484,24.0
900140,LVMC Holdings Co. Ltd.,엘브이엠씨홀딩스보통주,KRX,Specialty stores,전문점,1220,234514,212235160828.0,-4.6875,-26.50602409638554,-27.622170926697443,-28.738317757009344,-18.44830255601847,31,,
005360,"MonAmi Co., Ltd.",모나미보통주,KRX,Office equipment/Supplies,사무용품/소모품,1199,71030,22242129683.0,6.012378426171529,-29.42907592701589,-34.73953796350794,-40.05,-18.438771407636153,31,-36.96781548221778,29.0
124560,"TAEWOONG LOGISTICS Co., Ltd.",태웅로직스,KRX,Air freight/Couriers,항공/운수,1942,557,75891815491.0,2.210526315789474,-28.20702402957486,-32.474847519673425,-36.74267100977199,-18.600697985488267,31,,
332290,"NOUSBO CO., LTD.",누보,KRX,Financial conglomerates,금융지주회사,4395,2130,32599487514.0,1.853997682502897,-31.220657276995304,-32.03508035736702,-32.84950343773873,-18.479449141419053,31,140.73662130362754,85.0
0098T0,Kyobo 19 Special Purpose Acquisition Co. Ltd.,교보19호기업인수목적,KRX,Financial conglomerates,금융지주회사,1983,7441,10708200189.0,-1.8316831683168318,-3.737864077669903,-29.957329828890202,-56.1767955801105,-18.707071164660853,31,,
021080,"Atinum Investment Co., Ltd",에이티넘인베스트먼트,KRX,Investment managers,투자 운용사,2095,3157,95898689919.0,-7.709251101321586,-30.166666666666668,-25.55503144654088,-20.943396226415093,-18.416719308453164,31,-45.347744681370116,27.0
047310,"Power Logics Co., Ltd.",파워로직스,KRX,Electronic components,전자 부품,3190,9006,114957761612.0,-6.997084548104956,-29.967069154774972,-26.82563984054538,-23.68421052631579,-18.894217723569213,31,,
042110,"SCD Co., Ltd.",에스씨디,KRX,Electrical products,전기 제품,1010,7413,48087915325.0,-5.607476635514018,-30.392832529290146,-27.36870090883983,-24.344569288389515,-18.664211199509506,31,-78.44595251479029,21.0
396270,Nextchip Co. Ltd.,넥스트칩,KRX,Semiconductors,세미컨덕터,2305,38181,74818899345.0,-16.936936936936938,-37.7027027027027,-21.127856469011896,-4.553010235321088,-19.451488656181912,30,66.05381287407891,75.0
175250,Icure Pharmaceutical Incorporation,아이큐어,KRX,Pharmaceuticals: major,의약품: 주요,1653,17106,104692525646.0,-19.365853658536587,-19.365853658536587,-19.365853658536587,-19.365853658536587,-19.365853658536587,30,,
017860,"DS DANSUK Co., Ltd.",DS단석보통주,KRX,Environmental services,환경 서비스,12680,13608,214434701557.0,7.185122569737954,-34.368530020703936,-36.472514103714076,-38.57649818672421,-19.009459434333262,30,,
218150,MILAE BIORESOURCES CO. LTD.,미래생명자원,KRX,Chemicals: specialty,화학: 특수,1930,7748,37431492920.0,10.855829982768524,-35.23489932885906,-38.854409425979455,-42.47391952309985,-18.970313662480265,30,-779.8965844093811,4.0
206640,"Boditech Med, Inc.",바디텍메드,KRX,Medical specialties,의학 전문 분야,9430,2863,190225583076.0,-9.67432950191571,-15.953654188948306,-25.096771306468575,-34.239888423988845,-18.92779458464743,30,-1.8287439815746562,44.0
079190,KESPION Co. Ltd.,케스피온,KRX,Telecommunications equipment,통신 장비,1258,12234,11827008233.0,-4.696969696969697,-24.94033412887828,-28.652962763363874,-32.365591397849464,-19.070565536806203,30,,
239890,"P&H Tech Co., Ltd.",피엔에이치테크,KRX,Electronic production equipment,전자 생산 장비,3560,4244,35420965776.0,3.1884057971014492,-25.678496868475992,-34.17580237948759,-42.673107890499196,-19.23011910885198,30,28.475702762260184,60.0
001080,"Manho Rope & Wire Co., Ltd.",만호제강보통주,KRX,Metal fabrication,금속 가공,3730,1085,82421395741.0,-9.685230024213075,-30.925925925925927,-25.22563825961884,-19.525350593311757,-19.009474965456537,30,,
464580,dotmill Inc.,닷밀,KRX,Advertising/Marketing services,광고/마케팅 서비스,1488,21849,27572322495.0,8.061002178649238,-27.59124087591241,-36.984809627145395,-46.37837837837838,-18.966484904827542,30,,
250000,"BORATR Co., Ltd.",보라티알,KRX,Food: major diversified,식품: 주요 다각화,5640,648,36937523289.0,2.73224043715847,-27.784891165172855,-33.7642404543813,-39.743589743589745,-19.16564809776539,30,-38.026464811844846,29.0
004720,"PharmGen Science, Inc.",팜젠사이언스보통주,KRX,Pharmaceuticals: other,의약품: 기타,2890,1419,63880186415.0,-5.245901639344262,-21.89189189189189,-28.3274357879324,-34.762979683972915,-19.094822128497146,30,-2428.6580438329324,2.0
263700,"Carelabs Co., Ltd.",케어랩스,KRX,Packaged software,패키지 소프트웨어,2120,3116,42097953644.0,2.4154589371980677,-7.423580786026201,-33.24846992969264,-59.07335907335907,-18.982898382936355,30,,
0097F0,Mirae Asset Vision Special Purpose Acquisition 10 Co. Ltd.,미래에셋비전기업인수목적10호,KRX,Financial conglomerates,금융지주회사,1962,2950,12753000000.0,-1.3574660633484164,-1.8509254627313656,-31.499720157108257,-61.148514851485146,-19.442818519604323,30,,
179720,MoneyMove Co. Ltd.,머니무브,KRX,Miscellaneous commercial services,기타 상업 서비스,6800,156,18700123215.0,-19.047619047619047,-40.869565217391305,-18.919631093544137,3.0303030303030303,-18.970826275174105,30,,
0115H0,SAMSUNG SPECIAL PURPOSE ACQUISITION 13 COMPANY,SAMSUNG SPECIAL PURPOSE ACQUISITION 13 COMPANY,KRX,Finance/Rental/Leasing,금융/렌탈/리스,1978,49,14523599812.0,-1.346633416458853,-1.836228287841191,-30.69316526866497,-59.55010224948875,-18.954552527782525,30,,
004380,"Samik THK Co., Ltd.",삼익THK보통주,KRX,Industrial machinery,산업용 기계,7440,1653,150347997189.0,-7.462686567164179,-26.62721893491124,-26.62721893491124,-26.62721893491124,-18.961405987812416,30,-540.7012824211813,6.0
263600,"DERKWOO ELECTRONICS Co., Ltd.",덕우전자,KRX,Electronic production equipment,전자 생산 장비,3355,4049,53605490780.0,-2.753623188405797,-34.21568627450981,-30.117765959746635,-26.019845644983462,-19.1721088512103,30,,
271980,Jeil Pharmaceutical Co. Ltd.,제일약품보통주,KRX,Pharmaceuticals: major,의약품: 주요,10030,4688,145278024397.0,-3.0917874396135265,-28.100358422939067,-29.46397231491781,-30.82758620689655,-18.915098364796098,30,,
299170,"WSI Co., Ltd.",더블유에스아이,KRX,Medical specialties,의학 전문 분야,1424,953356,56496841778.0,0.778485491861288,-44.59143968871595,-32.5857365760925,-20.580033463469046,-19.240047748910985,30,,
108230,Toptec Corp.,톱텍,KRX,Industrial machinery,산업용 기계,3140,6539,114772092819.0,-4.41400304414003,-24.337349397590362,-28.905962834388404,-33.47457627118644,-19.109178918289054,30,,
212710,Iste Co. Ltd.,아이에스티이,KRX,Industrial machinery,산업용 기계,7010,2172,67841989660.00001,-15.542168674698795,-2.094972067039106,-21.618434816055238,-41.14189756507137,-19.18792835951266,30,,
352480,"C&C International Co.,Ltd.",씨앤씨인터내셔널,KRX,Household/Personal care,가정/개인 위생용품,22100,672,298806771612.0,1.3761467889908257,-17.228464419475657,-33.18270171491619,-49.136939010356734,-19.359162313353387,30,-253.68043269441182,11.0
176750,"DuChemBIO Co., Ltd.",듀켐바이오,KRX,Medical specialties,의학 전문 분야,6420,8684,177931389084.0,0.4694835680751174,-29.83606557377049,-32.72144301757732,-35.60682046138415,-19.445072383316347,30,-13.129427173708237,39.0
033200,"Moatech Co., Ltd",모아텍,KRX,Electronic production equipment,전자 생산 장비,2505,520,10194683075.0,-7.564575645756458,-27.496382054992765,-26.964050058333385,-26.431718061674008,-19.204260293302617,30,81.88760031178887,77.0
003220,"Daewon Pharmaceutical Co., Ltd",대원제약보통주,KRX,Pharmaceuticals: major,의약품: 주요,7890,1699,171155133152.0,-0.7547169811320755,-23.47235693501455,-31.644645286729244,-39.816933638443935,-19.28867396449038,30,,
200780,"BCWORLD PHARM. Co., Ltd.",비씨월드제약,KRX,Biotechnology,바이오테크놀로지,3145,202,30773134766.0,-4.984894259818731,-31.926406926406926,-28.195739991041513,-24.465073055676097,-18.9114016985524,30,-23.079392308141202,34.0
139990,"AJUSteel Co., Ltd.",아주스틸보통주,KRX,Metal fabrication,금속 가공,2180,2448,81247439117.0,4.556354916067146,-27.333333333333332,-34.71580345285525,-42.09827357237716,-19.00694010528629,30,22.524392947821717,57.0
140660,"Wiworld Co., Ltd.",위월드 주식회사,KRX,Telecommunications equipment,통신 장비,850,41,2114162500.0,4.938271604938271,-43.333333333333336,-36.220461495690856,-29.107589658048372,-19.756968255439205,29,,
097780,"Eco Volt Co., Ltd.",에코볼트,KRX,Electronic production equipment,전자 생산 장비,1476,92,30277288658.0,0.06779661016949153,-26.658385093167702,-33.20674356699202,-39.755102040816325,-19.896927496127415,29,,
002720,"KUKJE PHARMA Co., Ltd.",국제약품보통주,KRX,Pharmaceuticals: major,의약품: 주요,3230,5139,65872691202.0,-5.417276720351391,-32.98755186721991,-29.87246074086619,-26.75736961451247,-20.090387132660272,29,-24.946262514220805,33.0
088290,"Ewon Comfortech Co., Ltd",이원컴포텍,KRX,Automotive aftermarket,자동차 애프터마켓,2180,749,17147638941.000002,-6.837606837606837,1.3953488372093024,-27.908802519570028,-57.21295387634936,-19.480324246784754,29,,
205470,"HUMASIS Co., Ltd.",휴마시스,KRX,Medical specialties,의학 전문 분야,2645,4489,21979962349.0,17.29490022172949,-28.993288590604028,-44.91855399182311,-60.84381939304219,-20.033172306402072,29,,
238490,HIMS CO. LTD.,힘스,KRX,Industrial machinery,산업용 기계,2317,4452,25196864481.0,3.4375,-26.444444444444443,-34.89703884813909,-43.349633251833744,-19.563223308883458,29,-674.3754642458484,5.0
451250,"BBIA Co., Ltd.",삐아,KRX,Household/Personal care,가정/개인 위생용품,7230,131,70735514832.0,-12.891566265060241,-11.07011070110701,-24.37126224710523,-37.672413793103445,-19.779383854287236,29,,
071950,"Koas Co., Ltd",코아스보통주,KRX,Office equipment/Supplies,사무용품/소모품,1800,9744,25734975510.0,-11.547911547911548,16.20400258231117,-24.787732549148597,-65.77946768060836,-19.491804148653777,29,22.32308793943193,57.0
094480,GalaxiaMoneytree Co. Ltd,갤럭시아머니트리,KRX,Miscellaneous commercial services,기타 상업 서비스,5680,34449,218117906647.0,7.984790874524715,-28.64321608040201,-38.02531174390471,-47.407407407407405,-19.62127069653294,29,223.6755793272543,89.0
069620,"Daewoong Pharmaceutical Co., Ltd.",대웅제약보통주,KRX,Pharmaceuticals: major,의약품: 주요,108200,798,1221965816116.0,-8.305084745762711,-34.582829504232166,-27.394659589874195,-20.206489675516224,-19.758829652229604,29,180.63903678038383,88.0
078590,"HYULIM A-TECH Co., Ltd.",휴림에이텍,KRX,Textiles,텍스타일,2940,6191,29202373981.0,28.104575163398692,-62.78481012658228,-51.33105537003961,-39.877300613496935,-19.556803156664287,29,-300.3811952137748,10.0
100660,"Seoam Machinery Ind. Co., Ltd",서암기계공업,KRX,Auto parts: OEM,자동차 부품: OEM,3070,311,39060001183.0,-15.076071922544951,-26.378896882494004,-23.163372821951043,-19.947848761408082,-19.928452462188606,29,,
216050,"Incross Co.,Ltd.",인크로스,KRX,Advertising/Marketing services,광고/마케팅 서비스,4900,27,56385284486.0,-2.9702970297029703,-28.046989720998532,-31.181671804199,-34.316353887399465,-19.897121894400588,29,9.626882551395346,50.0
086710,SUNJIN BEAUTY SCIENCE CO. LTD.,선진뷰티사이언스,KRX,Industrial specialties,산업 분야,6830,859,81549662876.0,1.9402985074626866,-29.732510288065843,-33.98922078598591,-38.24593128390597,-19.617413068606467,29,-17.90675247109988,36.0
092070,"DNF Co., Ltd.",디엔에프,KRX,Electrical products,전기 제품,13020,483,146545072174.0,-14.342105263157896,-32.538860103626945,-23.15684727035652,-13.774834437086092,-19.63095046747707,29,,
445090,"ASICLAND Co., Ltd.",에이직랜드,KRX,Packaged software,패키지 소프트웨어,22050,1768,237633066416.0,-14.534883720930232,-18.933823529411764,-23.554859647442036,-28.175895765472312,-19.946869276837315,29,,
126700,"HyVISION System, Inc.",하이비젼시스템,KRX,Electronic equipment/Instruments,전자 장비/기기,10720,2796,135371453342.0,1.4191106906338695,-33.20872274143302,-34.0207747445767,-34.83282674772037,-19.84482057049247,29,,
068050,"Pan Entertainment Co., Ltd.",팬엔터테인먼트,KRX,Movies/Entertainment,무비/엔터테인먼트,1183,57,31828467459.0,2.6019080659150045,-24.64968152866242,-34.48954664668415,-44.32941176470588,-19.65296476164449,29,-1.3804381772772771,44.0
033320,"JCH Systems, Inc.",제이씨현시스템,KRX,Electronics distributors,전자 부품 유통업체,3080,2045,57809368858.0,6.206896551724138,-34.46808510638298,-36.738993048241,-39.00990099009901,-19.560637208254942,29,86.67041016849187,78.0
025540,"Korea Electric Terminal Co., Ltd.",한국단자공업보통주,KRX,Electronic components,전자 부품,56100,396,560840019226.0,-22.299168975069254,-27.7992277992278,-18.511264385050794,-9.223300970873787,-20.02642622105818,29,22.002083971411185,57.0
067770,"Sejin T.S Co., Ltd.",세진티에스,KRX,Electronic components,전자 부품,1570,549714,13024232645.0,-3.799019607843137,-27.48267898383372,-30.050352367453343,-32.61802575107296,-19.54981926360926,29,,
122450,"KX Innovation Co., Ltd.",케이엑스이노베이션,KRX,Cable/Satellite TV,케이블/위성 티비,2540,12177,110253984737.0,-6.7889908256880735,-18.58974358974359,-28.506993006993007,-38.42424242424242,-19.819792134471033,29,-50.71879550351866,26.0
017180,"MYUNGMOON Pharm Co., Ltd.",명문제약 보통주,KRX,Pharmaceuticals: major,의약품: 주요,1233,15584,40849423271.0,-3.218210361067504,-33.098209441128596,-30.49647314161693,-27.894736842105264,-19.58516802939716,29,,
317120,RANIX Inc.,라닉스,KRX,Semiconductors,세미컨덕터,1418,3312,21906909197.0,-1.3221990257480862,-22.934782608695652,-31.864051012072252,-40.79331941544885,-19.64731021754259,29,29.628242109065038,60.0
263750,PearlAbyss Corp.,펄어비스,KRX,Packaged software,패키지 소프트웨어,33800,17591,2034524256134.0,-8.276797829036635,-48.47560975609756,-27.936435015035084,-7.397260273972603,-20.072580140635704,29,,
058630,Mgame Corp.,엠게임,KRX,Packaged software,패키지 소프트웨어,3900,5384,69541961288.0,-7.910271546635183,-22.46520874751491,-27.899271040424125,-33.333333333333336,-19.903671242908548,29,-32.14116096654124,31.0
278280,"CHUNBO CO.,LTD.",천보,KRX,Chemicals: agricultural,화학: 농업,35300,1366,422750979996.0,-13.054187192118226,-30.099009900990097,-24.145681080274887,-18.192352259559676,-19.709083525012222,29,-152.7293509982798,14.0
051370,"Interflex Co., Ltd",인터플렉스,KRX,Electronic components,전자 부품,7340,193170,163292308807.0,-4.052287581699346,-41.23298638911129,-30.854846390655318,-20.47670639219935,-20.133822867072933,28,-1003.0702218317007,4.0
304100,"Saltlux, Inc.",솔트룩스,KRX,Computer processing hardware,컴퓨터 프로세싱 하드웨어,15190,5349,189789407778.0,12.35207100591716,-30.480549199084667,-41.94272858727239,-53.40490797546012,-20.224808749996573,28,-40.86202128938473,28.0
297090,"CS BEARING Co., Ltd.",씨에스베어링,KRX,Metal fabrication,금속 가공,4595,3994,122987702065.0,5.7537399309551205,-42.12846347607053,-37.62172809902508,-33.11499272197962,-20.271540887032998,28,174.62573660256453,87.0
0008Z0,"S&SYS Co., Ltd.",에스엔시스,KRX,Industrial machinery,산업용 기계,23700,2283,221759264469.0,-4.242424242424242,-18.275862068965516,-31.09059375637625,-43.905325443786985,-20.35132595079545,28,,
024880,"KPF Co., Ltd.",케이피에프,KRX,Metal fabrication,금속 가공,3790,1936,70435870733.0,-4.773869346733668,-31.588447653429604,-30.4397462147745,-29.291044776119403,-20.17339546755817,28,-5.084235028018815,43.0
025750,"Hansol HomeDeco Co., Ltd.",한솔홈데코보통주,KRX,Home furnishings,가정용 가구,1898,613,30550303894.0,5.268996117581808,-30.34862385321101,-37.26254722072315,-44.1764705882353,-20.24992988540117,28,-73.90220128317837,22.0
020180,"Daishin Information & Communication Co., Ltd.",대신정보통신,KRX,Information technology services,정보 기술 서비스,3955,4066,30550988960.0,-17.86085150571132,-23.500967117988395,-22.239994048504688,-20.97902097902098,-20.488337031387342,28,26.319286793555946,59.0
039440,"Systems Technology, Inc.",에스티아이,KRX,Electronic production equipment,전자 생산 장비,21150,4117,308461610985.0,-23.92086330935252,-29.14572864321608,-17.9869612379076,-6.828193832599119,-20.36052206648557,28,19.903393200263245,55.0
035000,HS Ad Inc.,HS애드보통주,KRX,Advertising/Marketing services,광고/마케팅 서비스,6300,687,100000113058.0,-11.51685393258427,-23.170731707317074,-25.992145514675485,-28.8135593220339,-20.202028881839,28,,
028080,"Humax Holdings Co., Ltd",휴맥스홀딩스,KRX,Electronic production equipment,전자 생산 장비,5230,550,12106861815.0,1.7509727626459144,-27.006280530355898,-34.93951383153513,-42.872747132714366,-20.263319193862714,28,,
004830,"Ducksung Co., Ltd.",덕성보통주,KRX,Textiles,텍스타일,3250,858,51207041843.0,-3.2738095238095237,-24.242424242424242,-31.86050448620281,-39.47858472998138,-20.425826501245496,28,-21.33186560282107,35.0
063440,"SM Life Design Group Co., Ltd.",에스엠라이프디자인그룹,KRX,Commercial printing/Forms,상업 인쇄 / 서식,1089,2630,49126189102.0,-3.0276046304541406,-28.962818003913895,-31.58110688715332,-34.19939577039275,-20.15970598447365,28,-7.691094986851083,42.0
418470,kt millie seojae Co.Ltd,케이티밀리의서재,KRX,Internet software/Services,인터넷 소프트웨어/서비스,9380,1283,80861050262.0,-4.480651731160896,-27.73497688751926,-30.839319429675122,-33.943661971830984,-20.29585235026943,28,-0.011062971770592789,45.0
007680,"DAEWON CO., LTD.",대원,KRX,Engineering & construction,엔지니어링 및 건설,3210,32,42366917539.0,-10.20979020979021,-22.276029055690074,-27.312935497286553,-32.34984193888303,-20.471677382288014,28,,
068330,"ilShinbiobase Co., Ltd.",일신바이오베이스,KRX,Industrial machinery,산업용 기계,1013,3846,41676757812.0,-0.6862745098039216,-28.661971830985916,-33.503231807154556,-38.34449178332319,-20.376448888214302,28,86.15629983002071,78.0
011390,"BUSAN INDUSTRIAL Co., Ltd.",부산산업보통주,KRX,Construction materials,건축 자재,48050,853,52641599715.0,6.423034330011074,-32.514044943820224,-38.190433686863386,-43.86682242990654,-20.345046480113602,28,,
044990,H&S HighTech Corp.,에이치엔에스하이텍,KRX,Electronic production equipment,전자 생산 장비,10830,1995,74157427430.0,-11.951219512195122,-26.774847870182555,-25.52029106795841,-24.265734265734267,-20.092662445653094,28,,
004250,National Plastic Co. Ltd.,NPC보통주,KRX,Containers/Packaging,컨테이너/패키징,2835,782,103204775572.0,-7.352941176470588,-27.307692307692307,-29.03846153846154,-30.76923076923077,-20.36425339366516,28,-37.49026538329949,29.0
303530,INNODEP INC.,이노뎁,KRX,Information technology services,정보 기술 서비스,3005,809,21477606344.0,9.872029250457038,-26.438188494492046,-40.245088131038074,-54.051987767584095,-20.19824117844003,28,-897.3703679284154,4.0
262840,"IQUEST Co., Ltd.",아이퀘스트,KRX,Packaged software,패키지 소프트웨어,2705,295,26274772491.0,-4.753521126760563,-24.01685393258427,-30.481620439485607,-36.946386946386944,-20.19038071439559,28,34.06667399336784,63.0
365340,Sungeel Hitech Co. Ltd.,성일하이텍,KRX,Environmental services,환경 서비스,35250,2875,441902130318.0,-18.40277777777778,-43.86942675159236,-21.863690648523452,0.14204545454545456,-20.479325500225183,28,,
277880,"TSI Co.,Ltd",티에스아이,KRX,Industrial machinery,산업용 기계,3470,4255,68657513962.0,-0.7153075822603719,-31.96078431372549,-33.120543672014264,-34.28030303030303,-20.158449236112705,28,,
024830,Sewon Corp.,세원물산,KRX,Auto parts: OEM,자동차 부품: OEM,8310,215,69388503170.0,-14.681724845995893,-26.654898499558694,-24.055237529552503,-21.455576559546312,-20.30583245612986,28,-52.25821828922905,25.0
326030,"SK Biopharmaceuticals Co., Ltd.",에스케이바이오팜보통주,KRX,Pharmaceuticals: major,의약품: 주요,76600,9980,5943975498962.0,-14.983351831298558,-20.867768595041323,-23.81820552123003,-26.76864244741874,-20.284264045257444,28,98.37962715581854,80.0
179290,"MITECH Co., Ltd.",엠아이텍,KRX,Medical specialties,의학 전문 분야,4580,5547,146292859497.0,-0.6507592190889371,-32.84457478005865,-33.47264710225954,-34.10071942446043,-20.3438919489913,28,21.856478897133176,57.0
001270,"Bookook Securities Co., Ltd",부국증권보통주,KRX,Investment banks/Brokers,투자은행/중개사,51200,19,396704513013.0,-8.571428571428571,-32.09549071618037,-28.12181943216426,-24.14814814814815,-20.301663087869986,28,31.64828858683237,62.0
246690,T.S.Investment Corp.,티에스인베스트먼트,KRX,Financial conglomerates,금융지주회사,2212,8341,51093542099.0,-11.52,-33.97014925373134,-27.08608472787577,-20.2020202020202,-20.859650836725464,27,,
211270,Asia Pacific Satellite Inc.,에이피위성,KRX,Telecommunications equipment,통신 장비,9230,10771,128525443583.0,0.6543075245365322,-44.12832929782083,-35.14416464891041,-26.16,-20.824775779531635,27,-490.72474972122797,6.0
259960,"Krafton, Inc.",크래프톤보통주,KRX,Packaged software,패키지 소프트웨어,200500,8932,8543119468689.0,-10.29082774049217,-23.61904761904762,-28.168584212208373,-32.718120805369125,-21.017481623521896,27,-157.1999855346611,14.0
290090,TWIM Corp,트윔,KRX,Electronic equipment/Instruments,전자 장비/기기,4455,152,31964511681.0,4.946996466431095,-27.086743044189852,-37.58183306055646,-48.07692307692308,-20.570301249761442,27,,
241690,"UNITEKNO Co., Ltd.",유니테크노,KRX,Auto parts: OEM,자동차 부품: OEM,2480,6840,60932055531.0,-11.743772241992882,-29.844413012729845,-26.412889736178585,-22.981366459627328,-20.545242738504307,27,158.8280316263251,86.0
376270,"Hem Pharma, Inc.",에이치이엠파마,KRX,Biotechnology,바이오테크놀로지,33550,1112,246552826595.0,-25.692137320044296,-54.166666666666664,-17.38582443653618,19.395017793594306,-20.70834958993943,27,,
000910,Union Corporation,유니온보통주,KRX,Construction materials,건축 자재,2925,15287,45976217942.0,-0.5102040816326531,-34.49048152295633,-34.15700546736052,-33.8235294117647,-20.698284913069372,27,,
091700,"PARTRON Co., Ltd.",파트론,KRX,Electronics distributors,전자 부품 유통업체,5290,1878,258279245453.0,-12.417218543046358,-32.43933588761175,-26.083097382349123,-19.726858877086496,-20.61674584662802,27,,
012280,"Yeong Hwa Metal Co., Ltd.",영화금속보통주,KRX,Auto parts: OEM,자동차 부품: OEM,3560,1341,27643046436.0,-16.235294117647058,-29.365079365079364,-23.903616429389622,-18.442153493699884,-20.8362875046926,27,,
300120,LAONPEOPLE INC,라온피플,KRX,Packaged software,패키지 소프트웨어,3100,8386,30494472046.0,30.526315789473685,-38.185443668993024,-55.13161496236614,-72.07778625573926,-20.868442661630212,27,,
054780,"KEYEAST Co., Ltd.",키이스트,KRX,Movies/Entertainment,무비/엔터테인먼트,1652,132755,31379876667.0,25.151515151515152,-35.968992248062015,-51.660385452094246,-67.35177865612648,-20.935625210650485,27,24.66114583670206,58.0
088260,E KOCREF CR-REIT,이리츠코크렙기업구조조정부동산투자회사보통주,KRX,Real estate investment trusts,부동산 투자 신탁,3255,858,207443722630.0,-5.515239477503629,-31.473684210526315,-31.109182530795074,-30.74468085106383,-20.871605309478497,27,6.00424752442485,48.0
119500,"Formetal Co., Ltd",포메탈,KRX,Industrial machinery,산업용 기계,2375,988,28137177944.0,-7.945736434108527,-37.0026525198939,-29.502968296071742,-22.00328407224959,-20.880075551286456,27,-8.527931914392795,41.0
052400,"KONA I CO., LTD.",코나아이,KRX,Semiconductors,세미컨덕터,38150,9076,530829734229.99994,-11.175785797438882,-31.508078994614003,-27.14067917342036,-22.77327935222672,-20.754721823027772,27,96.13282876930163,80.0
123690,"Hankook Cosmetics Co., Ltd",한국화장품보통주,KRX,Household/Personal care,가정/개인 위생용품,6350,5354,101865235939.0,-5.082212257100149,-20.625,-31.21075847846013,-41.79651695692026,-20.759339989916135,27,-353.1173341814816,8.0
471820,"Cellromax Science Co., Ltd.",셀로맥스사이언스,KRX,Pharmaceuticals: other,의약품: 기타,4005,62,43580358353.0,-11.978021978021978,-18.927125506072876,-26.90258714328034,-34.8780487804878,-20.932761077176995,27,-5.819214042817425,42.0
011150,CJ Seafood Corporation,CJ씨푸드보통주,KRX,Food: meat/fish/dairy,식품: 육류/어류/유제품,1865,2010,68582133334.0,-4.846938775510204,-30.0187617260788,-31.883270738705473,-33.747779751332146,-21.068737953427366,27,49.913293643875285,69.0
085810,Alticast Corp.,알티캐스트,KRX,Packaged software,패키지 소프트웨어,1416,2479,18940522654.0,14.470493128536782,-36.21621621621622,-44.70314943042216,-53.1900826446281,-21.033692406838583,27,,
046940,"Woowon Development Co., Ltd",우원개발,KRX,Information technology services,정보 기술 서비스,2730,2442,48891117716.0,-12.64,-38.58267716535433,-26.635088582677167,-14.6875,-21.0370531496063,27,1352.7318970074932,97.0
062970,"KOREA ADVANCED MATERIALS Co.,Ltd.",한국첨단소재,KRX,Computer communications,컴퓨터 통신,3015,357971,92777063370.0,6.161971830985915,-42.89772727272727,-38.27363491205337,-33.649542551379454,-20.499392214837656,27,,
489790,"Hanwha Vision Co., Ltd.",한화비전보통주,KRX,Telecommunications equipment,통신 장비,47250,11814,2415603254128.0,-13.302752293577981,-37.910643889618925,-25.447034651991782,-12.98342541436464,-20.58932170862626,27,,
114190,"KANGWON ENERGY Co., Ltd.",강원에너지,KRX,Industrial machinery,산업용 기계,8420,4610,217343670654.0,-2.320185614849188,-41.77040110650069,-33.295914838964634,-24.821428571428573,-20.905623149318455,27,-394.3095654591684,7.0
365550,"ESR Kendall Square REIT Co., Ltd.",ESR켄달스퀘어리츠보통주,KRX,Real estate investment trusts,부동산 투자 신탁,3170,11162,799789264679.0,-9.038737446197992,-26.78983833718245,-28.405956696185044,-30.02207505518764,-20.65906899619022,27,-14.68350948221487,38.0
039490,"Kiwoom Securities Co., Ltd",키움증권보통주,KRX,Investment banks/Brokers,투자은행/중개사,261000,6539,6740969718933.0,-22.321428571428573,-40.61433447098976,-19.921066849394496,0.7722007722007722,-20.881211538208124,27,95.36203223512776,80.0
065450,"Victek Co., Ltd",빅텍,KRX,Aerospace & defense,항공우주 및 방위산업,2920,34726,85832783604.0,-5.501618122977346,-36.65943600867679,-31.03725312566662,-25.415070242656448,-20.82299912459091,27,-85.8134818551482,20.0
357580,"Amosense Co., Ltd.",주식회사 아모센스,KRX,Electronic production equipment,전자 생산 장비,7520,189094,82999921265.0,5.617977528089888,-59.26327193932828,-38.53873979480075,-17.814207650273225,-20.876052865644493,27,-276.5160047116385,10.0
289930,"Wavice, Inc.",웨이비스,KRX,Electronic components,전자 부품,8220,8818,106769958801.0,-8.666666666666666,-51.87353629976581,-28.965339578454333,-6.057142857142857,-20.845870413739267,27,,
133820,"Fine Besteel Co., Ltd.",화인베스틸보통주,KRX,Steel,스틸,982,3309,36557788181.0,-3.3464566929133857,-19.376026272577995,-33.147472595748454,-46.91891891891892,-21.22706623461443,26,-9.284512138659448,41.0
432980,"MFC Co., Ltd.",엠에프씨,KRX,Pharmaceuticals: major,의약품: 주요,2600,1290,20634363294.0,-5.626134301270417,-25.714285714285715,-31.569537562317347,-37.42478941034898,-21.192176257898574,26,,
007700,"F&F Holdings Co., Ltd.",F&F홀딩스,KRX,Apparel/Footwear,어패럴/풋웨어,13320,370,518848177490.0,-11.022044088176353,-26.164079822616408,-28.029408332360838,-29.894736842105264,-21.226462634687046,26,25.404360774713325,59.0
060280,CUREXO Inc.,큐렉소,KRX,Medical specialties,의학 전문 분야,8140,48472,319763360977.0,-12.660944206008583,-46.19960343688037,-26.744448643269344,-7.289293849658314,-21.11104686836504,26,,
321260,"PRO2000 CO.,LTD.",프로이천,KRX,Industrial machinery,산업용 기계,1679,9098,45790164185.0,-16.05,-25.377777777777776,-24.44287522146292,-23.507972665148063,-21.085725132877755,26,,
263920,"HuM&C Co., Ltd.",휴엠앤씨,KRX,Household/Personal care,가정/개인 위생용품,3090,516,30996524429.0,-7.7611940298507465,-25.181598062953995,-30.132815838199686,-35.08403361344538,-21.184167114860113,26,,
182360,"CUBE ENTERTAINMENT, INC.",큐브엔터테인먼트,KRX,Commercial printing/Forms,상업 인쇄 / 서식,6770,6120,97791479874.0,12.833333333333334,-34.271844660194176,-44.48442940134814,-54.697014142502105,-21.55732430747555,26,,
016600,"Q Capital Partners Co., Ltd.",큐캐피탈파트너스,KRX,Investment managers,투자 운용사,2355,445,24562825012.0,-5.421686746987952,-32.473118279569896,-31.604206198608477,-30.735294117647058,-21.13119841796027,26,,
036530,"SNT Holdings CO., LTD",SNT홀딩스보통주,KRX,Industrial machinery,산업용 기계,45500,1652,657914640903.0,-7.426246185147508,-23.65771812080537,-31.127104674437774,-38.59649122807018,-21.64676127872167,26,-41.071939453009755,28.0
205100,"EXEM Co., Ltd.",엑셈,KRX,Packaged software,패키지 소프트웨어,1414,64774,93069259171.0,-5.418060200668896,-21.181716833890746,-31.55595081940944,-41.93018480492813,-21.10079457191322,26,,
105840,"Woojin, Inc.",우진보통주,KRX,Electronic equipment/Instruments,전자 장비/기기,13990,26204,271154892597.0,-16.92399049881235,-40.3411513859275,-23.846072381705472,-7.3509933774834435,-21.077239628548227,26,-18.678019924235507,35.0
032800,Fantagio Corp.,판타지오,KRX,Miscellaneous commercial services,기타 상업 서비스,1484,1033,22024818062.0,-17.69273433166944,-7.538940809968848,-23.91031547540696,-40.28169014084507,-21.423283017911952,26,19.18000122804912,55.0
003780,"CHIN YANG INDUSTRY Co., Ltd.",진양산업보통주,KRX,Chemicals: specialty,화학: 특수,4305,3210,55705000000.0,-8.985200845665961,-22.151898734177216,-29.374918439253555,-36.597938144329895,-21.21903140181852,26,-41.54609828612074,28.0
051380,"PC Direct, Inc.",피씨디렉트,KRX,Electronics distributors,전자 부품 유통업체,1524,1750,21866905295.0,-6.157635467980295,-26.906474820143885,-31.301338675894726,-35.69620253164557,-21.243857392728955,26,,
270210,"SR Biotek, Inc.",에스알바이오텍,KRX,Tobacco,토바코,11500,52,21375984948.0,15.34603811434303,-53.90781563126252,-45.70390781563126,-37.5,-21.283929443641547,26,,
018680,"Seoul Pharma Co., Ltd.",서울제약,KRX,Pharmaceuticals: major,의약품: 주요,1948,13,22712353264.0,-4.509803921568627,-27.04119850187266,-32.2022712766598,-37.363344051446944,-21.125284334623334,26,,
137940,"Next Eye Co., Ltd.",넥스트아이,KRX,Household/Personal care,가정/개인 위생용품,1857,819,18000321747.0,4.8560135516657255,-30.708955223880597,-38.59655253989419,-46.48414985590778,-21.21552610327023,26,-1026.2970099352754,4.0
243870,ITCENCORE CO. LTD.,아이티센코어,KRX,Packaged software,패키지 소프트웨어,7800,5,19194934845.0,-2.5,-45.45454545454545,-33.72727272727273,-22.0,-21.236363636363635,26,,
002320,HANJIN Logistics Corporation,한진보통주,KRX,Trucking,트러킹,14170,667,212367829285.0,-11.713395638629283,-26.005221932114882,-27.43534188975222,-28.865461847389557,-21.146563389303044,26,-55.66817266460136,25.0
015760,Korea Electric Power Corporation,한국전력공사보통주,KRX,Electric utilities,전력 회사,30700,306829,19419412521362.0,-20.466321243523318,-29.42528735632184,-22.191868054892222,-14.958448753462603,-21.501649330344662,26,-2.1421149863793865,44.0
039020,EAGON HOLDINGS CO. LTD.,이건홀딩스,KRX,Building products,건축 자재,2535,9255,55339311314.0,-4.158790170132325,-18.75,-32.54960317460318,-46.34920634920635,-21.193277972814837,26,,
040350,"CreoSG Co.,Ltd.",크레오에스지,KRX,Packaged software,패키지 소프트웨어,3695,5833,72682134848.0,-55.21212121212121,2.638888888888889,0.7178401663695781,-1.2032085561497325,-21.65414438502674,26,,
109610,SY CO. LTD.,에스와이,KRX,Industrial specialties,산업 분야,1890,2906,90023850479.0,1.9967620075553156,-29.608938547486034,-36.468637189785,-43.32833583208396,-21.082477510848875,26,-141.77832847058852,15.0
013310,"A-JIN INDUSTRY CO.,LTD",아진산업,KRX,Auto parts: OEM,자동차 부품: OEM,2325,4348,88472982788.0,-15.60798548094374,-24.019607843137255,-25.221829238024323,-26.424050632911392,-21.37629173519209,26,-69.03218612515865,22.0
389140,4by4 Inc.,포바이포,KRX,Packaged software,패키지 소프트웨어,5780,20683,78202315111.0,5.86080586080586,-30.778443113772454,-39.66231401574209,-48.54618491771173,-21.45306606512291,26,-29.057275419256456,32.0
347860,Alchera Inc.,알체라,KRX,Miscellaneous commercial services,기타 상업 서비스,1460,13501,60743407310.0,0.6896551724137931,-19.78021978021978,-36.18881118881119,-52.5974025974026,-21.437424644321197,26,29.903298674013776,60.0
051490,"Nara Mold & Die Co., Ltd",나라엠앤디,KRX,Industrial machinery,산업용 기계,2545,2151,33942903633.0,-5.037313432835821,-27.38944365192582,-32.39090878783253,-37.392373923739235,-21.44947064583385,26,-23892.633176073992,1.0
097870,Hyosung ONB Co. Ltd.,효성오앤비,KRX,Chemicals: agricultural,화학: 농업,4285,253,34084799422.999996,-9.789473684210526,-29.638752052545158,-30.48444012883668,-31.330128205128204,-22.206453550986218,25,-16.761021856390244,37.0
382480,"G.I. Tech Co., Ltd.",지아이텍,KRX,Electronic equipment/Instruments,전자 장비/기기,1610,4829,61779647461.0,-14.40723019670388,-32.494758909853246,-27.358490566037734,-22.22222222222222,-22.177986418304194,25,,
321550,"TiumBio Co., Ltd.",티움바이오,KRX,Pharmaceuticals: major,의약품: 주요,4545,10087,133370829162.99998,7.067137809187279,-62.74590163934426,-41.43446224322222,-20.123022847100177,-22.033822222258422,25,-54.2420297430168,25.0
383310,ECOPRO HN Co. Ltd.,에코프로에이치엔,KRX,Miscellaneous commercial services,기타 상업 서비스,22500,38433,453208918571.0,-31.08728943338438,-25.742574257425744,-16.190789203401668,-6.639004149377594,-22.149389295394755,25,5.120923243473143,48.0
007570,"Ilyang Pharmaceutical Co., Ltd.",일양약품보통주,KRX,Pharmaceuticals: major,의약품: 주요,7850,2068,140543983536.0,-0.6329113924050633,-32.67581475128645,-36.23821412410948,-39.80061349693251,-21.996093031427716,25,-251.3490539469732,11.0
036090,"Wizit Co., Ltd",위지트,KRX,Semiconductors,세미컨덕터,1409,36265,58860922829.0,-14.085365853658537,-21.72222222222222,-26.728359173126613,-31.734496124031008,-21.671161845339384,25,,
063080,Com2uS Holdings Corporation,컴투스홀딩스,KRX,Packaged software,패키지 소프트웨어,12110,3759,78276033659.0,-0.2471169686985173,-29.552065154159394,-36.281914930020875,-43.01176470588236,-21.867995745491932,25,,
237690,"ST PHARM CO., LTD.",에스티팜,KRX,Pharmaceuticals: major,의약품: 주요,93300,14347,1906037087059.0,-29.849624060150376,-38.006644518272424,-17.054547203456924,3.8975501113585747,-22.172577946134304,25,112.6993779663852,83.0
460930,"Hyundai Hyms Co., Ltd.",현대힘스,KRX,Metal fabrication,금속 가공,13010,5005,459153008652.0,3.1720856463124503,-29.33188484519283,-38.954479972003526,-48.57707509881423,-22.103853724677137,25,34.69145390524557,64.0
017810,Pulmuone Corporate,풀무원보통주,KRX,Food: specialty/candy,식품: 특산품/과자,8780,2950,321709235535.0,-6.296691568836713,-25.90717299578059,-32.03809354014382,-38.16901408450704,-21.741532751620976,25,,
137310,"SD Biosensor, Inc.",에스디바이오센서보통주,KRX,Electronic equipment/Instruments,전자 장비/기기,6140,16370,720018646698.0,-8.35820895522388,-22.081218274111674,-31.407404503851204,-40.73359073359073,-22.187726284400274,25,-278.82006509457113,10.0
402030,"Konan Technology, Inc.",코난테크놀로지,KRX,Packaged software,패키지 소프트웨어,13080,5531,163728749313.0,2.9921259842519685,-27.333333333333332,-38.79974651457541,-50.26615969581749,-22.08299751504446,25,35.985832762539154,64.0
039560,"Dasan Networks, Inc.",다산네트웍스,KRX,Telecommunications equipment,통신 장비,2530,2473,105795371151.0,-5.420560747663552,-48.940464177598386,-33.13036280775344,-17.320261437908496,-22.046441983717486,25,-220.93336843125493,12.0
003620,KG Mobility,KG모빌리티보통주,KRX,Motor vehicles,자동차,2490,46317,499866023865.0,-15.1618398637138,-27.82608695652174,-26.242846806551338,-24.659606656580937,-21.810444029416324,25,,
271830,PAMTEK CO. LTD.,팸텍,KRX,Electronics/Appliances,일렉트로닉스/어플라이언스,1083,10529,30922428131.0,-6.233766233766234,-23.30028328611898,-32.22079381697253,-41.141304347826086,-21.825982783690016,25,-1143.2633446213395,3.0
199150,Data Streams Corp.,데이터스트림즈,KRX,Metal fabrication,금속 가공,1700,1,7252373252.0,0.0,-34.61538461538461,-36.950549450549445,-39.285714285714285,-22.17032967032967,25,,
087600,"Pixelplus Co., Ltd.",픽셀플러스,KRX,Semiconductors,세미컨덕터,3975,231,25935806358.0,-0.5006257822277848,-34.07960199004975,-36.321099294870315,-38.56259659969088,-21.992909889813305,25,-376.08066868848726,8.0
187220,"DT&C Co., Ltd.",디티앤씨,KRX,Miscellaneous commercial services,기타 상업 서비스,2070,498,22283671318.0,-10.195227765726681,-32.01970443349754,-30.134635578967142,-28.249566724436743,-22.158872453670956,25,-161.4174281511103,14.0
189690,ForCS Co. Ltd.,포시에스,KRX,Packaged software,패키지 소프트웨어,1505,3336,39526772833.0,-14.488636363636363,-22.22222222222222,-26.906565656565654,-31.59090909090909,-21.939393939393938,25,4068.9719517283925,99.0
068760,Celltrion Pharm Inc.,셀트리온제약,KRX,Pharmaceuticals: major,의약품: 주요,39350,10418,1695865093422.0,-8.80648899188876,-29.857397504456326,-30.327831147123824,-30.798264789791325,-21.7192942850298,25,34.972398721309304,64.0
123860,"Anapass, Inc.",아나패스,KRX,Semiconductors,세미컨덕터,13200,2642,161847590160.0,-15.112540192926046,-22.169811320754718,-26.74567569159484,-31.321540062434963,-22.092421492127322,25,-284.523045026535,10.0
080470,"Sungchang Autotech Co., Ltd.",성창오토텍,KRX,Auto parts: OEM,자동차 부품: OEM,2705,95,19600500512.0,-1.8148820326678765,-30.641025641025642,-35.595238095238095,-40.54945054945055,-22.083095670210007,25,-82.76608199041583,20.0
026150,Tuksu Engineering & Construction Ltd.,특수건설,KRX,Engineering & construction,엔지니어링 및 건설,3985,792,68342953396.0,-2.0884520884520885,-37.92834890965732,-35.3638371867005,-32.79932546374368,-22.053683147401138,25,,
001780,"Aluko Co., Ltd.",알루코 보통주,KRX,Aluminum,알루미늄,1569,53230,149699383347.0,-11.605633802816902,-33.79746835443038,-28.9084194072394,-24.019370460048425,-21.987305165470403,25,59.16249213326454,72.0
041020,Polaris Office Corp.,폴라리스오피스,KRX,Packaged software,패키지 소프트웨어,3100,22054,149919111328.0,1.1419249592169658,-29.86425339366516,-37.1543489190548,-44.44444444444444,-21.835839367746093,25,107.67779758742184,82.0
251630,"V-ONE TECH Co., Ltd.",브이원텍,KRX,Electronic equipment/Instruments,전자 장비/기기,3630,803,55021834388.0,-3.8410596026490067,-31.50943396226415,-34.189499589827726,-36.869565217391305,-22.05012359495624,25,-19.61620219112784,35.0
052790,"Actoz Soft Co., Ltd",액토즈소프트,KRX,Information technology services,정보 기술 서비스,4020,1564,42073825836.0,-7.479861910241657,-25.41743970315399,-31.204017657219627,-36.990595611285265,-21.714355358428442,25,,
039130,"Hanatour Service, Inc.",하나투어보통주,KRX,Other consumer services,기타 소비자 서비스,30550,2198,454196629333.0,-7.283763277693475,-26.3855421686747,-32.64277108433735,-38.9,-22.499167961679802,24,-44.40041514324902,27.0
000180,Sungchang Enterprise Holdings Ltd.,성창기업지주보통주,KRX,Forest products,임산물,4865,1615,68496072397.0,0.5165289256198347,-32.94279807029635,-38.02110663748736,-43.099415204678365,-22.60605241224448,24,,
056080,"Yujin Robot Co., Ltd",유진로봇,KRX,Recreational products,레크리에이션 제품,12060,46062,456149336967.0,-21.89119170984456,-52.79843444227006,-23.03638536272795,6.725663716814159,-22.578307901574593,24,-29.87747472806783,31.0
177830,"PAVONINE CO., LTD.",파버나인,KRX,Aluminum,알루미늄,2075,898,23544079685.0,-14.256198347107437,-25.359712230215827,-28.09652278177458,-30.833333333333332,-22.560393007907724,24,-118.60444009541801,17.0
186230,"GREEN PLUS Co., Ltd. (Korea)",그린플러스,KRX,Chemicals: specialty,화학: 특수,3180,541,34688601685.0,3.2467532467532467,-27.5626423690205,-39.319782722971794,-51.07692307692308,-22.293168335081777,24,,
009470,"Samwha Electric Co., Ltd",삼화전기보통주,KRX,Electronic components,전자 부품,26300,5424,171628618598.0,-11.447811447811448,-26.227208976157083,-30.07340348305342,-33.91959798994975,-22.623166668956628,24,-63.785002238485355,23.0
171010,"RAM TECHNOLOGY Co., Ltd.",램테크놀러지,KRX,Semiconductors,세미컨덕터,2525,3131,36604804688.0,-10.934744268077601,-19.329073482428115,-30.507492861306435,-41.685912240184756,-22.678393424014903,24,-100.11264476311767,19.0
273060,Wise birds Inc.,와이즈버즈,KRX,Advertising/Marketing services,광고/마케팅 서비스,3940,76,38037645006.0,-13.785557986870897,-24.23076923076923,-27.82469706098949,-31.41862489120975,-22.209041431342055,24,,
003090,"Daewoong Co., Ltd.",대웅보통주,KRX,Pharmaceuticals: major,의약품: 주요,15930,5067,649753425407.0,-8.658256880733944,-34.30927835051546,-31.276260796879352,-28.243243243243242,-22.22905923042119,24,68.20155446851757,75.0
012320,KYUNGDONG INVEST CO. LTD.,경동인베스트보통주,KRX,Gas distributors,가스 유통업체,44250,974,96698609984.0,-21.54255319148936,-22.504378283712786,-23.62463812144823,-24.744897959183675,-22.79180414946468,24,142.8268509155309,85.0
000230,"Ildong Holdings Co., Ltd",일동홀딩스보통주,KRX,Pharmaceuticals: major,의약품: 주요,5950,1574,67075011406.00001,-1.1627906976744187,-40.5,-36.972595078299776,-33.44519015659955,-22.648673326049632,24,15.974424410948746,53.0
037950,"Elcomtec Co., Ltd",엘컴텍,KRX,Electronic components,전자 부품,2625,1943,44142788315.0,-4.371584699453552,-29.054054054054053,-34.595442078338316,-40.136830102622575,-22.505899126784414,24,656.0348732412729,95.0
248070,SOLUM CO. LTD.,솔루엠보통주,KRX,Wholesale distributors,도매 유통업체,12890,6978,621611049652.0,-19.336670838548184,-23.273809523809526,-25.14200102464542,-27.010192525481315,-22.819868950206526,24,-50.50443732395908,26.0
188040,"BIO PORT KOREA, INC.",바이오포트코리아,KRX,Food distributors,식품 유통업체,4860,2474,23013908496.0,-0.5117707267144319,-16.638078902229847,-37.17021438584077,-57.702349869451695,-22.506836922190235,24,,
333430,IL SEUNG Co. LTD,일승,KRX,Industrial machinery,산업용 기계,3730,10232,114745740662.0,4.335664335664336,-30.2803738317757,-41.137612913313845,-51.99485199485199,-22.948302013722575,24,464.46705863620673,94.0
278650,HLB bioStep Co.Ltd.,에이치엘비바이오스텝,KRX,Miscellaneous commercial services,기타 상업 서비스,3250,133943,37243323326.0,16.487455197132615,-45.65217391304348,-48.60850126352621,-51.564828614008945,-22.57011867926268,24,-44.904985230987506,27.0
336060,"WAVUS Co.,Ltd",웨이버스,KRX,Finance/Rental/Leasing,금융/렌탈/리스,3010,693,29230205245.0,7.6923076923076925,-39.00709219858156,-42.410836828363685,-45.81458145814582,-22.369579020095138,24,7.281959539436523,49.0
000320,"Noroo Holdings Co., Ltd",노루홀딩스보통주,KRX,Industrial specialties,산업 분야,15670,432,168804141483.0,-2.306733167082294,-25.91016548463357,-35.93784136300644,-45.96551724137931,-22.485398084636785,24,12.65453809291877,51.0
102120,"ABOV Semiconductor Co., Ltd.",어보브반도체,KRX,Semiconductors,세미컨덕터,7710,14915,126710434570.0,-10.452961672473867,-27.332704995287465,-31.216857548148784,-35.101010101010104,-22.91129919787882,24,69.71963241815291,75.0
217910,"SJ-Chem Co., Ltd.",에스제이켐,KRX,Chemicals: specialty,화학: 특수,263,8,4183166193.0,-14.88673139158576,-28.14207650273224,-27.644445453582186,-27.14681440443213,-22.541359828783616,24,,
086960,MDS Tech Inc.,MDS테크,KRX,Information technology services,정보 기술 서비스,2085,92303,86971132736.0,-5.011389521640091,-26.842105263157894,-34.260213470739785,-41.67832167832168,-22.56068389109991,24,,
025550,"Hankuk Steel Wire Co., Ltd",한국선재,KRX,Steel,스틸,2245,2834,53358128414.0,-2.178649237472767,-28.73015873015873,-36.78522678522678,-44.84029484029484,-22.94259576612518,24,,
465770,STX Green Logis Ltd,STX그린로지스보통주,KRX,Air freight/Couriers,항공/운수,2510,25841,18339441705.0,39.3670183231538,-60.596546310832025,-63.29285310121547,-65.98915989159892,-22.228904531467762,24,,
0007C0,Acryl Inc.,아크릴,KRX,Packaged software,패키지 소프트웨어,19510,27380,152897368622.0,16.89634511683643,-40.878787878787875,-49.18667062784709,-57.49455337690632,-22.75346432997369,24,,
217500,"Russell Co., Ltd.",러셀,KRX,Industrial machinery,산업용 기계,1537,19317,43424786682.0,-2.8445006321112514,-42.54205607476636,-36.01873445940153,-29.495412844036696,-22.74904092848542,24,,
227950,"N2TECH Co., Ltd.",엔투텍,KRX,Investment trusts,투자 신탁,1206,3292,41685916748.0,11.666666666666666,-43.906976744186046,-45.27207244288948,-46.63716814159292,-22.49657679906702,24,,
418550,"JEIO Co., Ltd.",제이오,KRX,Engineering & construction,엔지니어링 및 건설,4990,11925,143287847977.0,-1.9646365422396856,-38.39506172839506,-36.8788780144566,-35.362694300518136,-22.913181425569835,24,39.65938115007942,66.0
261520,"EGIS Co., Ltd",이지스,KRX,Information technology services,정보 기술 서비스,5270,583,52622333984.0,31.75,-37.18712753277712,-60.359188766388556,-83.53125,-23.515513259833135,23,-206.4828292278194,12.0
215600,"SillaJen, Inc.",신라젠,KRX,Biotechnology,바이오테크놀로지,2295,108924,310359970703.0,-6.896551724137931,-41.15384615384615,-34.43519079345851,-27.716535433070867,-23.41973516573028,23,5.87250040391573,48.0
060850,"Younglimwon Soft Lab Co., Ltd.",영림원소프트랩,KRX,Packaged software,패키지 소프트웨어,4435,342,35097418404.0,-14.711538461538462,-25.959933222036728,-29.381481762533518,-32.803030303030305,-23.513504442135496,23,-96.28161613518415,19.0
086820,"Bio Solution Co., Ltd.",바이오솔루션,KRX,Biotechnology,바이오테크놀로지,6380,2016,164889332714.0,-0.7776049766718507,-47.5760065735415,-37.86457986334732,-28.153153153153152,-23.029789908677134,23,,
047400,Union Materials Corp,유니온머티리얼보통주,KRX,Construction materials,건축 자재,955,11507,40152000000.0,-3.632694248234107,-42.74580335731415,-36.64562895138435,-30.545454545454547,-23.44045507012425,23,,
451760,"Contec Co., Ltd.",컨텍,KRX,Specialty telecommunications,특수 통신,8510,18608,132883619308.0,-15.992102665350444,-52.19101123595506,-27.633091039389832,-3.075170842824601,-22.97669568977408,23,,
251120,BIO-FD&C CO. LTD,바이오에프디엔씨,KRX,Medical distributors,의료 유통업체,9280,1010,78210460348.0,2.6548672566371683,-33.5243553008596,-40.724018278937095,-47.92368125701459,-23.37246406470739,23,15.983309047169232,53.0
122870,"YG Entertainment, Inc.",와이지엔터테인먼트,KRX,Movies/Entertainment,무비/엔터테인먼트,43000,7258,799370476913.0,-1.1494252873563218,-20.37037037037037,-37.50586029067042,-54.641350210970465,-22.96328628934478,23,3.9405150699132108,47.0
095700,"Genexine, Inc.",제넥신,KRX,Biotechnology,바이오테크놀로지,2755,18482,124386891060.0,6.576402321083172,-41.13247863247863,-43.6092921538127,-46.08610567514677,-23.53501436385435,23,-9.933327251425023,40.0
475560,Born Korea Co. Ltd.,더본코리아보통주,KRX,Restaurants,레스토랑,14680,1746,215895236664.0,-0.1360544217687075,-32.50574712643678,-38.397086086937556,-44.28842504743833,-23.092673420870014,23,,
376900,"Rokit Healthcare, Inc.",로킷헬스케어,KRX,Biotechnology,바이오테크놀로지,30700,227812,488948135948.0,-35.84117032392894,-76.74242424242425,-14.395308506754294,47.95180722891566,-22.973653233624155,23,-432.8742306956166,7.0
131030,OPTUS Pharmaceutical Co. Ltd.,옵투스제약,KRX,Pharmaceuticals: major,의약품: 주요,5870,2421,98043981323.0,-1.5100671140939597,-53.96078431372549,-37.68989684227105,-21.4190093708166,-23.217964951000212,23,22.62312136208993,57.0
144510,GC CELL CORPORATION,지씨셀,KRX,Biotechnology,바이오테크놀로지,14480,2606,211131325674.0,-7.17948717948718,-39.54070981210856,-33.53411866981804,-27.52752752752753,-22.992266073685702,23,,
195500,"MANIKER F&G CO., LTD",마니커에프앤지,KRX,Food: meat/fish/dairy,식품: 육류/어류/유제품,1677,2485,27370313464.0,-0.8279124778237729,-35.99236641221374,-38.049754634678294,-40.107142857142854,-23.161017771936486,23,42.19093939547624,66.0
261200,DENTIS CO. LTD,덴티스,KRX,Medical specialties,의학 전문 분야,2635,751,39722345924.0,6.25,-32.95165394402036,-42.737088233271436,-52.52252252252252,-23.142252939962866,23,,
006620,DongKoo Bio & Pharm Co. Ltd.,동구바이오제약,KRX,Pharmaceuticals: generic,의약품: 일반의약품,3525,4432,95188215332.0,-7.722513089005235,-32.60038240917782,-33.478962154309585,-34.357541899441344,-23.176382528187844,23,535.136391264679,94.0
010660,"Hwacheon Machinery Co., Ltd.",화천기계보통주,KRX,Industrial machinery,산업용 기계,3045,6601,65560000000.0,5.729166666666667,-50.4071661237785,-42.39108306188925,-34.375,-23.142983170466884,23,34.459609932745806,63.0
450520,Inswave Co. Ltd.,인스웨이브,KRX,Packaged software,패키지 소프트웨어,1935,87,28159267635.0,7.979910714285714,-37.175324675324674,-44.40016233766234,-51.625,-23.44813311688312,23,,
279600,"MediaZen, Inc.",미디어젠,KRX,Information technology services,정보 기술 서비스,3890,789,18458035555.0,15.946348733233979,-38.35182250396196,-49.861114826956154,-61.370407149950346,-23.538129402880102,23,-51.57044910792457,26.0
043910,"Nature & Environment Co., Ltd.",자연과 환경,KRX,Building products,건축 자재,3180,1168,36505597210.0,7.796610169491525,-33.75,-43.931277056277054,-54.112554112554115,-23.240122165969623,23,29.048991873850568,60.0
246710,"T&R Biofab Co., Ltd",티앤알바이오팹,KRX,Medical specialties,의학 전문 분야,2340,12789,109151716461.0,11.163895486935868,-15.52346570397112,-46.29114461669144,-77.05882352941177,-23.30912857524052,23,-98.06359366863494,19.0
048550,"SM Culture & Contents Co., Ltd.",에스엠컬처앤콘텐츠,KRX,Advertising/Marketing services,광고/마케팅 서비스,1065,4619,101731727295.0,-40.70155902004454,-2.917046490428441,-11.600738814076495,-20.28443113772455,-23.241066896463714,23,-132.06602602621066,16.0
005420,"Cosmo Chemical Co., Ltd.",코스모화학보통주,KRX,Chemicals: specialty,화학: 특수,10360,10290,394385629120.0,-6.244343891402715,-33.29040566645203,-34.55102687287905,-35.811648079306075,-23.228353680288517,23,,
000440,"Joong Ang Enervis Co., Ltd.",중앙에너비스,KRX,Wholesale distributors,도매 유통업체,12550,1031,55201246119.0,-9.712230215827338,-42.032332563510394,-32.400781666370584,-22.76923076923077,-23.32536108615329,23,-8.795347823182846,41.0
285490,"NOVATECH CO.,LTD.",노바텍,KRX,Electronic production equipment,전자 생산 장비,12280,4467,118166929264.0,-0.6472491909385113,-41.800947867298575,-38.49941852467831,-35.19788918205805,-23.35855079118239,23,135.7728213897822,85.0
083790,"CG Invites Co., Ltd.",씨지인바이츠,KRX,Pharmaceuticals: major,의약품: 주요,995,52356,74202883987.0,-0.5,-34.496379196840024,-37.98348371606707,-41.470588235294116,-22.990090229640245,23,,
214270,"FSN Co., Ltd.",에프에스엔,KRX,Miscellaneous commercial services,기타 상업 서비스,1382,1630,61628712708.0,2.3703703703703702,-40.94017094017094,-41.916366461821006,-42.892561983471076,-24.201671728944454,22,,
256840,BNC KOREA. Inc.,한국비엔씨,KRX,Specialty stores,전문점,2700,70825,180220514603.0,-3.0520646319569122,-28.19148936170213,-37.62515644555695,-47.05882352941177,-23.795919720116935,22,-272.6606043235828,10.0
417860,"Obzen, Inc.",오브젠,KRX,Packaged software,패키지 소프트웨어,6950,1490,32948340893.0,-6.586021505376344,-21.822272215973005,-35.54617260433687,-49.27007299270073,-23.96211216475266,22,,
035200,"PlumbFast Co., Ltd.",프럼파스트,KRX,Engineering & construction,엔지니어링 및 건설,2595,4193,19604040921.0,-14.072847682119205,-29.098360655737704,-30.58321174148142,-32.068062827225134,-23.979066117736537,22,-28.394744698510824,32.0
337840,"UXN Co., Ltd.",유엑스엔,KRX,Aerospace & defense,항공우주 및 방위산업,6280,29,31258058929.0,-17.25955204216074,-19.487179487179485,-28.343589743589746,-37.2,-23.909974663018144,22,,
384470,"Coreline Soft Co., Ltd.",코어라인소프트,KRX,Packaged software,패키지 소프트웨어,2640,24365,46031424208.0,-12.871287128712872,-18.39258114374034,-31.406816887659645,-44.421052631578945,-23.992604984080934,22,22.977548379309106,57.0
060590,CTC Bio Inc.,씨티씨바이오,KRX,Pharmaceuticals: major,의약품: 주요,3030,33,71845869865.0,-0.32894736842105265,-22.307692307692307,-39.57264957264957,-56.837606837606835,-23.875168690958162,22,,
206650,"EuBiologics Co., Ltd.",유바이오로직스,KRX,Pharmaceuticals: major,의약품: 주요,8480,9713,302839017029.0,-4.288939051918736,-38.63965267727931,-37.72519146531626,-36.810730253353206,-24.35069049995725,22,9.43210897213643,50.0
016800,"Fursys, Inc.",퍼시스보통주,KRX,Office equipment/Supplies,사무용품/소모품,24300,23,217906974411.0,-0.2053388090349076,-35.28628495339547,-40.21650590784898,-45.146726862302486,-24.212039068323353,22,158.61060614695182,86.0
417970,"MODEL SOLUTION CO., LTD.",모델솔루션,KRX,Industrial machinery,산업용 기계,10250,213,65630145921.99999,-10.166520595968448,-46.83609958506224,-33.627677121723664,-20.419254658385093,-24.24321451142158,22,58.824843876015244,72.0
351870,"Chai Communication Co., Ltd.",차이커뮤니케이션,KRX,Advertising/Marketing services,광고/마케팅 서비스,2190,10208,25052613177.0,23.03370786516854,-43.70179948586118,-54.66094683869197,-65.62009419152277,-23.58308495714777,22,,
226950,"OliX Pharmaceuticals, Inc.",올릭스,KRX,Pharmaceuticals: major,의약품: 주요,105300,18803,2336480435371.0,-36.52802893309222,-45.58139534883721,-16.055783881315158,13.469827586206897,-24.24468190202598,22,33.188464103516054,63.0
225530,"HC BoKwang Industry Co., Ltd.",에이치씨보광산업,KRX,Construction materials,건축 자재,2075,558,75402492428.0,0.0,-45.53805774278215,-39.3012869359072,-33.064516129032256,-23.580772161544324,22,,
039240,"Gyeongnam Steel Co., Ltd",경남스틸,KRX,Steel,스틸,1883,1347,51018428921.0,-10.333333333333334,-28.943396226415093,-33.39909085248147,-37.85478547854785,-24.172787844822217,22,2.9604032254265205,46.0
108320,"LX Semicon Co., Ltd.",LX세미콘보통주,KRX,Semiconductors,세미컨덕터,36300,3733,594460142803.0,-13.981042654028435,-27.10843373493976,-31.201275690999292,-35.294117647058826,-24.31318247621095,22,37.6216514805408,65.0
145720,"Dentium Co., Ltd.",덴티움보통주,KRX,Medical specialties,의학 전문 분야,36800,1232,315634406090.0,-10.679611650485437,-29.770992366412212,-32.60479442882014,-35.43859649122807,-23.83472131748626,22,65.54785612438268,74.0
114840,"iFamilySC Co., Ltd.",아이패밀리에스씨,KRX,Miscellaneous commercial services,기타 상업 서비스,8310,1515,138643897934.0,4.005006257822278,-24.316939890710383,-43.229084979523755,-62.14123006833713,-24.335448484585342,22,-5.800543472476394,42.0
322180,"LS THiRA-UTECH CO.,LTD",엘에스티라유텍,KRX,Information technology services,정보 기술 서비스,4125,10018,86521823406.0,-11.194833153928956,-41.15549215406562,-32.38330163258836,-23.61111111111111,-23.9079142411246,22,-1835.4495143333438,3.0
373160,Day1 Company Inc.,데이원컴퍼니,KRX,Packaged software,패키지 소프트웨어,3190,16,42920605011.0,0.0,-32.27176220806794,-39.4189631810859,-46.56616415410385,-23.65137790865154,22,,
008040,"SAJODONGAONE CO., LTD.",사조동아원보통주,KRX,Agricultural commodities/Milling,농산물/제분,7520,1633,104092082214.0,-11.005917159763314,-25.24850894632207,-32.35050246027859,-39.452495974235106,-23.812668340072477,22,-470.3751614967915,6.0
084850,"ITM Semiconductor Co., Ltd.",아이티엠반도체,KRX,Semiconductors,세미컨덕터,8040,463,175333782787.0,-13.174946004319654,-28.533333333333335,-31.070960638590698,-33.60858794384806,-23.91255478488228,22,-1980.0267360203518,3.0
297890,HB SOLUTION CO. LTD.,에이치비솔루션,KRX,Semiconductors,세미컨덕터,1560,19163,112490727142.0,-13.429522752497226,-18.367346938775512,-30.401385646509528,-42.435424354243544,-23.61264048890461,22,,
035720,Kakao Corp.,카카오보통주,KRX,Information technology services,정보 기술 서비스,34150,147441,14736404237366.0,-4.608938547486034,-27.64830508474576,-36.46037049109083,-45.2724358974359,-23.719797713648912,22,164.04701396771347,87.0
140610,"Ensol Biosciences, Inc.",엔솔바이오사이언스,KRX,Medical distributors,의료 유통업체,10150,148,145632951260.0,-18.8,-27.448177269478197,-27.60309219345796,-27.75800711743772,-24.081855316074776,22,,
214260,RAPHAS CO. LTD.,라파스,KRX,Chemicals: major diversified,화학: 주요 복합,7740,1390,64324738312.0,-8.941176470588236,-21.975806451612904,-34.40823289613613,-46.84065934065934,-24.22141032591697,22,-135.99777466670974,15.0
035620,Barunson Entertainment & Arts Corp.,바른손이앤에이,KRX,Movies/Entertainment,무비/엔터테인먼트,733,124931,12906232643.0,5.01432664756447,-27.85433070866142,-42.66846465827503,-57.48259860788863,-23.59534813593923,22,,
063160,CKD Bio Corp.,종근당바이오보통주,KRX,Pharmaceuticals: major,의약품: 주요,13060,11181,70329995060.0,-2.245508982035928,-31.263157894736842,-38.020585289863135,-44.77801268498943,-23.71055476673225,22,-740.6470363013275,4.0
095500,"MNtech Co., Ltd.",미래나노텍,KRX,Electronic components,전자 부품,6460,3520,181866975784.0,-10.15299026425591,-33.53909465020576,-34.56615749459441,-35.59322033898305,-24.800890602459013,21,-56.56799667267435,25.0
042940,"Sangji Construction, Inc.",상지건설,KRX,Homebuilding,홈빌딩,5590,3281,50523458099.0,-12.084545746424768,-27.469750240800426,-33.54538510616522,-39.62101997153001,-24.96104936226904,21,-151.51894019416648,14.0
043710,CosLeaguer Global Co. Ltd.,서울리거,KRX,Medical distributors,의료 유통업체,2990,1167,52195571566.0,-15.056818181818182,-28.4688995215311,-31.232242255246785,-33.99558498896247,-24.762072625875348,21,-519.4273505124083,6.0
469610,"Innotech Co., Ltd.",이노테크,KRX,Industrial machinery,산업용 기계,15660,4111,139777537279.0,1.6223231667748215,-14.472965592572365,-41.66988239867187,-68.86679920477137,-24.353000172493193,21,,
200350,Artist Studio Inc.,아티스트스튜디오,KRX,Movies/Entertainment,무비/엔터테인먼트,2655,8487,25439883842.0,20.681818181818183,-40.93437152391546,-54.54991957490737,-68.16546762589928,-24.45722447221715,21,47.44185365054207,68.0
083640,"INCON Co., Ltd.",인콘,KRX,Electronics/Appliances,일렉트로닉스/어플라이언스,5290,1871,24047700987.0,-2.2181146025878005,-46.02040816326531,-39.634809759866094,-33.24921135646688,-24.668131696954777,21,,
064260,"Danal Co., Ltd",다날,KRX,Internet software/Services,인터넷 소프트웨어/서비스,4445,93856,321148723450.0,0.4519774011299435,-27.131147540983605,-41.84025607743217,-56.54936461388074,-24.92336268600733,21,-313.2009629720102,9.0
394280,"OPENEDGES Technology, Inc.",오픈엣지테크놀로지,KRX,Information technology services,정보 기술 서비스,9740,12985,257932518978.0,-20.619396903015485,-36.71215074723847,-28.108141489321714,-19.50413223140496,-25.11264365479922,21,18.83440631343217,55.0
475400,CMES Robotics Inc.,씨메스,KRX,Industrial machinery,산업용 기계,18500,8747,215830010414.0,-11.270983213429256,-39.34426229508197,-33.3263551161068,-27.308447937131632,-24.504206355035784,21,,
475580,"ALux Co., Ltd.",에이럭스,KRX,Auto parts: OEM,자동차 부품: OEM,7480,11448,99952991161.0,-0.7957559681697612,-43.88597149287322,-40.54080270697398,-37.19563392107473,-24.64278401145229,21,-64.39789058731466,23.0
099410,"Dongbang Ship Machinery Co., Ltd.",동방선기,KRX,Trucks/Construction/Farm machinery,트럭/건설/농기계,3100,7606,43372229366.0,-6.626506024096385,-34.39153439153439,-37.098679817126424,-39.80582524271845,-24.90981029991441,21,292.65430414190854,91.0
383930,"DT&CRO Co., Ltd.",디티앤씨알오,KRX,Miscellaneous commercial services,기타 상업 서비스,1668,14439,20684719410.0,9.37704918032787,-49.37784522003035,-47.78569680356357,-46.193548387096776,-24.920598410006995,21,-425.44296350632015,7.0
010690,"Hwashin Co., Ltd",화신보통주,KRX,Auto parts: OEM,자동차 부품: OEM,7430,10405,255053520050.0,-32.881662149954835,-31.267345050878816,-18.84525942720263,-6.423173803526448,-24.459820516303513,21,1383.076110677062,97.0
085670,"NewFlex Technology Co., Ltd.",뉴프렉스,KRX,Electronic components,전자 부품,3305,300258,76073376503.0,-5.571428571428571,-37.2865275142315,-36.92541346920788,-36.56429942418426,-24.38381951009616,21,20.0240837106211,55.0
086980,SHOWBOX Corp.,쇼박스,KRX,Movies/Entertainment,무비/엔터테인먼트,1801,4726,111219304146.0,-11.715686274509803,-33.2962962962963,-33.41936586032527,-33.542435424354245,-24.737894025999086,21,,
174900,"AbClon, Inc.",앱클론 주식회사,KRX,Miscellaneous commercial services,기타 상업 서비스,20150,16371,391061735535.0,-32.721202003338895,-66.41666666666667,-19.321205876136126,27.77425491439442,-24.681204327017234,21,-31.226539417880172,31.0
036220,Osang Healthcare Co. Ltd.,오상헬스케어,KRX,Medical specialties,의학 전문 분야,6210,12166,86454531975.0,2.985074626865672,-27.874564459930312,-43.098356055468514,-58.32214765100671,-24.66498378253484,21,,
038110,Ecoplastic Corporation,에코플라스틱,KRX,Auto parts: OEM,자동차 부품: OEM,2020,9133,79955687904.0,1.0,-45.84450402144772,-42.36249406821251,-38.88048411497731,-25.01749644092751,21,,
079960,Dongyang E&P Inc.,동양이엔피,KRX,Electronic production equipment,전자 생산 장비,16860,1093,120673639507.0,-17.555012224938874,-38.5792349726776,-30.0803151607574,-21.58139534883721,-25.070193986429995,21,1433.296323565169,98.0
307750,KUKJEON Co.Ltd,국전약품,KRX,Chemicals: specialty,화학: 특수,2300,14120,121468886375.0,2.9082774049217,-46.51162790697674,-43.22970429291396,-39.947780678851174,-24.774511613779698,21,,
413640,"BI MATRIX Co., Ltd.",비아이매트릭스,KRX,Packaged software,패키지 소프트웨어,5990,3474,42946713681.0,0.6722689075630253,-23.791348600508904,-41.52152464039051,-59.25170068027211,-24.644007221209094,21,-103.21941809982907,18.0
002220,"Hanil Iron & Steel Co., Ltd",한일철강보통주,KRX,Steel,스틸,2920,16441,68141052513.0,-31.294117647058822,-25.319693094629155,-20.826035659062427,-16.332378223495702,-25.013268454260988,21,-172.03639928406565,13.0
047920,"HLB PHARMACEUTICAL CO., LTD.",에이치엘비제약,KRX,Pharmaceuticals: major,의약품: 주요,9620,29345,322353579712.0,-15.1282200856178,-36.19053221595959,-30.94498522018973,-25.699438224419865,-24.61827916636096,21,-44.957719079866024,27.0
238090,"NDFOS Co., Ltd.",앤디포스,KRX,Containers/Packaging,컨테이너/패키징,1864,492,56002755041.0,-31.470588235294116,-41.658841940532085,-19.76092781958111,2.136986301369863,-24.444791985866313,21,,
273640,"YM Tech Co., Ltd.",와이엠텍,KRX,Electrical products,전기 제품,5240,777,53902571411.0,-10.120068610634648,-28.21917808219178,-34.737391731678855,-41.25560538116592,-24.890462483261174,21,-13.030826106014368,39.0
452200,"Mintech Co., Ltd.",민테크,KRX,Electrical products,전기 제품,1696,2727,41292761450.0,-9.401709401709402,-25.938864628820962,-34.84339583016504,-43.74792703150912,-24.666721258782786,21,-140.2360714342677,15.0
474170,Lumir Inc.,루미르,KRX,Telecommunications equipment,통신 장비,7050,4535,123654807587.0,-10.19108280254777,-49.31703810208483,-34.78295344018269,-20.248868778280542,-24.946205185128722,21,,
215090,"SolDefense Co., Ltd.",솔디펜스,KRX,Aerospace & defense,항공우주 및 방위산업,1472,941,33695340304.999996,14.552529182879377,-43.7093690248566,-52.14919589127703,-60.58902275769746,-25.468505861614467,20,-135.16427609858894,16.0
012690,"Monalisa Co., Ltd",모나리자보통주,KRX,Pulp & paper,펄프 및 제지,1407,1841,51185080719.0,-1.8828451882845187,-38.15384615384615,-40.99309074159373,-43.83233532934132,-25.348992520270052,20,,
001040,CJ Corporation,CJ보통주,KRX,Food: specialty/candy,식품: 특산품/과자,131600,9532,4207202472878.0,-18.006230529595015,-32.339331619537276,-30.736170925546773,-29.133010231556273,-25.64419476716607,20,-32.3453515200896,30.0
025950,"Dongshin Engineering & Construction Co., Ltd.",동신건설,KRX,Engineering & construction,엔지니어링 및 건설,9950,2468,82991996231.0,-9.627611262488646,-33.666666666666664,-35.73958333333333,-37.8125,-25.29479450499546,20,-87.70897001447358,20.0
004140,Dongbang Transport & Logistics Co. Ltd.,동방보통주,KRX,Air freight/Couriers,항공/운수,1764,25514,83449727119.0,-6.0702875399361025,-36.887298747763865,-38.94532161468461,-41.00334448160535,-25.79530798478521,20,-57.544408304660884,24.0
081180,"SEC Co., Ltd.",쎄크,KRX,Semiconductors,세미컨덕터,5930,5462,52493330231.0,-1.1666666666666667,-48.87931034482759,-41.928690260133095,-34.978070175438596,-25.62388082274652,20,-198.62040648897428,13.0
452400,INICS Corporation,이닉스,KRX,Containers/Packaging,컨테이너/패키징,5620,223,50090616465.0,-4.906937394247039,-33.2541567695962,-39.23916415477861,-45.22417153996101,-25.506273450565978,20,,
036620,"GAMSUNG Corporation Co., Ltd.",감성코퍼레이션,KRX,Internet software/Services,인터넷 소프트웨어/서비스,3635,32319,331611848412.0,-8.207070707070708,-33.667883211678834,-37.038859638626306,-40.40983606557377,-25.506144066004065,20,17.458737376668367,54.0
377480,"MAUM. AI, INC.",마음에이아이,KRX,Miscellaneous commercial services,기타 상업 서비스,10330,5707,73591344094.0,-0.6730769230769231,-27.150916784203105,-42.23248318548998,-57.31404958677686,-25.608720680524762,20,26.850138269027408,59.0
019180,THN Corporation,티에이치엔보통주,KRX,Auto parts: OEM,자동차 부품: OEM,4945,5156,88380000000.0,-19.462540716612377,-37.79874213836478,-28.89128045429566,-19.983818770226538,-25.11978455922235,20,40.54905613410854,66.0
067000,JoyCity Corp.,조이시티,KRX,Packaged software,패키지 소프트웨어,1126,1195,79060793335.0,4.162812210915819,-53.083333333333336,-45.08915270018622,-37.09497206703911,-25.388366735745407,20,-122.49303190877872,17.0
214420,"TONYMOLY Co., Ltd.",토니모리보통주,KRX,Household/Personal care,가정/개인 위생용품,5000,3481,119154714403.0,-3.474903474903475,-27.219796215429405,-40.15774050921564,-53.09568480300187,-25.484605695490774,20,-40.24155445347809,28.0
239610,"HLscience Co., Ltd.",에이치엘사이언스,KRX,Biotechnology,바이오테크놀로지,5280,1,27094500904.0,-2.2222222222222223,-29.41176470588235,-41.17647058823529,-52.94117647058823,-25.594771241830067,20,-10.690807931501794,40.0
006650,"Korea Petro Chemical Ind. Co., Ltd.",대한유화보통주,KRX,Chemicals: specialty,화학: 특수,90800,2155,560789903069.0,-24.333333333333332,-32.23880597014925,-26.777981841227138,-21.317157712305026,-25.80012243806962,20,,
328130,Lunit Inc.,루닛,KRX,Packaged software,패키지 소프트웨어,11270,1040358,729693594360.0,-5.373635600335852,-34.285714285714285,-38.27583746182516,-42.26596063793603,-25.11495671722944,20,31.67319436399509,62.0
080530,"KODI CO., LTD.",코디,KRX,Household/Personal care,가정/개인 위생용품,2465,165,27496207218.0,10.538116591928251,-37.67383059418458,-49.16412998184887,-60.65442936951317,-25.283231352338028,20,190.2578227824336,88.0
389030,"GENINUS, Inc.",지니너스,KRX,Biotechnology,바이오테크놀로지,2030,50119,76381609852.0,-14.884696016771489,-64.3859649122807,-32.92113779594617,-1.4563106796116505,-25.706561084276302,20,-57.40149084633737,24.0
011700,"Hanshin Machinery Co., Ltd",한신기계공업보통주,KRX,Industrial machinery,산업용 기계,2445,8989,77145566425.0,-4.678362573099415,-44.43181818181818,-39.04087516960651,-33.649932157394844,-25.295870131003674,20,460.60102414915644,94.0
031310,Eyesvision Corporation,아이즈비전,KRX,Telecommunications equipment,통신 장비,972,1634,27861363716.0,-3.3797216699801194,-41.796407185628745,-40.71186818908767,-39.62732919254658,-25.779009581444647,20,,
064820,Cape Industries Ltd.,케이프,KRX,Trucks/Construction/Farm machinery,트럭/건설/농기계,7580,3310,234222126007.0,-17.608695652173914,-25.024727992087044,-31.060081838367175,-37.095435684647306,-25.679527363889875,20,54.45384529475057,71.0
114630,"POLARIS UNO, Inc.",폴라리스우노,KRX,Textiles,텍스타일,1588,2145,24520728884.0,-11.235326998323085,-34.784394250513344,-35.181243778400685,-35.57809330628803,-25.602877066369647,20,263.49162154503,91.0
462510,LaMeditech Co. Ltd.,라메디텍,KRX,Medical specialties,의학 전문 분야,2975,121025,23944065247.0,9.576427255985267,-37.03703703703704,-48.33534348459722,-59.6336499321574,-25.170635188364223,20,34.27126424851177,63.0
005250,GC Corp.,녹십자홀딩스보통주,KRX,Pharmaceuticals: major,의약품: 주요,9540,2449,432769973802.0,-10.422535211267606,-29.904481998530493,-35.32491180671866,-40.745341614906835,-25.363961168538243,20,-186.53570008322134,13.0
006880,"SINGSONG HOLDINGS Co., Ltd.",신송홀딩스보통주,KRX,Agricultural commodities/Milling,농산물/제분,4225,1684,45748334198.0,-6.215316315205327,-39.03318903318903,-38.63209159261791,-38.23099415204678,-25.665381481652876,20,,
101490,S & S Tech Corporation,에스앤에스텍,KRX,Semiconductors,세미컨덕터,44400,29611,913444869232.0,-19.710669077757686,-44.84472049689441,-28.89294848374132,-12.941176470588236,-25.22003672134787,20,51.05511607240495,70.0
388210,"CMTX Co., Ltd.",씨엠티엑스,KRX,Semiconductors,세미컨덕터,88700,11603,854417764664.0,-7.411273486430063,-32.49619482496195,-37.0704658335336,-41.64473684210526,-25.20678889469219,20,,
112040,"Wemade Co., Ltd.",위메이드,KRX,Packaged software,패키지 소프트웨어,15370,11939,512610928726.0,-11.666666666666666,-27.156398104265403,-34.795427516552174,-42.43445692883895,-25.54392317659797,20,,
398120,"SG Healthcare Co., Ltd.",에스지헬스케어,KRX,Medical specialties,의학 전문 분야,2065,5055,23771246271.0,-1.431980906921241,-52.853881278538815,-43.70110862659112,-34.54833597464342,-26.793457538723167,19,,
020400,"Daedong Metals Co., Ltd.",대동금속,KRX,Auto parts: OEM,자동차 부품: OEM,2660,10670,22889184761.0,-20.0,-51.504102096627165,-30.43688920844987,-9.369676320272573,-26.26213352506992,19,-1705.114299859116,3.0
259630,mPlus Corp.,엠플러스,KRX,Industrial machinery,산업용 기계,9200,11464,108228971424.0,-14.814814814814815,-28.73741285824942,-33.70203976245804,-38.666666666666664,-26.147149783400753,19,-1.4747320812781872,44.0
361390,"Genohco, Inc.",제노코,KRX,Computer communications,컴퓨터 통신,13300,3323,128520223618.0,-5.874026893135174,-56.39344262295082,-40.30498341973752,-24.216524216524217,-26.532600809096582,19,,
228760,"Genomictree, Inc.",지노믹트리,KRX,Medical/Nursing services,의료/간호 서비스,11280,11733,269494544983.00003,-1.3123359580052494,-35.689851767388824,-42.8338394091933,-49.97782705099778,-26.225238028718085,19,-32.33730232653143,30.0
215000,"GOLFZON Co., Ltd.",골프존,KRX,Recreational products,레크리에이션 제품,35700,252,214682333946.0,-12.926829268292684,-28.09667673716012,-34.83393574992212,-41.57119476268412,-26.071093157270347,19,-31.17507593927239,31.0
038070,"Seoulin Bioscience Co.,Ltd.",서린바이오사이언스,KRX,Miscellaneous commercial services,기타 상업 서비스,3960,218,34910123610.0,-8.650519031141869,-35.922330097087375,-37.633277202861976,-39.34422430863658,-26.040173934173936,19,-81.13672087897328,20.0
260660,"KOREA ARLICO PHARM CO.,LTD.",알리코제약,KRX,Pharmaceuticals: major,의약품: 주요,2250,6491,34380664339.0,-7.024793388429752,-33.035714285714285,-39.76399269577034,-46.4922711058264,-26.66831297283411,19,-453.0617309122661,7.0
403850,"Pinkfong Company, Inc.",더핑크퐁컴퍼니,KRX,Packaged software,패키지 소프트웨어,12200,1488,174651784019.0,10.909090909090908,-24.22360248447205,-51.594559862925685,-78.96551724137932,-26.59309955411905,19,,
027050,"Coreana Cosmetics Co., Ltd",코리아나화장품,KRX,Household/Personal care,가정/개인 위생용품,1289,3500,38897600983.0,-3.9493293591654246,-27.94857462269424,-40.749062086121896,-53.549549549549546,-26.02916899533931,19,-664.3921600998312,5.0
234100,"Sewon Co., Ltd.",폴라리스세원,KRX,Auto parts: OEM,자동차 부품: OEM,2710,65,39059376121.0,11.75257731958763,-46.86274509803921,-51.30892356942777,-55.755102040816325,-26.084323213821612,19,151.74191988224536,86.0
014970,"Samryoong Co., Ltd.",삼륭물산,KRX,Containers/Packaging,컨테이너/패키징,4390,100,63619498329.0,-1.348314606741573,-48.654970760233915,-43.4988336947237,-38.342696629213485,-26.63862605953085,19,,
030960,"Yangjisa Co., Ltd.",양지사,KRX,Commercial printing/Forms,상업 인쇄 / 서식,4870,813,68699774022.0,-15.304347826086957,-26.546003016591253,-33.75784999314411,-40.96969696969697,-26.376449126321248,19,-52.95643249488536,25.0
023790,"DONGIL STEELUX CO., LTD.",동일스틸럭스,KRX,Steel,스틸,1431,23903,18639002357.0,6.0,-22.815533980582526,-47.37835522558538,-71.94117647058823,-26.02701313535123,19,46.78708969969551,68.0
462350,"Innospace Co., Ltd.",이노스페이스,KRX,Packaged software,패키지 소프트웨어,6800,19514,223460948181.0,-20.930232558139537,-41.00371280261789,-30.571462470690122,-20.139212138762357,-26.71497050566989,19,-21.510390769902337,35.0
060150,"Insun Environmental New Technology Co., Ltd.",인선이엔티,KRX,Environmental services,환경 서비스,2790,1285,119501959190.0,-12.40188383045526,-31.61764705882353,-35.38352363846302,-39.14940021810251,-26.190867715259916,19,,
145170,Nobland International Inc.,노브랜드,KRX,Apparel/Footwear,어패럴/풋웨어,2880,79306,45227100430.0,-10.0,-27.547169811320753,-37.82763895971443,-48.108108108108105,-26.69658337582866,19,,
072990,"HCT Co., Ltd.",에이치시티,KRX,Miscellaneous commercial services,기타 상업 서비스,3095,772,43867850466.0,-8.023774145616642,-28.521939953810623,-38.834306246422685,-49.14667253903475,-26.51009340610027,19,-86.88418136465462,20.0
002700,SHINIL ELECTRONICS CO. LTD.,신일전자보통주,KRX,Industrial machinery,산업용 기계,927,26087,61457356384.0,-18.68421052631579,-33.16510454217736,-30.928706117242527,-28.692307692307693,-26.030907880871833,19,85.37703662187971,78.0
126880,"JNK Global Co., Ltd.",제이엔케이글로벌,KRX,Industrial machinery,산업용 기계,2545,3569,58869270077.0,-13.874788494077833,-29.501385041551245,-34.56089418151109,-39.62040332147094,-26.28645190653779,19,-18.0959659649551,36.0
251270,Netmarble Corp.,넷마블보통주,KRX,Packaged software,패키지 소프트웨어,35000,16472,2718441682434.0,-7.651715039577836,-30.693069306930692,-38.087967675272196,-45.482866043613704,-25.913466620994452,19,282.7871343074172,91.0
051360,"Tovis Co., Ltd.",토비스,KRX,Electronic production equipment,전자 생산 장비,11810,815,99589337597.0,-25.629722921914357,-23.31168831168831,-26.486100260668458,-29.6605122096486,-26.14354932516682,19,9.149740012610486,49.0
220180,Polaris AI Handy Corp.,핸디소프트,KRX,Packaged software,패키지 소프트웨어,1391,192,33335662134.0,-9.262883235485976,-27.28698379508625,-37.88423263828386,-48.48148148148148,-26.435692877164712,19,117.54003482633573,83.0
101970,"Wooyang HC Co., Ltd.",우양에이치씨,KRX,Industrial machinery,산업용 기계,9470,128,141165363789.0,-13.909090909090908,-22.313371616078754,-34.053079626013044,-45.79278763594734,-25.99548413924419,19,,
006060,"HWASEUNG Industries Co., Ltd.",화승인더스트리보통주,KRX,Containers/Packaging,컨테이너/패키징,2220,2434,116771105995.0,-9.939148073022313,-30.407523510971785,-36.77866572475606,-43.149807938540334,-26.042858664062564,19,,
318000,KBG Corp.,케이비지,KRX,Chemicals: major diversified,화학: 주요 복합,2770,235,24097232189.0,-6.101694915254237,-34.28232502965599,-39.82360827419683,-45.36489151873767,-26.334842930619793,19,-76.57476192114052,21.0
215100,"RoboRobo Co., Ltd.",로보로보,KRX,Recreational products,레크리에이션 제품,4070,3640,82139141703.0,-6.329113924050633,-38.51963746223565,-38.93194987865881,-39.34426229508197,-25.89081549681554,19,-416.7177831702147,7.0
037560,LG HelloVision Corp.,엘지헬로비전보통주,KRX,Broadcasting,브로드캐스팅,1534,6998,118726050018.0,-11.839080459770114,-31.517857142857142,-37.86801948051948,-44.21818181818182,-27.456443872219737,18,,
317870,Envioneer Co. Ltd.,엔바이오니아,KRX,Industrial machinery,산업용 기계,4995,5225,43325281334.0,10.264900662251655,-41.30434782608695,-52.20682679339798,-63.10930576070901,-27.21813581113813,18,-101.74653995213231,18.0
424870,ImmuneOncia Therapeutics Inc.,이뮨온시아,KRX,Biotechnology,바이오테크놀로지,3555,1621206,281518983765.0,-1.9310344827586208,-56.556608502519644,-44.70494643610175,-32.85328436968386,-27.595381654764502,18,-136.33826040976575,15.0
388610,"GFC Life Science Co., Ltd.",지에프씨생명과학,KRX,Medical specialties,의학 전문 분야,5640,2,29964659557.0,16.049382716049383,-39.936102236421725,-56.110557260717,-72.28501228501229,-27.246581270010452,18,,
047820,"Chorokbaem Media Co., Ltd.",초록뱀미디어,KRX,Movies/Entertainment,무비/엔터테인먼트,3225,163,78997423000.0,-9.410112359550562,-23.578199052132703,-38.94915618329014,-54.32011331444759,-27.13353865379431,18,,
042520,Hans Biomed Corp,한스바이오메드,KRX,Medical/Nursing services,의료/간호 서비스,17910,4677,243976772175.0,-28.64541832669323,-50.25,-25.649861878453038,-1.0497237569060773,-26.848084457749117,18,,
476080,"M eighty-three Co., Ltd.",엠83,KRX,Movies/Entertainment,무비/엔터테인먼트,4070,1309,32186843662.0,6.544502617801047,-34.14239482200647,-50.2669034390792,-66.39141205615194,-27.542341016327104,18,,
226400,"OSTEONIC Co., Ltd.",주식회사 오스테오닉,KRX,Medical specialties,의학 전문 분야,4020,4919,79843436127.0,-5.076741440377804,-37.86707882534776,-42.06188165866318,-46.25668449197861,-27.26782557134903,18,68.34070253182944,75.0
104620,"Yellow Balloon Tour Co., Ltd.",노랑풍선,KRX,Other consumer services,기타 소비자 서비스,3130,2535,52112713051.0,-9.53757225433526,-28.863636363636363,-39.863529327815044,-50.86342229199372,-27.73314649842313,18,,
308430,"Cellbion Co., Ltd",셀비온,KRX,Pharmaceuticals: major,의약품: 주요,14950,2177,189707183075.0,-13.131900058105753,-53.28125,-36.45245295698925,-19.623655913978496,-27.12423179743585,18,,
006920,"Mohenz Co., Ltd",모헨즈,KRX,Construction materials,건축 자재,3020,4708,30528770256.0,-35.744680851063826,-36.421052631578945,-22.173940949935815,-7.926829268292683,-27.60223691038702,18,-331.0333101429526,9.0
043610,KT GENIE MUSIC CORPORATION,케이티지니뮤직,KRX,Internet software/Services,인터넷 소프트웨어/서비스,1162,354,67646368149.0,-13.862120088954782,-31.647058823529413,-36.21088924866583,-40.774719673802245,-27.271381584781412,18,-132.80320489039278,16.0
448710,Cots Technology Co. Ltd.,코츠테크놀로지,KRX,Computer processing hardware,컴퓨터 프로세싱 하드웨어,10810,309,48811273184.0,-2.5247971145175834,-38.19325328759291,-42.98551553268534,-47.77777777777778,-26.801228165418237,18,16.583868204630388,54.0
071670,"A-Tech Solution Co., Ltd.",에이테크솔루션,KRX,Metal fabrication,금속 가공,4900,437,49050000000.0,-23.556942277691107,-41.10576923076923,-29.92270219415742,-18.739635157545607,-27.376398227570895,18,-453.47871460040693,7.0
402490,"Green Resource Co., Ltd.",그린리소스,KRX,Construction materials,건축 자재,7380,15725,120917448692.0,-20.302375809935207,-49.06832298136646,-31.476985294650557,-13.885647607934656,-27.007141500764423,18,-117.20370122387476,17.0
317450,"Myung in Pharm Co., Ltd.",명인제약보통주,KRX,Pharmaceuticals: other,의약품: 기타,42200,646,613200016022.0,-3.2110091743119265,-21.26865671641791,-43.02164054518725,-64.7746243739566,-27.097387996837124,18,,
200130,"KolmarBNH Co., Ltd.",콜마비앤에이치,KRX,Pharmaceuticals: other,의약품: 기타,7740,3829,211560157013.0,-6.295399515738499,-32.69565217391305,-41.65095308121306,-50.60625398851308,-27.50873165502324,18,-77.5746099999451,21.0
100130,"Dongkuk Structures & Construction Co., Ltd.",동국에스엔씨,KRX,Steel,스틸,1424,14912,80145093224.0,-8.306503541532518,-39.532908704883226,-39.532908704883226,-39.532908704883226,-27.04234663954294,18,-68.61647722378422,22.0
381620,"ZENIX ROBOTICS Co., Ltd",제닉스로보틱스,KRX,Other metals/Minerals,기타 금속/광물,6110,3408,78782142706.0,-7.283763277693475,-28.621495327102803,-40.34996334982591,-52.07843137254902,-27.123483320972937,18,-2503.5561723322107,2.0
219420,Linkgenesis Co. Ltd.,링크제니시스,KRX,Packaged software,패키지 소프트웨어,3170,302,36071495953.0,-14.555256064690028,-32.26495726495727,-35.82655129022242,-39.38814531548757,-27.318033200009467,18,,
348080,Quratis Inc.,주식회사 큐라티스,KRX,Biotechnology,바이오테크놀로지,3970,38766,52657926340.0,13.396172522136533,-54.94268527976393,-54.94268527976393,-54.94268527976393,-27.607142159003747,18,52.93957250793417,71.0
048870,Synergy Innovation Co. Ltd.,시너지이노베이션,KRX,Medical specialties,의학 전문 분야,1492,29090,130045879028.0,-12.235294117647058,-30.2803738317757,-37.51055728625822,-44.74074074074074,-27.40045201881376,18,,
032350,"Lotte Tour Development Co., Ltd.",롯데관광개발 보통주,KRX,Hotels/Resorts/Cruise lines,호텔/리조트/크루즈 라인,12240,43219,935179691162.0,-17.907444668008047,-32.41303147432358,-33.125434656080714,-33.83783783783784,-27.038238660851647,18,,
013810,Speco Ltd.,스페코,KRX,Electrical products,전기 제품,1530,4340,22584079107.0,-2.918781725888325,-43.22820037105751,-44.09611457401796,-44.96402877697842,-27.625181434766112,18,,
163280,"Airrane Co., Ltd.",에어레인,KRX,Industrial machinery,산업용 기계,3760,2900,49855280461.0,-3.0927835051546393,-36.59359190556492,-43.84946175252239,-51.10533159947985,-27.546790453575284,18,,
019990,Enertork Ltd.,에너토크,KRX,Industrial machinery,산업용 기계,5200,1779,49856662569.0,-5.454545454545454,-41.043083900226755,-41.07646833742935,-41.10985277463194,-26.827699184275794,18,,
137400,"People & Technology, Inc.",피엔티,KRX,Other metals/Minerals,기타 금속/광물,29200,11800,666855638027.0,-24.742268041237114,-40.59003051881994,-30.18512514951986,-19.78021978021978,-28.007982306206763,17,-29.54063435359381,31.0
057540,"Omnisystem Co., Ltd.",옴니시스템,KRX,Electronic equipment/Instruments,전자 장비/기기,602,175811,35722186356.0,-27.294685990338163,-28.24791418355185,-28.290623758442592,-28.333333333333332,-27.892248651200823,17,,
177350,"Vessel Co., Ltd. (South Korea)",베셀,KRX,Industrial machinery,산업용 기계,1496,4005,15061370373.0,-8.78048780487805,-32.85457809694793,-41.659077127944165,-50.4635761589404,-28.50764139871772,17,,
419540,"BISTOS Co., Ltd.",비스토스,KRX,Medical specialties,의학 전문 분야,3145,140,17954368508.0,-2.7820710973724885,-32.58306538049303,-45.32486602357985,-58.06666666666667,-28.30774805309691,17,-1629.5680218168948,3.0
011280,"Tailim Packaging Co., Ltd.",태림포장보통주,KRX,Containers/Packaging,컨테이너/패키징,1370,2892,94722627686.0,-22.598870056497177,-34.60620525059666,-31.476742792662346,-28.347280334728033,-27.92559369819628,17,227.0807034569065,89.0
039980,Polaris AI Corp.,폴라리스에이아이,KRX,Information technology services,정보 기술 서비스,5000,6185,67468561992.99999,4.712041884816754,-38.27160493827161,-49.94194450368475,-61.61228406909789,-28.080349948284148,17,-146.98680290578068,15.0
118000,"Metacare Co., Ltd.",메타케어보통주,KRX,Medical distributors,의료 유통업체,1276,698,28076741377.0,9.246575342465754,-46.833333333333336,-53.41666666666667,-60.0,-28.3513698630137,17,-232.91672272265623,11.0
434190,"Talos Co., Ltd.",탈로스,KRX,Electrical products,전기 제품,2600,30,19123680918.0,0.0,-43.044906900328584,-46.42592835363919,-49.80694980694981,-27.855557012183517,17,,
459100,"WiTs Co., Ltd.",위츠,KRX,Electrical products,전기 제품,3905,646,53393085465.0,-16.38115631691649,-32.672413793103445,-35.68471553077464,-38.69701726844584,-27.96329184523138,17,,
310200,"AniPlus, Inc.",애니플러스,KRX,Cable/Satellite TV,케이블/위성 티비,1907,25984,97463925442.0,-7.427184466019417,-31.15523465703971,-41.32549528946105,-51.4957559218824,-27.7661709600844,17,-49.078617567920574,26.0
001020,"PaperCorea, Inc.",페이퍼코리아보통주,KRX,Pulp & paper,펄프 및 제지,1951,1542,70714315681.0,-7.754137115839243,-36.34584013050571,-41.11328067551638,-45.88072122052704,-27.769623251645527,17,,
391710,Kornic Automation Co.Ltd.,코닉오토메이션,KRX,Packaged software,패키지 소프트웨어,1232,63615,52718112129.0,-7.576894223555889,-30.3954802259887,-41.27541001590697,-52.15533980582524,-27.796003698966537,17,-267.16738934359665,10.0
054620,APS Inc.,에이피에스,KRX,Semiconductors,세미컨덕터,3700,1059,57381063137.0,-10.194174757281553,-62.12896622313204,-40.27065731222754,-18.412348401323044,-28.24006429024915,17,,
005870,"Huneed Technologies Co., Ltd.",휴니드테크놀러지스보통주,KRX,Computer communications,컴퓨터 통신,4430,2010,57009085436.0,-1.7738359201773837,-44.763092269326684,-46.043852912309006,-47.32461355529132,-28.335846115456356,17,,
033230,"Insung Information Co., Ltd",인성정보,KRX,Information technology services,정보 기술 서비스,1031,23527,50257422745.0,-7.946428571428571,-35.279347143753924,-42.307978240181626,-49.336609336609335,-28.563358372680412,17,,
070960,MONA YONGPYONG CORPORATION,모나용평보통주,KRX,Hotels/Resorts/Cruise lines,호텔/리조트/크루즈 라인,2030,3401,97681429558.0,-11.353711790393014,-31.069609507640067,-40.15980475382003,-49.25,-28.63736756844923,17,-547.6063292932884,6.0
014940,"Oriental Precision & Engineering Co., Ltd",오리엔탈정공,KRX,Trucks/Construction/Farm machinery,트럭/건설/농기계,4540,19365,203596389885.0,-8.651911468812877,-28.050713153724246,-40.74330529481084,-53.43589743589744,-27.90674776441166,17,21.381571955987702,56.0
042660,"Hanwha Ocean Co., Ltd.",한화오션보통주,KRX,Trucks/Construction/Farm machinery,트럭/건설/농기계,80700,64399,24389216027832.0,-23.579545454545453,-35.645933014354064,-31.074332627395613,-26.502732240437158,-28.076417758255552,17,245.42384968444114,90.0
247540,"Ecopro BM Co., Ltd.",에코프로비엠,KRX,Electrical products,전기 제품,107000,38268,11200353813171.0,-29.82018083604003,-46.288118600256375,-27.479917706070054,-8.671716811883737,-28.41602295805805,17,,
008730,"Youlchon Chemical Co., Ltd.",율촌화학보통주,KRX,Containers/Packaging,컨테이너/패키징,14980,6024,368775988655.0,-6.081504702194358,-37.583333333333336,-43.69953936348409,-49.81574539363484,-28.652325498968196,17,,
131370,"RSUPPORT Co., Ltd.",알서포트,KRX,Information technology services,정보 기술 서비스,1457,5846,74884254112.0,0.691085003455425,-44.38931297709924,-47.37353212739119,-50.357751277683136,-28.147685275052545,17,-65.94975424831357,23.0
090410,DUKSHINEPC CO. LTD.,덕신이피씨,KRX,Building products,건축 자재,3470,659,31521314850.0,-2.390998593530239,-40.734415029888986,-45.581493229230205,-50.42857142857143,-28.30529537495022,17,-30.61379321680889,31.0
064480,Bridgetec Corp.,브리지텍,KRX,Packaged software,패키지 소프트웨어,2605,820,30540846558.0,-6.294964028776978,-38.63368669022379,-43.266843345111894,-47.9,-28.478091618577928,17,,
016880,"Woongjin Co., Ltd.",웅진보통주,KRX,Internet software/Services,인터넷 소프트웨어/서비스,1807,12585,142918706062.0,-2.3770934629929767,-32.32209737827716,-46.10555479346711,-59.88901220865705,-28.614170261277458,17,771.2336267212393,96.0
114090,"Grand Korea Leisure Co., Ltd.",그랜드코리아레저보통주,KRX,Casinos/Gaming,카지노/게임,8910,6676,548041244431.0,-18.331805682859763,-25.0,-34.58646616541353,-44.17293233082707,-28.084601972392022,17,13.286236340886589,52.0
199550,"Laseroptek Co., Ltd.",레이저옵텍,KRX,Medical specialties,의학 전문 분야,3245,1993,48317893167.0,-1.0670731707317074,-40.45871559633027,-45.93317202859134,-51.40762846085241,-27.98673248544749,17,-206.4433485642537,12.0
168360,PEMTRON Corporation,펨트론,KRX,Medical specialties,의학 전문 분야,14060,7698,316272821007.0,-26.61795407098121,-28.629441624365484,-29.252376672531867,-29.875311720698253,-28.198607631911607,17,,
092220,KEC Corporation,케이이씨 보통주,KRX,Semiconductors,세미컨덕터,3255,361004,127083073483.0,-9.70873786407767,-61.570247933884296,-41.66252781309599,-21.754807692307693,-28.881011833488664,16,-32.83656368763182,30.0
396690,"Mirae Asset Global REIT Co., Ltd.",미래에셋글로벌리츠보통주,KRX,Real estate investment trusts,부동산 투자 신탁,1420,16791,56319649200.0,-4.8894842598794375,-40.21052631578947,-44.657234484059614,-49.10394265232975,-28.750134394387544,16,-2149.0960030764227,2.0
464280,"TDSPharm Co., Ltd.",티디에스팜,KRX,Pharmaceuticals: major,의약품: 주요,5410,79,28769439087.0,-9.531772575250836,-35.976331360946745,-41.59792177803435,-47.21951219512195,-28.771462096920942,16,36.77997532998193,64.0
037230,"Hankuk Package Co., Ltd",한국팩키지,KRX,Containers/Packaging,컨테이너/패키징,1340,3822,40051637329.0,-8.219178082191782,-49.71857410881801,-43.10573255203934,-36.492890995260666,-29.15111076410032,16,31.20518352466894,61.0
458650,Sungwoo Co. Ltd.,성우,KRX,Electrical products,전기 제품,7580,982,113895718536.0,-14.831460674157304,-40.642129992169146,-38.65857543885817,-36.6750208855472,-29.127729532977824,16,,
235980,"MedPacto, Inc.",메드팩토,KRX,Pharmaceuticals: major,의약품: 주요,2900,13744,96141710987.0,-9.090909090909092,-49.65277777777778,-41.87184343434343,-34.09090909090909,-28.759469696969703,16,-18.468340359042255,36.0
282720,"KUMYANG GREEN POWER CO., LTD.",금양그린파워,KRX,Homebuilding,홈빌딩,7420,3039,88209040852.0,-4.871794871794871,-58.9828634604754,-45.73346994679821,-32.48407643312102,-29.388799916796877,16,,
230240,"HFR, Inc.",에치에프알,KRX,Telecommunications equipment,통신 장비,14070,33854,178992654114.0,-28.578680203045685,-52.62626262626262,-29.99976725783177,-7.373271889400922,-29.43133243591734,16,-267.30327643594865,10.0
217270,Neptune Co,넵튠,KRX,Packaged software,패키지 소프트웨어,2385,614,103694501476.0,3.470715835140998,-40.89219330855018,-51.21222568653316,-61.53225806451613,-29.339049077863493,16,-595.2689106439705,5.0
038530,KBIO LABS Inc.,케이바이오,KRX,Medical distributors,의료 유통업체,4030,932,20897510204.0,-6.712962962962963,-52.865497076023395,-44.70046507344477,-36.53543307086614,-29.50546422925205,16,-335.43625209117926,9.0
065370,"WISEiTech Co., Ltd.",위세아이텍,KRX,Packaged software,패키지 소프트웨어,2920,102,20377290368.0,1.2131715771230502,-41.424272818455364,-49.79523096510161,-58.16618911174785,-29.391869948211745,16,,
071970,"HD-Hyundai Marine Engine Co., Ltd.",에이치디현대마린엔진보통주,KRX,Trucks/Construction/Farm machinery,트럭/건설/농기계,49150,11014,1662152248383.0,-19.028006589785832,-31.354748603351954,-35.22508186053595,-39.09541511771995,-28.746251752235906,16,100.26720692765275,81.0
101930,"Inhwa Precision Co., Ltd",인화정공,KRX,Auto parts: OEM,자동차 부품: OEM,6360,184,289122371216.0,-15.425531914893616,-32.91139240506329,-37.65134837644469,-42.391304347826086,-28.761021791824263,16,-15.479279887180237,37.0
060560,"HC Homecenter Co., Ltd.",에이치씨홈센타,KRX,Engineering & construction,엔지니어링 및 건설,1936,1461,48305969187.0,-0.411522633744856,-52.19753086419753,-48.55964736666491,-44.92176386913229,-29.300397473496893,16,-664.3269061410699,5.0
033500,"DONGSUNG FINETEC Co., Ltd.",동성화인텍,KRX,Industrial specialties,산업 분야,16010,7062,476834734726.0,-12.561441835062807,-33.70600414078675,-40.735546931731065,-47.76508972267537,-29.46590489306376,16,98.30536086027294,80.0
068290,"Samsung Publishing Co., Ltd.",삼성출판사보통주,KRX,Office equipment/Supplies,사무용품/소모품,6130,173,61200000000.0,-3.0063291139240507,-30.65610859728507,-46.302604267605915,-61.94909993792675,-28.984094206133168,16,235.50416943754138,90.0
159580,"Zero to Seven, Inc.",제로투세븐,KRX,Household/Personal care,가정/개인 위생용품,2075,1545,41367394667.0,-1.6587677725118484,-41.71348314606742,-48.00431866554472,-54.29515418502203,-29.466098308331574,16,248.88201158521082,90.0
059270,"Haisung Aero-Robotics Co., Ltd.",해성에어로보틱스,KRX,Industrial machinery,산업용 기계,5210,4825,57166328125.0,-20.0920245398773,-47.9,-34.952994011976045,-22.005988023952096,-29.00860622313655,16,,
363260,Mobidays Inc.,모비데이즈,KRX,Packaged software,패키지 소프트웨어,4085,369,24210332329.0,8.211920529801324,-44.232081911262796,-53.24768067849514,-62.263279445727484,-28.663840195176558,16,,
078160,"MEDIPOST Co., Ltd.",메디포스트,KRX,Other transportation,기타 교통수단,9380,9414,350597848206.0,-1.780104712041885,-57.842696629213485,-47.16779381223708,-36.492890995260666,-29.012718172159,16,54.295046592814415,71.0
432430,YLAB Corporation,와이랩,KRX,Movies/Entertainment,무비/엔터테인먼트,2055,438,33924597301.0,-0.48426150121065376,-37.72727272727273,-48.91218005295676,-60.09708737864078,-29.541012632258315,16,15.268264920317876,53.0
200670,HUMEDIX Co.LTD.,휴메딕스,KRX,Pharmaceuticals: major,의약품: 주요,24500,1031,251242688179.0,-8.582089552238806,-28.675400291120816,-42.95899159407699,-57.24258289703316,-29.208230777341715,16,-24.937915220343363,33.0
208370,"SELVAS Healthcare, Inc.",셀바스헬스케어,KRX,Medical specialties,의학 전문 분야,2480,85098,60307722492.0,-14.776632302405499,-42.45939675174014,-38.72642183589628,-34.99344692005243,-29.14650602249997,16,-798.8800354605617,4.0
213420,DUK SAN NEOLUX CO.LTD,덕산네오룩스,KRX,Electrical products,전기 제품,29200,8977,712324502945.0,-10.429447852760736,-44.48669201520912,-41.31114261777405,-38.13559322033898,-28.958464711768727,16,75.11265551283282,76.0
281740,Lake Materials Co. Ltd.,레이크머티리얼즈,KRX,Semiconductors,세미컨덕터,10890,38371,700029898453.0,-27.928524156187954,-46.22222222222222,-30.371707657421943,-14.521193092621663,-29.39443425692835,16,50.69012095747398,70.0
453450,"Gridwiz Co., Ltd.",그리드위즈,KRX,Electric utilities,전력 회사,12750,3434,99760939713.0,-14.08355795148248,-41.913439635535305,-38.41460649464361,-34.915773353751916,-28.682187077379158,16,,
479960,Winners Elec Co. Ltd.,위너스,KRX,Electrical products,전기 제품,5990,564,42898519564.0,-4.769475357710652,-37.863070539419084,-45.53309776970954,-53.203125,-29.22764880490999,16,9.876215859789585,50.0
008970,KBI Dong Yang Steel Pipe,케이비아이동양철관보통주,KRX,Steel,스틸,1137,82599,117236198196.0,-10.260457774269929,-34.99142367066895,-43.66189064443377,-52.332357618198586,-30.301317496368235,15,-181.75963296374633,13.0
043340,"Essen Tech Co., Ltd.",에쎈테크,KRX,Industrial machinery,산업용 기계,651,4344,31777500000.0,-21.660649819494584,-39.83364140480592,-36.22116852848991,-32.608695652173914,-30.396961044891782,15,,
194700,"NOVAREX Co., Ltd.",노바렉스,KRX,Pharmaceuticals: other,의약품: 기타,10230,853,184373969650.0,-19.06645569620253,-24.33431952662722,-37.1549348244383,-49.97555012224939,-29.919543173144,15,26.923391363128577,59.0
018290,VT Co. Ltd.,브이티,KRX,Household/Personal care,가정/개인 위생용품,11230,9529,385156325073.0,-8.624898291293734,-27.548387096774192,-45.57322110106132,-63.59805510534846,-30.793891977154292,15,-69.77155319826073,22.0
053450,"SEKONIX Co., Ltd.",세코닉스,KRX,Electronic components,전자 부품,3090,2593,46005993600.0,-11.965811965811966,-39.173228346456696,-42.3379369245511,-45.5026455026455,-30.18908694105545,15,-971.8562319670774,4.0
016670,"DMOA Co., Ltd",디모아,KRX,Electronics distributors,전자 부품 유통업체,2495,1113,25673129654.0,0.8080808080808081,-38.31891223733004,-50.084532571264404,-61.850152905198776,-29.727487219526324,15,-31.324528153555597,31.0
173940,FNC ENTERTAINMENT CO.LTD.,에프엔씨엔터테인먼트,KRX,Movies/Entertainment,무비/엔터테인먼트,2025,1362,29930421009.0,-14.556962025316455,-45.855614973262036,-39.947351460572385,-34.039087947882734,-29.791195686470015,15,-667.8388845991766,5.0
032300,"KOREA PHARMA Co., Ltd.",한국파마,KRX,Pharmaceuticals: major,의약품: 주요,7290,276,78964515877.0,-13.007159904534607,-35.77092511013216,-42.01605162532868,-48.261178140525196,-30.41249493701105,15,,
029480,Kwangmu Co.Ltd.,광무,KRX,Major telecommunications,주요 통신사,1401,1577,80252979240.0,-10.249839846252403,-32.96650717703349,-43.55363002059531,-54.14075286415712,-30.23211395085815,15,,
054540,"Samyoung M-Tek Co., Ltd.",삼영엠텍,KRX,Metal fabrication,금속 가공,6630,2948,84890000000.0,-14.007782101167315,-38.894009216589865,-41.7989645749338,-44.70391993327773,-30.682491585427208,15,53.616705291212995,71.0
263720,"D&C Media Co., Ltd.",디앤씨미디어,KRX,Internet software/Services,인터넷 소프트웨어/서비스,6910,662,82873023720.0,-5.471956224350206,-41.191489361702125,-47.562411347517724,-53.93333333333333,-30.726229298250722,15,192.9257594884494,89.0
014160,"Daeyoung Packaging Co., Ltd.",대영포장보통주,KRX,Containers/Packaging,컨테이너/패키징,655,203761,67536560669.0,-12.666666666666666,-39.68692449355433,-42.665039010262646,-45.643153526970956,-30.665690072824255,15,,
004540,"KleanNara Co., Ltd.",깨끗한나라보통주,KRX,Pulp & paper,펄프 및 제지,1212,1437,46241923948.0,-14.346289752650177,-40.148148148148145,-40.29520429520429,-40.44226044226044,-29.91563847818265,15,12.044947800612682,51.0
086220,"Kwangdong Healthbio Co., Ltd.",광동헬스바이오,KRX,Food: major diversified,식품: 주요 다각화,900,1,11038367271.0,-17.431192660550458,-40.0,-39.55345060893099,-39.106901217861974,-30.704547429578778,15,,
0165X0,Meritz No. 2 Special Purpose Acquisition Co.,Meritz No. 2 Special Purpose Acquisition Co.,KRX,Financial conglomerates,금융지주회사,1935,17528,,-0.4117344312918168,-50.44814340588989,-50.44814340588989,-50.44814340588989,-30.43357981605066,15,,
451220,"IMT Co., Ltd.",아이엠티,KRX,Industrial machinery,산업용 기계,8340,2794,65516762695.0,-33.86201427438541,-31.470829909613805,-27.47853422086195,-23.486238532110093,-30.031926242271332,15,,
061250,"Hwail Pharmaceutical Co., Ltd.",화일약품,KRX,Pharmaceuticals: major,의약품: 주요,6440,961,38592657065.0,-17.961783439490446,-34.285714285714285,-39.40814568721545,-44.530577088716626,-30.829600788125454,15,305.4885454424423,92.0
065350,"Shinsung Delta Tech Co., Ltd.",신성델타테크,KRX,Electronic components,전자 부품,31800,12678,854935120869.0,-9.27246790299572,-43.81625441696113,-44.82124475532895,-45.826235093696766,-30.601734014395657,15,,
285800,"JINYOUNG CO., LTD",진영,KRX,Containers/Packaging,컨테이너/패키징,4265,20190,15938342578.0,9.07928388746803,-55.41035023523262,-55.944971035983656,-56.47959183673469,-29.935269066602984,15,77.41034418689854,76.0
006740,Blue Industrial Development,블루산업개발 보통주,KRX,Pulp & paper,펄프 및 제지,4800,83,27653557324.0,-7.514450867052023,-29.45326278659612,-45.04159202321932,-60.62992125984252,-30.030735560752404,15,32.60473573974563,63.0
335810,"Precision Biosensor, Inc.",프리시젼바이오,KRX,Medical specialties,의학 전문 분야,1484,721,32924260139.0,-6.313131313131313,-38.55072463768116,-45.71980676328502,-52.888888888888886,-29.957136583223537,15,46.27173708042357,68.0
002880,"DYA Co., Ltd",대유에이텍,KRX,Electronics/Appliances,일렉트로닉스/어플라이언스,3470,2301,32279825892.0,-26.6384778012685,-24.40087145969499,-32.33812936151703,-40.27538726333907,-30.05826873741762,15,,
310210,"Voronoi, Inc.",보로노이,KRX,Pharmaceuticals: major,의약품: 주요,142200,9164,2730368710899.0,-28.254288597376387,-55.0,-31.090078328981722,-7.180156657963447,-29.95576243633959,15,-108.8267309968305,18.0
043200,"Paru Co., Ltd.",파루,KRX,Electrical products,전기 제품,1239,16103,26175888597.0,-16.95710455764075,-35.53590010405827,-39.86254464662373,-44.189189189189186,-30.70036861103054,15,-14.194341317717672,38.0
088340,"Uracle Co., Ltd.",유라클,KRX,Packaged software,패키지 소프트웨어,6840,816,26372768922.0,-0.8695652173913043,-42.42424242424242,-49.78354978354979,-57.142857142857146,-30.217955957086396,15,-233.6639539631047,11.0
290660,Dynamic solution Co.Ltd.,네오펙트,KRX,Medical specialties,의학 전문 분야,1395,48484,60786961384.0,-27.381572097865696,-37.27517985611511,-32.30946492805755,-27.34375,-30.33830779598081,15,-130.40026943786867,16.0
376180,"Picogram Co., Ltd.",피코그램,KRX,Industrial machinery,산업용 기계,1395,3327,26074045303.0,2.8761061946902653,-49.27272727272727,-52.52859818469961,-55.78446909667195,-30.36671643294366,15,81.68927741631246,77.0
224810,"Eomji House Co., Ltd.",엄지하우스,KRX,Engineering & construction,엔지니어링 및 건설,1100,1,3912866362.0,-7.407407407407407,-38.51313583007266,-47.212479738683626,-55.91182364729459,-31.29045080617314,14,,
145020,"Hugel, Inc.",휴젤,KRX,Biotechnology,바이오테크놀로지,183000,10701,2058539405823.0,-32.22222222222222,-26.060606060606062,-31.960693522662964,-37.86078098471987,-32.06530500248667,14,14.412900744750909,53.0
034220,"LG Display Co., Ltd",LG디스플레이보통주,KRX,Electronic production equipment,전자 생산 장비,8520,670199,4245000000000.0,-29.059117402164862,-24.601769911504423,-32.10953130585852,-39.617292700212616,-30.889365744381056,14,,
042000,Cafe24 Corp.,카페24,KRX,Data processing services,데이터 처리 서비스,17710,101513,434582191200.0,-8.143153526970954,-33.794392523364486,-46.256170620656604,-58.717948717948715,-31.010963783182344,14,-5.692204544349595,42.0
019660,"Globon Co., Ltd.",글로본,KRX,Medical distributors,의료 유통업체,1508,579,21025505894.0,-21.905748316934233,-27.84688995215311,-38.05723571364088,-48.267581475128644,-31.596640754958223,14,,
243070,"HUONS CO., LTD",휴온스,KRX,Pharmaceuticals: major,의약품: 주요,19030,1193,219402732496.0,-28.592870544090058,-27.22753346080306,-32.720909587544384,-38.214285714285715,-31.069693970162653,14,-54.10382550858594,25.0
003520,YUNGJIN PHARM. CO. LTD,영진약품보통주,KRX,Pharmaceuticals: major,의약품: 주요,1049,64069,186916090088.0,-12.583333333333334,-39.43418013856813,-43.2805981338002,-47.127016129032256,-31.001692213613453,14,-2521.8073995042573,2.0
058970,"EMRO., Incorporated",엠로,KRX,Miscellaneous commercial services,기타 상업 서비스,16530,1430,200524517422.0,-5.217889908256881,-40.0,-50.13221153846154,-60.26442307692308,-32.16648288637968,14,-151.30567630158268,14.0
417180,Finger Story Co. Ltd.,핑거스토리,KRX,Publishing: books/magazines,출판: 도서/잡지,4095,140,22915959363.0,3.1486146095717884,-45.869134170522145,-55.509035170367454,-65.14893617021276,-32.045975258391756,14,-49.780367502067016,26.0
086900,Medy-Tox Inc.,메디톡스,KRX,Biotechnology,바이오테크놀로지,68000,712,443407823277.0,-17.8743961352657,-34.55245428296439,-39.65640585797286,-44.760357432981316,-30.943601968889997,14,-34.90281979343735,30.0
104200,NHN BUGS Corp,엔에이치엔벅스,KRX,Internet software/Services,인터넷 소프트웨어/서비스,2185,10098,29136838198.0,-24.131944444444443,-42.11920529801324,-37.23607323724191,-32.35294117647059,-31.99442172012293,14,,
138610,"NIBEC Co., Ltd.",나이벡,KRX,Medical specialties,의학 전문 분야,15570,6068,173699878311.0,-11.784702549575071,-42.54612546125461,-45.323062730627306,-48.1,-31.907718658206417,14,,
175140,AGOS Co. Ltd.,휴먼테크놀로지,KRX,Telecommunications equipment,통신 장비,2350,2687,57621226559.0,-5.05050505050505,-41.10275689223057,-48.17042606516291,-55.23809523809524,-30.922457659299766,14,43.08341521413531,66.0
297570,ATLAS LINK Inc.,알로이스,KRX,Electronics/Appliances,일렉트로닉스/어플라이언스,3870,700,28354774976.0,-31.016042780748663,-49.078947368421055,-31.250883080183684,-13.422818791946309,-31.156946960409677,14,,
252500,"Sewha P&C, Inc.",세화피앤씨,KRX,Financial conglomerates,금융지주회사,2280,3889,19000767546.0,-9.702970297029703,-43.0,-46.25083056478405,-49.501661129568106,-31.631686457682314,14,-285.11544110917436,10.0
424960,"Smart Radar System, Inc.",스마트레이더시스템,KRX,Aerospace & defense,항공우주 및 방위산업,3890,402,63220394278.0,-7.380952380952381,-40.33742331288344,-48.290196470839916,-56.2429696287964,-31.926498834884903,14,-141.58407898631933,15.0
382840,ONEJOON Co. Ltd.,원준,KRX,Industrial machinery,산업용 기계,4995,2459,74959104023.0,-15.195246179966045,-41.91860465116279,-42.28536432328518,-42.65212399540758,-31.44931706595753,14,-403.6594530220058,7.0
013890,Zinus Inc,지누스보통주,KRX,Wholesale distributors,도매 유통업체,7260,1239,158522358894.0,-15.972222222222221,-29.99035679845709,-41.87415929094829,-53.75796178343949,-31.513384463457868,14,-323.30417882103893,9.0
357880,SKAI worldwide Co. Ltd.,스카이월드와이드,KRX,Packaged software,패키지 소프트웨어,1945,59073,104996684586.0,-36.644951140065146,-41.76646706586826,-28.508505864088814,-15.250544662309368,-31.76308397447935,14,-206.1657843041129,12.0
217880,"TILON Co., Ltd.",틸론,KRX,Packaged software,패키지 소프트웨어,1050,2041,11006197741.0,-4.45859872611465,-44.707740916271725,-50.524348628614035,-56.34095634095634,-32.09804866761428,14,,
440320,Openknowl Co. Ltd.,주식회사 오픈놀,KRX,Miscellaneous commercial services,기타 상업 서비스,2100,756,21706499004.0,-9.67741935483871,-37.125748502994014,-45.384066304477145,-53.64238410596027,-31.10140752462177,14,-418.17368370809174,7.0
253450,Studio Dragon Corp.,스튜디오드래곤 주식회사,KRX,Movies/Entertainment,무비/엔터테인먼트,20500,2425,611690442085.0,-5.747126436781609,-43.83561643835616,-49.51343663447862,-55.19125683060109,-32.00691255539982,14,,
255220,"SG CO., LTD.",에스지이,KRX,Construction materials,건축 자재,1208,438106,167398190369.0,-11.280007732505506,-50.25108581741234,-44.1757575877415,-38.100429358070656,-31.017457645647106,14,-15.797120157748907,37.0
382150,"Oncocross Co., Ltd.",온코크로스,KRX,Pharmaceuticals: major,의약품: 주요,3860,44892,47358262625.0,4.0431266846361185,-47.696476964769644,-54.509561127675404,-61.322645290581164,-31.0884860027508,14,-22.102220178861312,34.0
003030,SeAH Steel Holdings Corporation,세아제강지주보통주,KRX,Steel,스틸,102300,669,408086567402.0,-14.033613445378151,-48.97755610972568,-42.156287536531615,-35.335018963337546,-30.907217900070233,14,-287.47148588636014,10.0
336570,"WON TECH CO.,Ltd.",원텍,KRX,Medical specialties,의학 전문 분야,4875,24684,432546327782.0,-18.47826086956522,-30.157593123209168,-40.20634758201275,-50.255102040816325,-31.515112897033738,14,36.853512015138314,65.0
477850,"MakinaRocks Co., Ltd.","MakinaRocks Co., Ltd.",KRX,Packaged software,패키지 소프트웨어,21450,36259,374624929600.0,17.149098853085746,-64.25,-64.25,-64.25,-31.690360458765706,14,,
466100,"CLOBOT Co., Ltd.",클로봇,KRX,Industrial machinery,산업용 기계,23000,32751,713483687782.0,-25.391257692398543,-51.719392403331454,-38.26659152500276,-24.813790646674068,-33.11645799196108,13,-13.791318381962643,39.0
106190,"High Tech Pharm. Co., Ltd.",하이텍팜,KRX,Pharmaceuticals: major,의약품: 주요,10020,1039,105050067482.0,-23.27718223583461,-53.824884792626726,-38.92912169881526,-24.03335860500379,-32.668345913623,13,62.85760980475251,74.0
131100,TN entertainment Co. Ltd.,티엔엔터테인먼트,KRX,Chemicals: specialty,화학: 특수,3440,566945,20107167206.0,-7.651006711409396,-44.336569579288025,-50.14523741448396,-55.9539052496799,-33.147545133254134,13,-6269.209414213289,2.0
260930,CTK Co. Ltd,씨티케이,KRX,Household/Personal care,가정/개인 위생용품,2300,351,43340712738.0,-4.564315352697095,-43.696450428396574,-50.824459217854596,-57.95246800731262,-32.3204016717916,13,-344.0892401493723,8.0
352820,"HYBE Co., Ltd.",하이브보통주,KRX,Miscellaneous commercial services,기타 상업 서비스,160600,31065,6741121765137.0,-17.216494845360824,-47.51633986928105,-44.34425052072111,-41.172161172161175,-33.49314825057699,13,-529.0634724332185,6.0
024940,"PN Poongnyun Co., Ltd.",피엔풍년,KRX,Home furnishings,가정용 가구,2040,3421,18703372669.0,-5.336426914153132,-47.422680412371136,-52.169629540926856,-56.916578669482575,-33.43634849021737,13,33.395903522381545,63.0
347850,"D&D Pharmatech Co., Ltd.",디앤디파마텍,KRX,Pharmaceuticals: major,의약품: 주요,45050,95749,2046830415726.0,-50.76502732240437,-36.81626928471248,-19.862876021666587,-2.9094827586206895,-32.2237365419617,13,-1.27890510720556,44.0
473980,Knowmerce Corp.,노머스,KRX,Movies/Entertainment,무비/엔터테인먼트,10180,438,110351109524.0,0.2955665024630542,-40.951276102088165,-55.679126423137106,-70.40697674418605,-33.289249252897044,13,,
191420,Tego Science. Inc.,테고사이언스,KRX,Pharmaceuticals: major,의약품: 주요,7180,31,57567209883.0,-4.266666666666667,-45.85218702865762,-52.92609351432881,-60.0,-33.46232277526396,13,-921.3022735446297,4.0
095720,"Woongjin Thinkbig Co., Ltd",웅진씽크빅 보통주,KRX,Publishing: books/magazines,출판: 도서/잡지,1226,911,66425151901.00001,-0.3252032520325203,-45.02242152466368,-53.76503339230126,-62.50764525993884,-32.38910133619377,13,,
358570,"GI Innovation, Inc.",지아이이노베이션,KRX,Biotechnology,바이오테크놀로지,8910,50969,572256977386.0,-19.36651583710407,-31.1969111969112,-41.200865237009815,-51.204819277108435,-32.467125477047524,13,1.9982247072941224,46.0
429270,"Sigetronics, Inc.",시지트로닉스,KRX,Electronic production equipment,전자 생산 장비,3185,30029,20863262763.0,-22.031823745410037,-30.911062906724514,-39.00305091198966,-47.09503891725481,-32.214560045357814,13,3.813668151087599,47.0
475960,"TOMOCUBE, Inc.",토모큐브,KRX,Medical specialties,의학 전문 분야,30750,44645,375311429214.0,-17.338709677419356,-45.089285714285715,-42.45658023483366,-39.8238747553816,-32.40943201186794,13,,
010780,"IS Dongseo Co., Ltd.",아이에스동서보통주,KRX,Engineering & construction,엔지니어링 및 건설,14960,2692,437979817505.0,-34.52954048140044,-43.7593984962406,-31.18329010775033,-18.607181719260065,-32.52179025721038,13,,
064800,PonyLink Co. Ltd.,포니링크,KRX,Apparel/Footwear retail,의류/신발 소매업,2055,16091,52184350662.0,-8.053691275167786,-42.597765363128495,-49.84794322436174,-57.09812108559499,-33.130242444684164,13,,
072770,MemRAY BT Co. LTD.,멤레이비티,KRX,Electronics distributors,전자 부품 유통업체,772,14515,31590705364.0,0.651890482398957,-47.26775956284153,-55.845861348241044,-64.42396313364056,-33.246760615985046,13,14.998624840295722,53.0
098070,"Hantech, Ltd.",한텍,KRX,Industrial machinery,산업용 기계,24000,10431,265795257472.99997,-10.280373831775702,-50.97037793667007,-48.63955138444241,-46.308724832214764,-33.29588036337573,13,-9.166405148043191,41.0
457550,"Woojin Ntec, Inc.",우진엔텍,KRX,Miscellaneous commercial services,기타 상업 서비스,14000,5402,128135676384.0,-19.168591224018474,-44.554455445544555,-43.04967031149879,-41.544885177453025,-33.49723867650666,13,-1.464414911040552,44.0
077970,"STX Engine Co., Ltd.",STX엔진보통주,KRX,Trucks/Construction/Farm machinery,트럭/건설/농기계,22150,12963,881045940971.0,-26.289517470881865,-30.78125,-37.56399183417085,-44.346733668341706,-33.05420208885526,13,42.274975123127,66.0
052220,"IMBC Co., Ltd",아이엠비씨,KRX,Broadcasting,브로드캐스팅,1662,3913,38019000000.0,-12.755905511811024,-43.66101694915254,-47.17175476537746,-50.682492581602375,-33.40541506395088,13,,
109960,APTOCROM Inc.,앱토크롬,KRX,Medical distributors,의료 유통업체,1872,581,28051891891.0,4.873949579831932,-42.926829268292686,-57.36702909197767,-71.80722891566265,-32.47063762325383,13,,
274400,"INNOSIMULATION Co., Ltd.",이노시뮬레이션,KRX,Electronic equipment/Instruments,전자 장비/기기,2090,883,19399663606.0,-9.719222462203025,-43.28358208955224,-48.15864497736039,-53.03370786516854,-32.78287597129744,13,-23.023251793884164,34.0
439260,"DAEHAN SHIPBUILDING Co., Ltd.",대한조선보통주,KRX,Trucks/Construction/Farm machinery,트럭/건설/농기계,45850,2936,1733037208557.0,-15.561694290976058,-48.36711711711712,-45.419443125685284,-42.47176913425345,-33.476343591801594,13,,
478340,"Nara Space Technology, Inc.",나라스페이스테크놀로지,KRX,Data processing services,데이터 처리 서비스,15450,743488,164751795359.0,7.515657620041754,-65.00566251415628,-59.782243021784026,-54.55882352941177,-32.86308276505372,13,-156.17805874471932,14.0
484590,Samyang Comtech Co. Ltd.,삼양컴텍,KRX,Aerospace & defense,항공우주 및 방위산업,6860,24470,273225278319.99997,-3.9215686274509802,-42.304457527333895,-53.09959718471958,-63.89473684210526,-33.42838576181214,13,37.998127498445484,65.0
008830,"DAEDONG GEAR Co., Ltd.",대동기어,KRX,Auto parts: OEM,자동차 부품: OEM,6260,33654,119503332214.0,-24.578237831249883,-47.39734577401783,-39.264698574616574,-31.132051375215323,-33.3901142772699,13,,
160550,"Next Entertainment World Co., Ltd.",넥스트엔터테인먼트월드,KRX,Financial conglomerates,금융지주회사,1032,5696,29161879768.0,-9.473684210526315,-41.6289592760181,-50.09158807174399,-58.55421686746988,-33.84442652725692,12,,
299030,"HANA Technology Co., Ltd.",하나기술,KRX,Electronic production equipment,전자 생산 장비,13460,3286,106492204399.0,-11.447368421052632,-50.148148148148145,-49.484720461906775,-48.8212927756654,-34.26977964556512,12,53.29237343965476,71.0
051780,"CUROHOLDINGS Co., Ltd.",큐로홀딩스,KRX,Movies/Entertainment,무비/엔터테인먼트,2475,8770,18848810410.0,-16.80672268907563,-29.587482219061165,-45.76991328478039,-61.952344350499615,-34.18463704649849,12,18.10250228824681,54.0
099430,BioPlus Co. Ltd.,바이오플러스,KRX,Medical specialties,의학 전문 분야,3350,19346,197138884563.0,-22.722029988465973,-33.53174603174603,-42.13352007469655,-50.73529411764706,-34.36892404020432,12,190.92424277313103,88.0
037270,"YG PLUS, INC.",와이지플러스보통주,KRX,Advertising/Marketing services,광고/마케팅 서비스,3105,7494,196082375183.0,-9.077598828696924,-40.40307101727447,-50.449627111690674,-60.49618320610687,-33.90081579849317,12,354.96438876547177,92.0
0126Z0,"Samsung Epis Holdings Co., Ltd.",삼성에피스홀딩스보통주,KRX,Pharmaceuticals: major,의약품: 주요,338000,4325,8196188564301.0,-27.623126338329765,-33.72549019607843,-39.20317062995411,-44.680851063829785,-34.571152913304374,12,,
103230,S & W Corporation,에스앤더블류,KRX,Trucks/Construction/Farm machinery,트럭/건설/농기계,2090,3720,15407999592.0,-11.063829787234043,-43.741588156123825,-48.853172932687464,-53.9647577092511,-33.7374356745061,12,-46.96975609194818,27.0
0001A0,Deokyang Energen Corporation,Deokyang Energen Corporation,KRX,Chemicals: specialty,화학: 특수,8520,5966,213574952240.0,-4.269662921348314,-49.88235294117647,-54.70364677937683,-59.524940617577194,-34.53005323616543,12,,
006890,TAEKYUNG CHEMICAL CO. LTD,태경케미컬보통주,KRX,Chemicals: major diversified,화학: 주요 복합,4920,1789,55989463520.0,-13.986013986013987,-48.481675392670155,-47.90250793188112,-47.323340471092074,-34.33591035353427,12,-49.58515191409026,26.0
093510,"NGVI, Inc.",엔지브이아이,KRX,Auto parts: OEM,자동차 부품: OEM,490,1,2949799991.0,-19.00826446280992,-19.934640522875817,-44.71202760888498,-69.48941469489415,-34.43052235045496,12,,
0011A0,"AXBIS Co., Ltd.","AXBIS Co., Ltd.",KRX,Packaged software,패키지 소프트웨어,12320,28503,113404943848.0,11.594202898550725,-55.44303797468354,-64.33021463951569,-73.21739130434783,-33.960447624289124,12,,
241590,"HWASEUNG ENTERPRISE Co., Ltd.",화승엔터프라이즈보통주,KRX,Apparel/Footwear,어패럴/풋웨어,2675,2997,163591053772.0,-12.581699346405228,-41.53005464480874,-49.46725662176743,-57.404458598726116,-34.71303371162255,12,-100.07175398974314,19.0
389260,Dae Myoung Energy Co. Ltd.,대명에너지,KRX,Alternative power generation,대체 전력 생산,13270,26324,229866444817.0,-21.43280047365305,-41.1529933481153,-42.342454120866165,-43.53191489361702,-33.97859266198092,12,,
290650,"L&C BIO Co., Ltd.",엘앤씨바이오,KRX,Medical specialties,의학 전문 분야,46550,9334,1444117187500.0,-48.244408688064816,-31.726666780000404,-25.210715214240302,-18.694763648480205,-34.42419260377011,12,-143.31559865691,15.0
357550,"Sukgyung AT Co., Ltd.",석경에이티,KRX,Chemicals: specialty,화학: 특수,30700,364,166262963963.0,-23.25,-41.523809523809526,-41.412000364199216,-41.30019120458891,-34.14720021851953,12,585.3478608183822,95.0
317690,"QuantaMatrix, Inc.",퀀타매트릭스,KRX,Electronic components,전자 부품,2235,7472,44095713158.0,-19.892473118279568,-40.4,-43.59285714285714,-46.785714285714285,-34.11270353302612,12,34.19643042518541,63.0
013720,"Cheongbo Co., Ltd.",더큐브앤,KRX,Auto parts: OEM,자동차 부품: OEM,2215,664,27306057830.0,-6.7368421052631575,-49.371428571428574,-52.15265223078041,-54.93387589013225,-33.98632818057351,12,-96.92180848688656,19.0
359090,C&R Research Inc.,씨엔알리서치,KRX,Financial conglomerates,금융지주회사,2225,4898,26838604584.0,-10.642570281124499,-43.742098609355246,-49.16696767202456,-54.59183673469388,-33.75720871566454,12,-48.12051893040521,26.0
322780,"COPUS KOREA Co., Ltd.",코퍼스코리아,KRX,Movies/Entertainment,무비/엔터테인먼트,1800,3525,26640300751.0,-14.081145584725537,-24.210526315789473,-48.38575096277279,-72.5609756097561,-34.66390881155389,12,73.53494485220821,76.0
438700,"VIRNECT Co., Ltd.",버넥트,KRX,Packaged software,패키지 소프트웨어,1846,4900,20551176849.0,-15.707762557077626,-37.42372881355932,-47.321366144902484,-57.21900347624565,-34.675924709772545,12,27.97142599100838,60.0
405000,Plasmapp Co. Ltd.,플라즈맵,KRX,Biotechnology,바이오테크놀로지,3605,2168,19936557901.0,-5.131578947368421,-50.88555858310627,-54.360907946523895,-57.83625730994152,-34.66917634686171,12,-10.360349919818683,40.0
450080,Ecopro Materials Co Ltd.,에코프로머티보통주,KRX,Chemicals: specialty,화학: 특수,35550,37625,2474944604874.0,-27.374872318692542,-49.50284090909091,-39.201420454545456,-28.9,-34.470801200204285,12,,
109740,"DSK Co., Ltd",디에스케이,KRX,Computer peripherals,컴퓨터 주변기기,4072,1510,102054799986.0,-31.563025210084035,-26.762589928057555,-35.86778145051527,-44.972972972972975,-34.14587895434278,12,-7.95137098554088,41.0
047560,ESTsoft Corp.,이스트소프트,KRX,Packaged software,패키지 소프트웨어,7580,4832,77782425175.0,-7.107843137254902,-40.07905138339921,-52.53375201964418,-64.98845265588915,-34.36338846668847,12,-15.833495372716838,37.0
444530,"Simplatform Co., Ltd.",심플랫폼,KRX,Packaged software,패키지 소프트웨어,4675,1123,30132917693.0,-14.220183486238533,-38.48684210526316,-48.27929549209346,-58.07174887892376,-34.65565068975149,12,8.211511579798207,49.0
107600,"SebitChem Co., Ltd.",새빗켐,KRX,Chemicals: specialty,화학: 특수,13350,1927,73224699554.0,-11.0,-47.8515625,-48.78453831214689,-49.717514124293785,-33.67072298728814,12,,
303030,"Zinitix Co., Ltd.",지니틱스,KRX,Semiconductors,세미컨덕터,1432,1142,13173061981.0,15.112540192926046,-65.86412395709178,-67.00325218989184,-68.14238042269189,-34.15693523676468,12,-334.4261217455379,9.0
249420,"Ildong Pharmaceutical Co., Ltd.",일동제약보통주,KRX,Pharmaceuticals: major,의약품: 주요,14150,31639,437624692078.0,-19.189034837235866,-50.95320623916811,-47.839884369584055,-44.7265625,-36.37954455664478,11,,
179530,"Adbiotech Co., Ltd.",애드바이오텍,KRX,Biotechnology,바이오테크놀로지,1785,23838,51663143166.0,-23.060344827586206,-31.60919540229885,-43.63068465767117,-55.65217391304348,-35.40254872563718,11,81.19484195634061,77.0
0015S0,"Fescaro Co., Ltd.",페스카로,KRX,Miscellaneous commercial services,기타 상업 서비스,8110,14235,78243174372.0,7.417218543046357,-44.06896551724138,-63.02337164750958,-81.97777777777777,-34.84713557128721,11,,
0132G0,Kyobo 20 Special Purpose Acquisition Co.,Kyobo 20 Special Purpose Acquisition Co.,KRX,Financial conglomerates,금융지주회사,1990,4684,11880299582.0,-0.10040160642570281,-59.38775510204081,-59.38775510204081,-59.38775510204081,-35.67281370379477,11,,
0131D0,Kiwoom Hero No. 2 Special Purpose Acquisition Co.,Kiwoom Hero No. 2 Special Purpose Acquisition Co.,KRX,Financial conglomerates,금융지주회사,1962,11,12380219888.0,-0.6582278481012658,-59.03966597077244,-59.03966597077244,-59.03966597077244,-35.68709072170397,11,,
234030,"Synic Solution Co., Ltd",싸이닉솔루션,KRX,Semiconductors,세미컨덕터,3410,5823,79902923450.0,-6.575342465753424,-46.88473520249221,-55.494999180193474,-64.10526315789474,-35.927136494417454,11,,
042040,"KPM Tech Co., Ltd.",케이피엠테크,KRX,Industrial conglomerates,산업 복합 기업,5220,879,44308013239.0,21.536670547147846,-66.9620253164557,-72.60601265822785,-78.25,-34.94893937607757,11,-85.46977648167562,20.0
340360,Davolink Inc.,다보링크,KRX,Computer communications,컴퓨터 통신,916,2772,48925897572.0,-22.372881355932204,-45.411203814064365,-43.15721481025799,-40.903225806451616,-34.843481428527674,11,3.528128311258336,47.0
079000,"Watos Corea Co., Ltd.",와토스 코리아,KRX,Building products,건축 자재,3755,1614,24268916607.0,-25.790513833992094,-47.40896358543417,-42.09673768497298,-36.784511784511785,-35.57424814458063,11,-151.03518164008045,14.0
216400,INVITES BIOCORE CO. LTD,인바이츠바이오코아,KRX,Miscellaneous commercial services,기타 상업 서비스,1492,2,11096658943.0,-0.5333333333333333,-63.56532356532357,-58.32354228580644,-53.081761006289305,-35.2074587048172,11,,
253610,"RootLoc Co., Ltd.",루트락,KRX,Medical specialties,의학 전문 분야,725,1,6616455760.0,-32.870370370370374,-37.28373702422145,-37.44565508698164,-37.607573149741825,-35.615541200337134,11,,
0013V0,Samjin Food Co. Ltd.,삼진식품,KRX,Food: meat/fish/dairy,식품: 육류/어류/유제품,4935,2586,48403042984.0,-4.174757281553398,-35.490196078431374,-56.96998886891001,-78.44978165938865,-35.851896233967366,11,50.8209684982659,70.0
373110,"Xcell Therapeutics, Inc.",엑셀세라퓨틱스,KRX,Biotechnology,바이오테크놀로지,1018,5951,17277101051.0,-19.525691699604742,-29.55017301038062,-44.86189923830664,-60.17362546623266,-34.72741622282588,11,11.612616360007403,51.0
0009K0,Aimed Bio Inc.,에임드바이오,KRX,Miscellaneous commercial services,기타 상업 서비스,22500,20805,1390842935181.0,-12.45136186770428,-54.45344129554656,-51.658538829591464,-48.86363636363637,-35.975668044836596,11,,
011330,"Uni Chem Co., Ltd.",유니켐보통주,KRX,Textiles,텍스타일,4115,9042,40876636963.0,-2.833530106257379,-41.713881019830026,-57.47917718091632,-73.2444733420026,-35.620918351052744,11,-1027.4621800160473,4.0
128540,ECOCAB CO. LTD,에코캡,KRX,Electrical products,전기 제품,1069,52103,27732837795.0,-25.453277545327754,-40.345982142857146,-41.86260971549637,-43.37923728813559,-35.29887684742893,11,,
057680,"T Scientific Co., Ltd.",티사이언티픽,KRX,Major telecommunications,주요 통신사,1767,2000,28427237320.0,-4.64112250404749,-41.970443349753694,-56.14894963457458,-70.32745591939546,-35.54581878236374,11,-76.95830708425922,21.0
900250,"China Crystal New Material Holdings Co., Ltd.",차이나크리스탈신소재홀딩스,KRX,Other metals/Minerals,기타 금속/광물,1239,8561,43515223331.0,-9.89090909090909,-44.58855098389982,-53.612128326690566,-62.635705669481304,-36.12364063237798,11,,
221800,ZGOO Holdings Co. Ltd.,유투바이오,KRX,Medical/Nursing services,의료/간호 서비스,3780,2421,59155836582.0,-41.935483870967744,-80.71428571428571,-31.294642857142854,18.125,-35.55097926267281,11,-4145.838159648562,2.0
039840,DIO Corporation,디오,KRX,Medical specialties,의학 전문 분야,9480,10565,119803346939.0,-24.761904761904763,-42.58025439127801,-44.08002386613269,-45.57979334098737,-36.35277622444153,11,,
044340,Winix Inc.,위닉스,KRX,Electronics/Appliances,일렉트로닉스/어플라이언스,2765,9693,43076536465.0,-20.65997130559541,-42.275574112734866,-46.49429329522661,-50.71301247771836,-36.16056449937413,11,-3239.3409582141717,2.0
085660,"CHA Biotech Co., Ltd.",차바이오텍,KRX,Electronic components,전자 부품,8220,41628,740063862000.0,-28.209606986899562,-54.85996705107084,-41.026086271328154,-27.192205491585472,-35.89949455755672,11,,
058110,"MEKICS Co., Ltd.",멕아이씨에스,KRX,Medical specialties,의학 전문 분야,1501,988,23199802385.0,-23.065094823167605,-59.86631016042781,-42.59484662250246,-25.323383084577113,-34.78294590276852,11,,
452160,"jnb Co., Ltd.",제이엔비,KRX,Semiconductors,세미컨덕터,3010,440,28802008448.0,-8.649468892261002,-43.947858472998135,-53.530301785518674,-63.11274509803921,-35.57796862821561,11,-143.26604305574136,15.0
033830,TBC,티비씨,KRX,Broadcasting,브로드캐스팅,1689,70,22476328987.0,-17.609756097560975,-43.7,-47.12086383601757,-50.54172767203514,-35.31642074063493,11,-23.137695917651758,34.0
101000,"KS Industry Co., Ltd.",케이에스인더스트리,KRX,Trucks/Construction/Farm machinery,트럭/건설/농기계,1514,52002,13069324012.0,0.3978779840848806,-62.81925343811395,-60.33501647406811,-57.85077951002227,-36.04185869080692,11,,
004060,SG Corporation,에스지세계물산보통주,KRX,Apparel/Footwear,어패럴/풋웨어,2125,5203,34141693926.0,-17.153996101364523,-59.60076045627376,-46.80348581819899,-34.006211180124225,-34.94368993146521,11,380.34354666680764,93.0
475660,"S-CHEM Co.,Ltd.",에스켐,KRX,Industrial specialties,산업 분야,3090,1666,24622137187.0,-14.166666666666666,-41.587901701323254,-51.79026081376126,-61.99261992619926,-36.740823154923426,10,,
096630,"S Connect Co., Ltd.",에스코넥,KRX,Industrial machinery,산업용 기계,1745,2927,25871934524.0,-16.904761904761905,-54.25950196592398,-49.90666205940505,-45.55382215288611,-36.7059019975478,10,,
298060,"POONGJEON PHARMACY CO., LTD.",에스씨엠생명과학,KRX,Biotechnology,바이오테크놀로지,2405,77,23512130089.0,-16.782006920415224,-43.00947867298578,-50.05068046048932,-57.091882247992864,-36.743211044459684,10,-35624.11973160245,1.0
025320,"Synopex, Inc.",시노펙스,KRX,Electronic components,전자 부품,3830,25551,349462103882.0,-32.80701754385965,-35.304054054054056,-39.45073655364679,-43.597419053239534,-36.79324894973194,10,-131.88352712068237,16.0
348210,NEXTIN Inc.,넥스틴,KRX,Electronic equipment/Instruments,전자 장비/기기,34050,7812,342912446690.0,-30.86294416243655,-49.02694610778443,-40.15423995601129,-31.281533804238144,-36.437721638581394,10,,
490470,SemiFive Inc.,세미파이브,KRX,Packaged software,패키지 소프트웨어,16550,77465,551552385902.0,-23.556581986143186,-31.041666666666668,-45.676708633093526,-60.31175059952039,-36.82865797431339,10,-15.19289519063183,38.0
447690,"AIOBIO Co., Ltd",아이오바이오,KRX,Medical specialties,의학 전문 분야,2000,121,5600967120.0,-30.67590987868284,-36.608557844690964,-40.5265011445677,-44.44444444444444,-36.58626463821376,10,,
365330,"SY STEEL TECH Co., Ltd.",에스와이스틸텍,KRX,Building products,건축 자재,1579,27311,79922405285.0,-14.64864864864865,-53.965014577259474,-52.463873748257065,-50.962732919254655,-37.3377837084137,10,-653.8040847945709,5.0
370090,Furonteer Inc.,퓨런티어,KRX,Medical specialties,의학 전문 분야,6160,1303,51597687349.0,-14.79944674965422,-49.549549549549546,-51.77253429680614,-53.99551904406273,-36.98329927794538,10,-1875.3323719156942,3.0
017960,"Hankuk Carbon Co., Ltd",한국카본보통주,KRX,Industrial specialties,산업 분야,20400,8749,1015249551773.0,-26.486486486486488,-49.81549815498155,-43.426267596009296,-37.03703703703704,-36.65035515220018,10,105.78373999732543,82.0
019680,"Daekyo Co., Ltd",대교보통주,KRX,Other consumer services,기타 소비자 서비스,1634,3094,41105103939.0,-11.675675675675675,-48.29113924050633,-55.0567845735242,-61.822429906542055,-37.704341014384795,10,-1245.6406996100693,3.0
208640,"ThumbAge Co., Ltd.",썸에이지,KRX,Packaged software,패키지 소프트웨어,917,267566,18999300837.0,5.402298850574713,-53.214285714285715,-65.79346361185983,-78.37264150943396,-37.31515862688602,10,21.88900518761516,57.0
035900,JYP Entertainment Corp,제이와이피엔터테인먼트,KRX,Movies/Entertainment,무비/엔터테인먼트,37900,17618,1249116379166.0,-27.2552783109405,-39.7456279809221,-44.57241345641566,-49.39919893190921,-37.64555939822559,10,-18.082874135548103,36.0
290670,"DAEBO MAGNETIC CO.,LTD.",대보마그네틱,KRX,Industrial machinery,산업용 기계,5440,1068,39598802996.0,-6.529209621993127,-52.900432900432904,-58.50826394362014,-64.11609498680738,-37.71664221496934,10,-31.822994443489147,31.0
066910,"Sonokong Co., Ltd.",손오공,KRX,Recreational products,레크리에이션 제품,1781,6633,27345223179.0,-15.99056603773585,-40.134453781512605,-51.160645149779654,-62.18683651804671,-37.09261350496213,10,,
463020,NEWEN AI,뉴엔에이아이,KRX,Data processing services,데이터 처리 서비스,6950,20596,60573726540.0,-5.698778833107191,-40.851063829787236,-57.9030093923711,-74.95495495495496,-37.02131716866554,10,,
317830,"SP SYSTEMS Co., Ltd.",에스피시스템스,KRX,Industrial machinery,산업용 기계,4675,6359,47039571643.0,-16.517857142857142,-50.476694915254235,-49.74761681422471,-49.0185387131952,-36.45571294567769,10,,
000890,"Bohae Brewery Co., Ltd.",보해양조보통주,KRX,Beverages: alcoholic,음료: 알콜류,1301,8312,35549961004.0,-33.282051282051285,-38.34123222748815,-40.00021252630013,-41.65919282511211,-37.312948028600594,10,-37.77322764750276,29.0
111710,"Namhwa Industrial Co., Ltd.",남화산업,KRX,Movies/Entertainment,무비/엔터테인먼트,3160,14144,65469837914.0,-52.04855842185129,-21.295143212951434,-27.73090493980905,-34.166666666666664,-37.45796633262595,10,-15.875682420544702,37.0
323990,Vaxcell-Bio Therapeutics,박셀바이오,KRX,Biotechnology,바이오테크놀로지,4465,78389,97562065334.0,-20.551601423487543,-42.16321243523316,-47.556843309292034,-52.9504741833509,-36.75474655497024,10,-13.945990164190928,38.0
0155E0,Haechitech Corporation,Haechitech Corporation,KRX,Information technology services,정보 기술 서비스,12980,45278,70455002346.0,-36.68292682926829,-36.68292682926829,-36.68292682926829,-36.68292682926829,-36.68292682926829,10,,
177900,3ALogics Inc.,쓰리에이로직스,KRX,Semiconductors,세미컨덕터,3625,1078,34900048971.0,-24.714434060228452,-40.082644628099175,-44.441039828173885,-48.79943502824859,-36.55039752099571,10,-49.84003563542497,26.0
443250,RevuCorporation Inc,레뷰코퍼레이션,KRX,Internet software/Services,인터넷 소프트웨어/서비스,5000,23,54049086571.0,-13.344887348353552,-47.47899159663866,-52.05692858236096,-56.634865568083264,-36.572112088758,10,-8.598984889417615,41.0
0220W0,"Hanwha Machinery & Service Holdings Co., Ltd.","Hanwha Machinery & Service Holdings Co., Ltd.",KRX,Miscellaneous,기타 (Miscellaneous),6340,174258,540899414062.0,-36.6,-36.6,-36.6,-36.6,-36.6,10,,
257370,"People & Technology Ms, Inc.",피엔티엠에스,KRX,Industrial machinery,산업용 기계,1778,19155,21990417738.0,-18.812785388127853,-49.41678520625889,-48.94027666110046,-48.46376811594203,-36.88928015191142,10,,
032860,"Lamy Co., Ltd.",더라미,KRX,Industrial machinery,산업용 기계,2710,1085,22084030628.0,-1.2750455373406193,-58.93939393939394,-60.93344525971065,-62.92749658002736,-37.07008537076264,10,-639.7968292808924,5.0
220100,"FutureChem Co., Ltd.",퓨쳐켐,KRX,Pharmaceuticals: other,의약품: 기타,6910,92927,192922752399.0,-15.17731678389541,-55.24343175006872,-52.73552059814389,-50.22760944621906,-37.712239072444504,10,-64.86324790635732,23.0
006200,"KEC Holdings Co., Ltd.",한국전자홀딩스보통주,KRX,Electronic components,전자 부품,1900,2340,12255965814.0,-14.414414414414415,-58.91891891891892,-53.74903997366785,-48.57916102841678,-38.015189749966474,9,-146.7006417222226,15.0
064350,Hyundai Rotem Co.,현대로템보통주,KRX,Trucks/Construction/Farm machinery,트럭/건설/농기계,116200,51333,12649592087555.0,-35.516093229744726,-34.0896199659671,-40.454420966965245,-46.81922196796339,-38.47908987207704,9,26.938473510976394,59.0
464500,Iron Device Corporation,아이언디바이스,KRX,Semiconductors,세미컨덕터,1657,1388,23424721075.0,-15.888324873096447,-48.62015503875969,-54.83886717860429,-61.05757931844888,-39.258650256401154,9,27.380011239301332,59.0
060230,JK Synapse Co. Ltd.,제이케이시냅스,KRX,Electronic equipment/Instruments,전자 장비/기기,1243,3725,24094911844.0,-12.464788732394366,-48.208333333333336,-56.98295454545455,-65.75757575757575,-39.17568822023048,9,85.06802302527244,78.0
075580,"SEJIN HEAVY INDUSTRIES CO., LTD.",세진중공업보통주,KRX,Trucks/Construction/Farm machinery,트럭/건설/농기계,10000,6468,546014909820.99994,-28.72416250890948,-38.080495356037154,-44.470223107994,-50.85995085995086,-38.1717988683602,9,247.45846322512364,90.0
148250,"RN2 Technologies Co., Ltd.",알엔투테크놀로지,KRX,Electronic production equipment,전자 생산 장비,2055,10599,27207798140.0,-15.605749486652977,-39.02077151335312,-54.355518500039395,-69.69026548672566,-38.85561089468483,9,-317.813115563192,9.0
001380,"SG GLOBAL CO., LTD",SG글로벌보통주,KRX,Textiles,텍스타일,1139,12333,25517152662.0,-4.124579124579125,-56.85606060606061,-61.438173501121,-66.02028639618139,-38.512735750504255,9,-0.685183601644038,45.0
069410,"nTels Co., Ltd.",엔텔스,KRX,Packaged software,패키지 소프트웨어,2530,2053,24868248129.0,-24.59016393442623,-46.28450106157113,-47.325924000173316,-48.36734693877551,-38.23161997387449,9,-0.8274511888348179,45.0
214150,CLASSYS Inc.,클래시스,KRX,Medical specialties,의학 전문 분야,31100,10958,2010887241364.0,-36.139630390143736,-40.53537284894838,-39.65745020400175,-38.77952755905512,-38.25032227845854,9,21.382062992916776,56.0
017370,"Wooshin Systems Co., Ltd",우신시스템보통주,KRX,Auto parts: OEM,자동차 부품: OEM,3370,336,50779762573.0,-23.755656108597286,-42.09621993127148,-47.48167639920217,-52.86713286713287,-37.99126828296022,9,,
006370,"Daegu Department Store Co., Ltd",대구백화점보통주,KRX,Department stores,백화점,2935,2998,25772360573.0,-20.02724795640327,-45.547309833024116,-50.12704997824045,-54.70679012345679,-38.08712916950558,9,-10.343189992115,40.0
342870,"OA Co., Ltd.",오아,KRX,Electronics/Appliance stores,전자제품/가전제품 매장,3500,1196,19075688601.0,-10.485933503836318,-46.070878274268104,-58.59649524274461,-71.12211221122112,-39.3522705471813,9,,
097230,HJ SHIPBUILDING & CONSTRUCTION CO. LTD,HJ중공업보통주,KRX,Engineering & construction,엔지니어링 및 건설,14770,32880,1323642689362.0,-34.355555555555554,-35.64270152505446,-40.86879601800169,-46.09489051094891,-38.26349983302323,9,,
364950,"AI Korea Co., Ltd.",에이아이코리아,KRX,Metal fabrication,금속 가공,3340,307,27769266701.0,-5.649717514124294,-46.12903225806452,-59.54224892255452,-72.95546558704453,-37.98523635918244,9,13.934266953195458,52.0
065500,"Orient Precision Industries, Inc.",오리엔트정공,KRX,Auto parts: OEM,자동차 부품: OEM,1035,9813,36333906303.0,-14.107883817427386,-49.75728155339806,-56.162546744149296,-62.56781193490054,-39.34068157346053,9,,
387690,REMEDI Inc.,REMEDI Inc.,KRX,Medical specialties,의학 전문 분야,18750,469589,143746161723.0,-39.02439024390244,-39.02439024390244,-39.02439024390244,-39.02439024390244,-39.02439024390244,9,,
027830,"Daesung Private Equity, Inc.",대성창업투자,KRX,Investment managers,투자 운용사,767,4226,42012000000.0,-21.333333333333332,-47.2852233676976,-50.882967766934854,-54.480712166172104,-39.06311399349425,9,,
083660,"CSA Cosmic Co., Ltd.",씨에스에이코스믹,KRX,Engineering & construction,엔지니어링 및 건설,1495,8556,26920324259.0,-16.596931659693166,-31.264367816091955,-53.62415177953193,-75.9839357429719,-38.81326373159642,9,47.79143367648959,69.0
407400,GGUMBI Inc.,꿈비,KRX,Home furnishings,가정용 가구,1904,3049,27063505373.0,-6.206896551724138,-52.4,-59.58568935427574,-66.77137870855148,-38.2341722332551,9,576.8966644779438,95.0
002820,"SUN&L CO.,LTD",선앤엘보통주,KRX,Forest products,임산물,1323,12484,15469237074.0,-29.06166219839142,-42.72727272727273,-46.06726925082566,-49.40726577437859,-39.26502642985196,9,,
101360,"Eco&Dream Co., Ltd.",에코앤드림,KRX,Industrial machinery,산업용 기계,7910,5607,134941394424.0,-11.22334455667789,-54.54022988505747,-57.40572518863622,-60.271220492214965,-38.93277293585289,9,-611.1779934758629,5.0
009730,"IREM Co.,Ltd.",이렘,KRX,Steel,스틸,2005,4622,15623814486.0,5.581885202738284,-58.04561623770663,-66.6187002247677,-75.19178421182876,-37.7384660537653,9,-131.21402892392243,16.0
314930,"BIODYNE Co., Ltd.",바이오다인,KRX,Medical specialties,의학 전문 분야,6720,1249,196609982243.0,-26.557377049180328,-44.554455445544555,-47.202600857100634,-49.850746268656714,-38.94451133393251,9,,
360070,"Top Material Co., Ltd.",탑머티리얼,KRX,Electrical products,전기 제품,9140,2740,72470987320.0,-14.976744186046512,-48.56499718626899,-53.97138748202339,-59.37777777777778,-38.37353016363264,9,-157.04096731286796,14.0
067160,"Soop Co., Ltd.",숲,KRX,Packaged software,패키지 소프트웨어,36400,7184,388977004051.0,-26.834170854271356,-38.8235294117647,-45.49586457447631,-52.16819973718791,-38.03118708639433,9,-32.18391795593,31.0
215570,"Cronex Co., Ltd.",크로넥스,KRX,Miscellaneous commercial services,기타 상업 서비스,550,2,3689723657.0,-28.571428571428573,-57.69230769230769,-44.47115384615385,-31.25,-38.11126373626374,9,,
353590,AUTO& Inc.,오토앤,KRX,Household/Personal care,가정/개인 위생용품,1435,6743,18128802979.0,-22.43243243243243,-47.53199268738574,-49.889124463493204,-52.24625623960067,-38.9064476510689,9,-128.6828919574871,16.0
049080,"GigaLane Co., Ltd.",기가레인,KRX,Semiconductors,세미컨덕터,9840,33558,82049808350.0,30.33112582781457,-92.51711026615969,-86.0932658768815,-79.6694214876033,-39.52350919500307,8,7.60201565308196,49.0
025620,"CHA AI Healthkare Co.,Ltd.",차AI헬스케어보통주,KRX,Specialty stores,전문점,4960,5526,85873250427.0,-36.895674300254456,-46.08695652173913,-43.235785953177256,-40.38461538461539,-40.69974129200814,8,,
463480,"Motive Link Co., Ltd.",모티브링크,KRX,Electronic production equipment,전자 생산 장비,3965,2123,48879962196.0,-12.278761061946902,-59.86842105263158,-57.733762597984324,-55.599104143337065,-39.55176198356936,8,-1254.8812333316102,3.0
355390,"CrowdWorks, Inc.",크라우드웍스,KRX,Packaged software,패키지 소프트웨어,1564,45117,24722584751.0,-15.550755939524837,-37.18875502008032,-55.4955500393534,-73.80234505862647,-39.51763239942197,8,4.787305584169626,47.0
369370,Blitzway Entertainment Co. Ltd.,블리츠웨이엔터테인먼트,KRX,Financial conglomerates,금융지주회사,3095,1522,23964009528.0,-25.42168674698795,-51.18296529968454,-50.732044898838254,-50.28112449799197,-40.60790163809813,8,29.924341857370113,61.0
241840,"Astory Co., Ltd.",에이스토리,KRX,Movies/Entertainment,무비/엔터테인먼트,2270,966,20727758121.0,-1.9438444924406046,-57.806691449814124,-66.68590761941729,-75.56512378902045,-40.789082368626616,8,,
103840,"WOOYANG Co., Ltd.",우양,KRX,Apparel/Footwear,어패럴/풋웨어,1595,48,25891689690.0,-14.24731182795699,-50.0,-56.85437997724687,-63.70875995449374,-39.811552717530915,8,,
0130D0,Shinhan 17th Special Purpose Acquisition Company,Shinhan 17th Special Purpose Acquisition Company,KRX,Financial conglomerates,금융지주회사,1950,105,10423680298.0,-1.5151515151515151,-66.14583333333333,-66.14583333333333,-66.14583333333333,-40.2935606060606,8,,
089150,"Korea Computer Terminal, Inc.",케이씨티,KRX,Electronic equipment/Instruments,전자 장비/기기,1634,1832,27920199379.0,-14.0,-53.971830985915496,-56.38061914995649,-58.78940731399748,-39.4283714899739,8,7.84496794861937,49.0
0010F0,"Bowon Chemical Co., Ltd","Bowon Chemical Co., Ltd",KRX,Chemicals: specialty,화학: 특수,2535,151296,28360463181.0,3.048780487804878,-68.43088418430884,-68.43088418430884,-68.43088418430884,-39.839018315463356,8,,
900110,Deep Commerce Limited,이스트아시아홀딩스인베스트먼트리미티드,KRX,Apparel/Footwear,어패럴/풋웨어,5410,621,20011445003.0,-2.5225225225225225,-53.58215358215358,-66.42709211674729,-79.272030651341,-40.865264279057385,8,20.262882791942054,55.0
009190,"Daiyang Metal Co., Ltd.",대양금속보통주,KRX,Steel,스틸,905,160592,42442256699.0,-50.22002200220022,-26.482534524776604,-34.43795726875368,-42.393380012730745,-40.7507831621323,8,,
337930,XEXYMIX Corporation,젝시믹스,KRX,Apparel/Footwear retail,의류/신발 소매업,2390,5810,69256788826.0,-27.022900763358777,-42.270531400966185,-48.02114577785253,-53.77176015473888,-39.621847772055034,8,-27.565452239892892,32.0
180060,"Topsun Co., Ltd.",탑선,KRX,Semiconductors,세미컨덕터,4450,1,39727579594.0,-20.535714285714285,-50.55555555555556,-52.89347194276772,-55.23138832997988,-39.950368879946346,8,,
087010,"Peptron, Inc.",펩트론,KRX,Biotechnology,바이오테크놀로지,144800,13254,3381913118362.0,-27.052896725440807,-51.97346600331675,-49.896642911568286,-47.81981981981982,-40.75914443711729,8,-46.97153302637589,27.0
251370,"YMT Co., Ltd.",와이엠티,KRX,Chemicals: specialty,화학: 특수,7930,23517,134585753059.00002,-24.476190476190474,-51.997578692493946,-50.88795970723494,-49.77834072197594,-40.323252014817164,8,-194.37432614863545,13.0
053030,"Binex Co., Ltd",바이넥스,KRX,Pharmaceuticals: major,의약품: 주요,6250,18030,192996912460.0,-17.871222076215506,-45.74652777777778,-54.555561661456295,-63.36459554513482,-39.88182582735998,8,-582.3801078001813,5.0
037330,"Inzi Display Co., Ltd.",인지디스플레이,KRX,Industrial machinery,산업용 기계,696,1255,30939082489.0,-26.271186440677965,-48.67256637168141,-50.10229989893263,-51.532033426183844,-40.569854515630766,8,,
419120,"Sandoll, Inc.",산돌,KRX,Packaged software,패키지 소프트웨어,2185,1162,29963239126.0,-19.372693726937268,-46.04938271604938,-52.97881979839166,-59.908256880733944,-39.536369369809904,8,-51.526032904445096,26.0
207760,Mr. Blue Corp.,미스터블루,KRX,Packaged software,패키지 소프트웨어,2030,4547,31919374523.0,0.0,-59.4,-68.14621513944223,-76.89243027888446,-40.88772908366534,8,,
311390,"Neo Cremar Co., Ltd.",네오크레마,KRX,Food: major diversified,식품: 주요 다각화,2300,3927,29653313484.0,-7.81563126252505,-45.30321046373365,-60.88087851743489,-76.45854657113613,-39.65477961547096,8,128.76741628473917,84.0
351330,ISAAC Engineering Co. Ltd.,이삭엔지니어링,KRX,Engineering & construction,엔지니어링 및 건설,3400,3254,29009819508.0,-15.211970074812967,-51.773049645390074,-55.744344727908306,-59.71563981042654,-39.53139486667017,8,-14.732601897028218,38.0
084110,"Huons Global Co., Ltd.",휴온스글로벌,KRX,Pharmaceuticals: major,의약품: 주요,21500,1844,265041828060.00003,-12.601626016260163,-67.91044776119404,-59.825033083739555,-51.739618406285075,-40.9356702567478,8,-134.01505723366571,16.0
450950,"Asterasys Co., Ltd.",아스테라시스,KRX,Medical specialties,의학 전문 분야,5670,31413,196416040649.0,-20.47685834502104,-48.5947416137806,-52.044623554143044,-55.494505494505496,-39.417517470494246,8,-28.76009793176045,32.0
348150,"KoBioLabs, Inc.",고바이오랩,KRX,Biotechnology,바이오테크놀로지,2680,15552,51751336765.0,-19.51951951951952,-54.95798319327731,-54.415308291991494,-53.87263339070568,-40.456992783002704,8,-10.7421836247554,40.0
376300,"DEAR U Co., Ltd.",디어유,KRX,Packaged software,패키지 소프트웨어,17150,4183,404502457581.0,-20.967741935483872,-44.855305466237944,-52.71500905495805,-60.57471264367816,-40.01610220716839,8,,
335870,WING'S FOOT INC.,윙스풋,KRX,Apparel/Footwear,어패럴/풋웨어,4470,5918,14455655955.0,-15.660377358490566,-55.411471321695764,-57.83906899418122,-60.266666666666666,-40.96759233990496,7,-3056.1262299432674,2.0
491000,Livsmed Inc.,리브스메드,KRX,Medical specialties,의학 전문 분야,31000,27680,762709211731.0,-21.518987341772153,-55.202312138728324,-54.11630758451568,-53.03030303030303,-41.07737948741828,7,,
380550,"Neurophet, Inc.",뉴로핏,KRX,Packaged software,패키지 소프트웨어,8460,177218,94419221992.0,-20.03780718336484,-56.43666323377961,-57.73407011567915,-59.03147699757869,-42.65556494275343,7,,
127980,Finecircuit CO. LTD.,화인써키트,KRX,Electronic components,전자 부품,2630,1209,31019840927.0,-21.726190476190474,-48.33005893909627,-54.0272040484149,-59.724349157733535,-41.10679861952514,7,,
237820,"PlayD Co., Ltd.",플레이디,KRX,Advertising/Marketing services,광고/마케팅 서비스,2290,1161,29438285966.0,-26.247987117552334,-51.58562367864693,-54.02475100282156,-56.463878326996195,-42.91404544871388,7,-39.656931674164106,28.0
034230,"Paradise Co., Ltd",파라다이스보통주,KRX,Casinos/Gaming,카지노/게임,9630,17996,832060542755.0,-32.79832519190509,-42.30077890952666,-48.70283700721089,-55.10489510489511,-42.34103228108857,7,-11.993925010708352,39.0
065660,"Anterogen Co., Ltd.",안트로젠,KRX,Biotechnology,바이오테크놀로지,14970,3011,147089665604.0,-27.85542168674699,-66.47256438969765,-52.048782194848826,-37.625,-42.37143799160809,7,-18.67292242161941,36.0
347770,PIMS Inc.,핌스,KRX,Semiconductors,세미컨덕터,860,2714,19464682638.0,-17.307692307692307,-55.44041450777202,-56.8969627018279,-58.35351089588378,-41.061254544173664,7,-142.24185073334507,15.0
082850,"WOOREE BIO Co., Ltd.",우리바이오,KRX,Electronic production equipment,전자 생산 장비,4510,2301,38073937883.0,-21.222707423580786,-51.269584008643974,-56.40238262265888,-61.53518123667377,-42.330512543027645,7,,
229500,"NovMetaPharma Co., Ltd.",노브메타파마,KRX,Pharmaceuticals: major,의약품: 주요,5800,643,68719676752.0,-30.952380952380953,-35.55555555555556,-49.97544505831799,-64.39533456108042,-42.36621941594318,7,,
0015G0,"Green Optics Co., Ltd.",그린광학,KRX,Electronic components,전자 부품,15110,5833,170506027489.0,-14.63276836158192,-51.3365539452496,-61.67753623188406,-72.01851851851852,-42.85962908376321,7,773.9318432307795,96.0
104460,"DYPNF Co., Ltd.",디와이피엔에프,KRX,Industrial machinery,산업용 기계,6700,388,62717231865.0,-24.20814479638009,-52.583156404812456,-53.7174542131879,-54.85175202156334,-41.91373044646478,7,-56.949027138600464,24.0
456070,"ENCell Co., Ltd.",이엔셀,KRX,Biotechnology,바이오테크놀로지,6150,37813,65294736023.0,-23.980222496909764,-59.29847782925215,-53.14061822497091,-46.98275862068966,-41.476459933746455,7,-29.995049670169426,31.0
291810,"Pintel Co., Ltd.",핀텔,KRX,Packaged software,패키지 소프트웨어,875,534979,16676830117.000002,-14.55078125,-58.92018779342723,-59.97234333992074,-61.02449888641426,-41.80371850395245,7,-1134.3990199460943,4.0
012170,"Ascendio Co., Ltd.",아센디오보통주,KRX,Movies/Entertainment,무비/엔터테인먼트,2870,1183,21412102983.0,-10.3125,-54.44444444444444,-63.119028119028115,-71.79361179361179,-41.99641687141687,7,53.61336331677098,71.0
453860,"ASTech Co., Ltd.",에이에스텍,KRX,Household/Personal care,가정/개인 위생용품,7710,1570,50540963821.0,-24.633431085043988,-46.53259361997226,-54.90915395284327,-63.285714285714285,-42.79886480572356,7,-516.3369446505751,6.0
0129K0,"Shinhan 18th Special Purpose Acquisition Co., Ltd.","Shinhan 18th Special Purpose Acquisition Co., Ltd.",KRX,Financial conglomerates,금융지주회사,1961,27,11065779775.0,-1.3085052843482636,-67.69357495881384,-67.69357495881384,-67.69357495881384,-41.13954708902761,7,,
439960,"Cosmo Robotics Co., Ltd.","Cosmo Robotics Co., Ltd.",KRX,Medical specialties,의학 전문 분야,11420,57079,,-28.221244500314267,-51.40425531914894,-51.40425531914894,-51.40425531914894,-42.13105099161507,7,,
000250,"Sam Chun Dang Pharm. Co., Ltd.",삼천당제약,KRX,Pharmaceuticals: major,의약품: 주요,168700,17707,3853763274765.0,-28.516949152542374,-77.80263157894737,-51.160823619451314,-24.519015659955258,-42.10327383268774,7,,
0134X0,Daishin Balance No. 20 Special Purpose Acquisition Co.,Daishin Balance No. 20 Special Purpose Acquisition Co.,KRX,Financial conglomerates,금융지주회사,1970,173,,-0.5050505050505051,-68.2258064516129,-68.2258064516129,-68.2258064516129,-41.13750407298794,7,,
101140,"INBIOGEN CO., Ltd.",인바이오젠보통주,KRX,Electronic equipment/Instruments,전자 장비/기기,4740,607,48925386143.0,-23.548387096774192,-50.625,-55.39653361344538,-60.168067226890756,-42.657275006776906,7,-116.91717372841526,17.0
456160,"G2GBIO, Inc.",지투지바이오,KRX,Biotechnology,바이오테크놀로지,32450,10028,532973072814.99994,-25.997719498289623,-52.627737226277375,-52.74241647025798,-52.857095714238575,-42.04453768147064,7,,
194480,DEVSISTERS CORP.,데브시스터즈,KRX,Packaged software,패키지 소프트웨어,14630,7662,156200770302.0,-12.184873949579831,-48.12056737588652,-60.12695035460993,-72.13333333333334,-40.950119792597896,7,-203.05673952692024,12.0
277410,"INSAN, Inc.",인산가,KRX,Food: major diversified,식품: 주요 다각화,5710,86,21158725533.0,-26.13195342820181,-48.972296693476316,-51.00752992568553,-53.04276315789474,-41.057299326692046,7,,
900340,Wing Yip Food Holdings Group Limited,윙입푸드홀딩스,KRX,Food: meat/fish/dairy,식품: 육류/어류/유제품,1247,29039,44015836193.0,-13.88121546961326,-49.143556280587276,-60.566836541012414,-71.99011680143755,-41.892588112452756,7,-54.36925871187039,25.0
004870,"T'way Holdings, Inc.",티웨이홀딩스보통주,KRX,Construction materials,건축 자재,969,23344,21772165623.0,-27.142857142857142,-41.97604790419162,-53.36984213391399,-64.76363636363637,-42.87904813749125,7,,
311690,CJ Bioscience. Inc.,씨제이바이오사이언스,KRX,Data processing services,데이터 처리 서비스,3680,2753,48472864437.0,-18.94273127753304,-53.593947036569986,-58.452008413599046,-63.31006979062811,-42.64829755917265,7,26.72913638420733,59.0
419530,SAMG ENTERTAINMENT CO.LTD,에스에이엠지엔터테인먼트,KRX,Movies/Entertainment,무비/엔터테인먼트,17610,9265,164636230087.0,-23.100436681222707,-45.98159509202454,-57.434260443538776,-68.886925795053,-43.700730938612345,6,,
288620,S-Prism Co. Ltd.,에스퓨얼셀,KRX,Semiconductors,세미컨덕터,4120,1198,28754780922.0,-24.542124542124544,-51.24260355029586,-58.22265312649928,-65.20270270270271,-44.75044169274939,6,,
033540,"Paratech Co., Ltd.",파라텍,KRX,Industrial conglomerates,산업 복합 기업,2780,1664,28134140530.0,-29.620253164556964,-52.72108843537415,-54.77669328601006,-56.83229813664596,-44.71411723742882,6,-467.33342010957364,6.0
322310,AUROS TECHNOLOGY INC.,오로스테크놀로지,KRX,Industrial machinery,산업용 기계,14380,7259,133884913445.00002,-34.337899543378995,-54.27662957074722,-51.45974335680218,-48.642857142857146,-44.611005831432905,6,-240.44562802383257,11.0
372320,"Curocell, Inc.",큐로셀,KRX,Miscellaneous commercial services,기타 상업 서비스,21750,1923,322815619659.0,-29.838709677419356,-62.692967409948544,-54.560769419259984,-46.42857142857143,-44.671945522523735,6,-21.330147140169665,35.0
000040,KR Motors Co. Ltd.,KR모터스보통주,KRX,Motor vehicles,자동차,1022,6494,20214003319.0,-22.867924528301888,-53.22654462242563,-56.65233481121281,-60.078125,-43.13857069804845,6,,
003570,"SNT DYNAMICS CO., Ltd",SNT다이내믹스보통주,KRX,Auto parts: OEM,자동차 부품: OEM,26400,4196,649116961479.0,-30.066225165562916,-46.23217922606925,-55.05863407267895,-63.88508891928865,-45.06167050983254,6,-50.131494048376716,26.0
214370,"Caregen Co., Ltd.",케어젠,KRX,Chemicals: major diversified,화학: 주요 복합,40550,4972,1964605547333.0,-43.68055555555556,-56.769722814498934,-44.76131248519308,-32.75290215588723,-44.329009713338074,6,-19.69739870949513,35.0
455180,"KGA Co., Ltd.",케이지에이,KRX,Industrial machinery,산업용 기계,1256,3799,18636804923.0,-12.167832167832168,-57.639123102866776,-67.05926192596522,-76.47940074906367,-45.102690022712,6,-65.51497334840757,23.0
296160,Progen Co. Ltd.,프로젠,KRX,Miscellaneous commercial services,기타 상업 서비스,2480,220,37507872505.0,-19.218241042345277,-60.63492063492063,-58.97494740868235,-57.31497418244406,-43.07226486214752,6,,
136150,"Wonil T&I Co., Ltd.",원일티엔아이,KRX,Electrical products,전기 제품,8170,5208,67742973404.00001,-22.851746931067044,-53.394181403308615,-58.54153514609875,-63.68888888888889,-44.265619860086076,6,,
195990,RootK Co. Ltd.,에이비프로바이오,KRX,Industrial machinery,산업용 기계,1147,4174,18555458679.0,-13.759398496240602,-60.06267409470752,-65.7651678931249,-71.46766169154229,-44.962860134371184,6,32.118306145440314,62.0
0088M0,"MEZOO Co., Ltd.","MEZOO Co., Ltd.",KRX,Medical specialties,의학 전문 분야,14210,183156,135775246468.0,-5.5813953488372094,-65.2991452991453,-71.88442113442113,-78.46969696969697,-45.36321082018757,6,,
226330,"SYNTEKABIO, INC.",신테카바이오,KRX,Packaged software,패키지 소프트웨어,1336,16386,31269173437.0,-16.86372121966397,-60.705882352941174,-61.68283977758473,-62.65979720222829,-43.75519235441643,6,29.857581776760625,60.0
056730,CNT85 Inc.,씨앤티85,KRX,Electronics/Appliances,일렉트로닉스/어플라이언스,1269,149,13408061077.0,-32.28388473852721,-43.6,-54.368681318681325,-65.13736263736264,-45.53476268661967,6,,
408900,Studio Mir Co. LTD.,스튜디오미르,KRX,Movies/Entertainment,무비/엔터테인먼트,1004,4560,32181971313.0,-13.073593073593074,-56.157205240174676,-66.12622166770639,-76.0952380952381,-44.90517023006107,6,-215.6484078053265,12.0
287840,"IntoCell, Inc.",인투셀,KRX,Biotechnology,바이오테크놀로지,17950,5496,262583865318.00003,-28.0561122244489,-55.896805896805894,-54.32998189577137,-52.76315789473684,-43.820434027242385,6,31.342152499044587,61.0
060260,"Nuvotec Co., Ltd.",뉴보텍,KRX,Miscellaneous manufacturing,기타 제조업,831,16005,11420733318.0,-52.51428571428571,-35.3307392996109,-40.23962707554802,-45.148514851485146,-45.1494905310431,6,39.608458719408375,65.0
015260,Automobile & PCB Inc.,에이엔피보통주,KRX,Electronic components,전자 부품,264,58457,12437867981.0,-30.526315789473685,-58.81435257410296,-52.68652851377213,-46.558704453441294,-43.82244342405275,6,,
078860,"IOKENM CO.,LTD.",엔에스이엔엠,KRX,Information technology services,정보 기술 서비스,2660,16639,16563062525.000002,-12.355848434925864,-51.63636363636363,-65.61879531511433,-79.60122699386503,-44.31361656303895,6,-4.7852332340953545,43.0
389650,Nextbiomedical Co. Ltd.,넥스트바이오메디컬,KRX,Pharmaceuticals: major,의약품: 주요,32250,2206,268184083556.99997,-25.862068965517242,-57.17131474103586,-55.14815737051793,-53.125,-43.433722008517655,6,,
338840,Y-Biologics Inc.,와이바이오로직스,KRX,Biotechnology,바이오테크놀로지,8710,4402,128468217030.0,-28.37171052631579,-73.40458015267176,-55.14431906184312,-36.88405797101449,-44.435275647632196,6,-427.8058248966838,7.0
096250,"WISEnut, Inc.",와이즈넛,KRX,Packaged software,패키지 소프트웨어,5500,6238,64272954407.0,-32.76283618581907,-44.77911646586345,-53.74549043632156,-62.71186440677966,-45.352428736120565,6,-63.28545115893365,23.0
381970,KG Mobility Platform Co. Ltd.,케이카보통주,KRX,Specialty stores,전문점,6400,2750,308547750244.0,-25.58139534883721,-54.929577464788736,-57.46478873239437,-60.0,-44.711431378971504,6,-185.057559560588,13.0
214680,DRTECH Corp.,디알텍,KRX,Medical specialties,의학 전문 분야,3820,6631,63775999031.0,-21.721311475409838,-54.873006497342,-60.30645840562167,-65.73991031390135,-44.872399633536936,6,,
331740,"Autocrypt Co., Ltd.",아우토크립트,KRX,Packaged software,패키지 소프트웨어,6280,2519,59871083927.0,-27.816091954022987,-59.19428200129955,-57.546579202896964,-55.89887640449438,-45.654384303347385,6,,
100090,"SK oceanplant Co.,Ltd",SK오션플랜트보통주,KRX,Steel,스틸,11710,83369,709751560669.0,-23.112278397898883,-59.965811965811966,-57.02212166918049,-54.07843137254902,-43.45818436066784,6,83.94093453072011,77.0
136410,ASSEMS.INC,아셈스,KRX,Pulp & paper,펄프 및 제지,3695,1616,38827427225.0,-30.805243445692884,-49.59072305593452,-58.270316805248115,-66.94991055456171,-47.284287461426025,5,-24.709448458388877,33.0
0004V0,"NBR Motion Co., Ltd.","NBR Motion Co., Ltd.",KRX,Metal fabrication,금속 가공,6290,16601,68814897537.0,-22.727272727272727,-66.73717609730302,-65.55998102713396,-64.3827859569649,-48.42689770718947,5,,
091810,Trinity Airways,티웨이항공보통주,KRX,Airlines,에어라인즈,2605,3353,263413298644.99997,-33.205128205128204,-40.04602991944764,-55.018457496751665,-69.9908850740557,-46.29312578010229,5,-112.27679914830738,18.0
0011T0,"CHAEVI Co., Ltd.","CHAEVI Co., Ltd.",KRX,Specialty stores,전문점,5510,8692,254466771164.0,-20.3757225433526,-63.868852459016395,-63.868852459016395,-63.868852459016395,-46.47160049275088,5,,
483350,Dealicious Inc.,Dealicious Inc.,KRX,Apparel/Footwear retail,의류/신발 소매업,3200,48473,71777215118.0,-46.666666666666664,-46.666666666666664,-46.666666666666664,-46.666666666666664,-46.66666666666667,5,,
084990,"Helixmith Co., Ltd.",헬릭스미스,KRX,Biotechnology,바이오테크놀로지,3080,24231,137910424900.0,-27.699530516431924,-63.2896305125149,-57.76884626400938,-52.248062015503876,-45.74111996497841,5,-41.841276096484066,28.0
446840,"GITSN, Inc.",지슨,KRX,Finance/Rental/Leasing,금융/렌탈/리스,3165,1237,32464962492.0,-32.587859424920126,-53.111111111111114,-60.324786324786324,-67.53846153846153,-49.230015564839846,5,-555.0940258010725,6.0
024890,"Daewon Chemical Co., Ltd",대원화성보통주,KRX,Home improvement chains,홈 인테리어 체인점,1724,8253,13509175735.0,-37.30909090909091,-54.928104575163395,-57.30030959752322,-59.67251461988304,-49.3038221221503,5,,
373200,Xplus Inc.,엑스플러스,KRX,Industrial conglomerates,산업 복합 기업,1640,7577,42071325531.0,-42.45614035087719,-53.142857142857146,-49.81775809834538,-46.492659053833606,-46.873110999358104,5,-323.1984750993261,9.0
348370,"Enchem Co., Ltd.",엔켐,KRX,Electronic production equipment,전자 생산 장비,20600,13783,442602070236.0,-30.756302521008404,-50.893921334922524,-61.73191406293397,-72.56990679094541,-49.34166944616375,5,-9.122076655027723,41.0
092040,"Amicogen, Inc.",아미코젠,KRX,Biotechnology,바이오테크놀로지,1032,298864,65873793143.99999,-31.791143423661598,-39.294117647058826,-56.517287831163,-73.74045801526718,-46.62683006816245,5,-56.16961204390027,25.0
338220,VUNO Inc.,뷰노,KRX,Packaged software,패키지 소프트웨어,6460,125131,77990156479.0,-17.70700636942675,-59.625,-66.24107142857143,-72.85714285714286,-46.82744540491356,5,-272.13235724261136,10.0
007460,"Aprogen, Inc",에이프로젠보통주,KRX,Pharmaceuticals: major,의약품: 주요,2040,13162,8175056076.0,-19.68503937007874,-57.23270440251572,-68.3599419448476,-79.48717948717949,-48.88998091494006,5,-34.53990990330456,30.0
219750,"BTB Korea Co.,Ltd",한국비티비,KRX,Medical specialties,의학 전문 분야,1629,4103,21212917664.0,-19.753694581280786,-65.77731092436974,-67.1343034312371,-68.49129593810444,-48.182059891254575,5,-6373.9832809641375,1.0
389470,"Inventage Lab, Inc.",인벤티지랩,KRX,Miscellaneous commercial services,기타 상업 서비스,24950,10216,326038840771.0,-36.27075351213282,-63.30882352941177,-54.44612386939509,-45.58342420937841,-47.17597572649018,5,-39.804573360201495,28.0
334970,"Prestige Biologics Co., Ltd.",프레스티지바이오로직스,KRX,Pharmaceuticals: major,의약품: 주요,1353,19769,106054600647.0,-35.57142857142857,-44.66257668711656,-53.05778407005401,-61.452991452991455,-46.06324187060383,5,-1841.035462031926,3.0
448780,"Micro-NX Co., Ltd.",마이크로엔엑스,KRX,Medical specialties,의학 전문 분야,685,1,,-16.25916870415648,-62.690631808278866,-67.04468959933777,-71.39874739039666,-46.73048124126525,5,,
131760,FINETEK CO. LTD.,파인텍,KRX,Electronic production equipment,전자 생산 장비,1432,246189,11309584070.0,-28.11244979919679,-54.394904458598724,-61.69961673146386,-69.00432900432901,-48.26474995855703,5,-221.4043873272796,12.0
233250,Median Diagnostics Inc.,메디안디노스틱,KRX,Medical specialties,의학 전문 분야,4800,11,7876531219.0,-36.8421052631579,-51.02040816326531,-56.279434850863424,-61.53846153846154,-48.50450301578121,5,,
210120,"CANVAS N Co., Ltd.",캔버스엔,KRX,Movies/Entertainment,무비/엔터테인먼트,1890,14466,18351870778.0,-42.11332312404288,-51.96950444726811,-49.951694372394385,-47.93388429752066,-46.816345873053784,5,-22.23324185157619,34.0
461030,"IMBdx, Inc.",아이엠비디엑스,KRX,Biotechnology,바이오테크놀로지,2770,1016,39348247862.0,-17.682020802377416,-58.03030303030303,-65.5029563932003,-72.97560975609755,-46.37458215687114,5,27.404900702918994,60.0
306040,"SJ Group Co., Ltd.",에스제이그룹,KRX,Apparel/Footwear,어패럴/풋웨어,1456,13897,13485783131.0,-18.156267566048342,-75.73333333333333,-69.86913885455294,-64.00494437577255,-49.1839903391511,5,,
484870,"MNC Solution Co., Ltd.",엠앤씨솔루션보통주,KRX,Industrial machinery,산업용 기계,18300,10088,483325894165.0,-31.71641791044776,-44.93474934798907,-59.875618962972766,-74.81648857795646,-48.611938541962765,5,13.653885803319026,52.0
900300,Organic Tea Cosmetics Holdings Co. Ltd.,오가닉티코스메틱스홀딩스컴퍼니리미티드,KRX,Specialty stores,전문점,2970,4194,60299315948.0,27.194860813704498,-98.94867256637168,-99.3102478853958,-99.6718232044199,-48.70820440575568,5,,
206400,"BENO TNR, Inc.",베노티앤알,KRX,Packaged software,패키지 소프트웨어,677,20139,24643502483.0,-30.349794238683128,-43.39464882943144,-56.94786907702509,-70.50108932461873,-46.3086391416883,5,-341.0785718568307,8.0
007720,"SoNo Square Co.,Ltd.",소노스퀘어,KRX,Wholesale distributors,도매 유통업체,1139,1990,22901861664.0,-27.452229299363058,-47.390300230946885,-61.74341874086694,-76.096537250787,-48.02694296426539,5,-104.99103429203275,18.0
049630,JAEYOUNG SOLUTEC CO LTD,재영솔루텍,KRX,Electronic production equipment,전자 생산 장비,7280,47712,162621367493.0,-1.0869565217391304,-89.6,-77.6705882352941,-65.74117647058823,-47.03713554987212,5,,
394420,"RecensMedical, Inc.","RecensMedical, Inc.",KRX,Medical specialties,의학 전문 분야,10040,14170,106807101564.0,-42.5629290617849,-45.84681769147789,-59.57234501595171,-73.29787234042553,-52.768578634284985,4,,
223310,Satoshi Holdings Co. Ltd.,사토시홀딩스,KRX,Internet retail,인터넷 소매,2985,3395,24374250412.0,-28.588516746411482,-59.93288590604027,-71.13508200627457,-82.33727810650888,-54.116455902329335,4,-89.84332675192985,19.0
044480,"Billions Co.,Ltd.",빌리언스,KRX,Miscellaneous manufacturing,기타 제조업,3390,1584,22610622883.0,-30.816326530612244,-57.35849056603774,-62.65087648869263,-67.94326241134752,-49.91705650546047,4,-240.46164574829734,11.0
389020,"Zaram Technology, Inc.",자람테크놀로지,KRX,Semiconductors,세미컨덕터,16380,11391,111793265796.0,-35.25691699604743,-67.88235294117646,-61.984071912947485,-56.0857908847185,-51.29320994618746,4,-56.86317547054875,24.0
003060,Aprogen Biologics,에이프로젠바이오로직스보통주,KRX,Pharmaceuticals: major,의약품: 주요,1643,15920,25283482261.0,-23.22429906542056,-62.229885057471265,-72.29583356469914,-82.361782071927,-52.667219764987706,4,57.12537282848088,72.0
475830,"Orum Therapeutics, Inc.",오름테라퓨틱,KRX,Pharmaceuticals: major,의약품: 주요,25500,69641,543822908400.99994,-58.737864077669904,-70.45191193511008,-45.31985268117006,-20.187793427230048,-50.687057239770006,4,,
002020,Kolon Corporation,코오롱보통주,KRX,Specialty stores,전문점,24450,2503,323683661603.0,-47.70053475935829,-62.326656394453,-52.056185340083644,-41.785714285714285,-50.31392510779351,4,,
099220,SDN Company Ltd.,에스디엔,KRX,Semiconductors,세미컨덕터,5210,7256,21643952522.0,-43.91819160387514,-61.60648489314665,-60.49926738811658,-59.392049883086514,-53.866837074420005,4,,
0082N0,Kanaph Therapeutics Inc.,Kanaph Therapeutics Inc.,KRX,Pharmaceuticals: major,의약품: 주요,12340,6097,159340948696.0,-22.681704260651628,-68.35897435897436,-75.11928159945782,-81.87958883994126,-54.14425066393534,4,-288.49953129788474,10.0
123840,NUON CO. LTD.,뉴온,KRX,Industrial machinery,산업용 기계,1750,1943,27208681822.0,-18.414918414918414,-65.13944223107569,-74.88079317177686,-84.62214411247803,-52.294443269033486,4,-3696.668639337143,2.0
0218L0,"Neovue Co., Ltd.","Neovue Co., Ltd.",KRX,Auto parts: OEM,자동차 부품: OEM,12420,153,,-51.484375,-51.484375,-51.484375,-51.484375,-51.484375,4,,
288180,"KP Aero Industries Co., Ltd.","KP Aero Industries Co., Ltd.",KRX,Aerospace & defense,항공우주 및 방위산업,7590,2301,,-12.557603686635945,-82.28704784130689,-82.28704784130689,-82.28704784130689,-54.39527017943851,4,,
065770,CS Corporation,씨에스,KRX,Computer communications,컴퓨터 통신,823,48616,9463557816.0,-43.04498269896194,-62.927927927927925,-59.89687801008556,-56.865828092243184,-53.156119885636116,4,-18.639312283049925,36.0
0164H0,Korea No.16 Special Purpose Acquisition Co. LTD.,Korea No.16 Special Purpose Acquisition Co. LTD.,KRX,Financial conglomerates,금융지주회사,1944,241,13128750000.0,-52.469437652811735,-52.469437652811735,-52.469437652811735,-52.469437652811735,-52.469437652811735,4,,
0117P0,"Piece Peace Studio Co., Ltd.","Piece Peace Studio Co., Ltd.",KRX,Apparel/Footwear,어패럴/풋웨어,5540,7202,78495766940.0,-1.4234875444839858,-82.6875,-82.6875,-82.6875,-50.1818950177936,4,,
095910,"S-Energy Co., Ltd.",에스에너지,KRX,Semiconductors,세미컨덕터,569,20752,20491982666.0,-38.219326818675356,-61.76075268817204,-62.476456588891864,-63.192160489611695,-52.77360468080526,4,-77.58630227216042,21.0
397030,"Aprilbio Co., Ltd.",에이프릴바이오,KRX,Biotechnology,바이오테크놀로지,18680,22072,499089517937.0,-54.71515151515152,-67.17047451669596,-48.60396385010828,-30.0374531835206,-51.048438916125576,4,-8154.6932409106685,1.0
084650,"LabGenomics Co., Ltd.",랩지노믹스,KRX,Medical specialties,의학 전문 분야,2715,43676,43430393171.0,-25.81967213114754,-58.23076923076923,-67.61114732724903,-76.99152542372882,-50.89455724880843,4,-6.940296279914726,42.0
476830,Rznomics Inc.,알지노믹스,KRX,Biotechnology,바이오테크놀로지,26850,102048,716816368866.0,-39.346110484780155,-74.85981308411215,-57.54101765316719,-40.22222222222222,-50.26305478581238,4,-22.037805615184126,34.0
282620,"KIDO INDUSTRIAL CO., LTD","KIDO INDUSTRIAL CO., LTD",KRX,Apparel/Footwear,어패럴/풋웨어,12730,2676,74430976439.0,-54.535714285714285,-54.535714285714285,-54.535714285714285,-54.535714285714285,-54.53571428571429,4,,
0209J0,KB No.34 Special Purpose Acquisition Company,KB No.34 Special Purpose Acquisition Company,KRX,Financial conglomerates,금융지주회사,1898,142376,13713420073.0,-52.55,-52.55,-52.55,-52.55,-52.55,4,,
065650,Hyper Corporation Inc.,하이퍼코퍼레이션,KRX,Electronics distributors,전자 부품 유통업체,1459,1614,15472206319.0,-20.96424702058505,-59.58448753462604,-69.93413565920491,-80.28378378378379,-50.34618020375697,4,-31.451614285156065,31.0
0197V0,NH Special Purpose Acquisition 34 Company,NH Special Purpose Acquisition 34 Company,KRX,Financial conglomerates,금융지주회사,1907,24292,17348850366.0,-52.325,-52.325,-52.325,-52.325,-52.32500000000001,4,,
239340,ESTaid Corp.,이스트에이드,KRX,Major telecommunications,주요 통신사,2375,32496,13921305771.0,-20.70116861435726,-65.52975326560232,-72.23272585674795,-78.93569844789357,-51.62010295979168,4,27.52164612970748,60.0
418620,"E8 Co., Ltd.",이에이트,KRX,Packaged software,패키지 소프트웨어,650,28713,13200567350.0,-33.673469387755105,-48.93951296150825,-63.96534240313787,-78.99117184476749,-51.848593196984766,4,9.075688592660033,49.0
082270,GemVax & KAEL Co Ltd,젬백스&카엘,KRX,Industrial machinery,산업용 기계,10220,22993,482376387634.0,-21.141975308641975,-69.40119760479043,-75.87503748978727,-82.34887737478411,-53.981812617329155,4,-198.90025486443727,13.0
141080,LigaChem Biosciences Inc.,리가켐 바이오사이언스,KRX,Pharmaceuticals: major,의약품: 주요,82800,31300,2977514706421.0,-48.539465506525794,-58.6,-50.924400274160384,-43.248800548320766,-49.970426367106555,4,-3867.1530659612636,2.0
0017J0,SEMI Total Solution INC,SEMI Total Solution INC,KRX,Semiconductors,세미컨덕터,2535,40643,,-41.58986175115207,-69.08536585365853,-69.08536585365853,-69.08536585365853,-58.08716421265595,3,,
365590,HiDeep Inc.,하이딥,KRX,Semiconductors,세미컨덕터,1255,7480,23379911453.0,-31.793478260869566,-69.16461916461917,-72.53816370898905,-75.91170825335892,-56.24028952974126,3,-56.70963498802227,24.0
494120,"Curiosis, Inc.",큐리오시스,KRX,Medical specialties,의학 전문 분야,8640,13053,124672269573.0,-33.02325581395349,-72.352,-76.35781818181817,-80.36363636363636,-59.023993234672304,3,-53.705665985652374,25.0
023760,"Han Kook Capital Co., Ltd.",한국캐피탈,KRX,Finance/Rental/Leasing,금융/렌탈/리스,1417,11017,218360785156.0,-50.105633802816904,-62.11229946524064,-59.13473884153121,-56.15717821782178,-55.52309682604549,3,16.54566982891718,53.0
0156T0,"HL GENOMICS Co., Ltd.","HL GENOMICS Co., Ltd.",KRX,Pharmaceuticals: major,의약품: 주요,8600,8339,65136689544.0,-60.0,-60.0,-60.0,-60.0,-60.0,3,,
289220,"GIANTSTEP, Inc.",자이언트스텝,KRX,Advertising/Marketing services,광고/마케팅 서비스,910,8392,20192560482.0,-29.838087895142635,-74.36619718309859,-79.43182090841472,-84.49744463373084,-59.59432770310589,3,55.994885157277906,72.0
002070,VIVIEN CORPORATION,비비안보통주,KRX,Apparel/Footwear,어패럴/풋웨어,3725,5665,18174812145.0,7.348703170028818,-97.76276276276276,-98.32433038691451,-98.88589801106625,-56.055116964137184,3,-2004.0649003852639,2.0
066360,CHERRYBRO CO. LTD,체리부로,KRX,Agricultural commodities/Milling,농산물/제분,1490,7053,35892083170.0,-45.381231671554254,-67.74891774891775,-60.68018739251616,-53.61145703611457,-54.5606051041314,3,,
377220,"From Bio Co., Ltd.",프롬바이오,KRX,Pharmaceuticals: other,의약품: 기타,2030,100281,14070070446.0,-29.879101899827287,-70.7492795389049,-72.9206520393911,-75.0920245398773,-55.70403198356558,3,43.24340264817713,67.0
298380,"ABL Bio, Inc.",에이비엘바이오,KRX,Pharmaceuticals: major,의약품: 주요,51700,37547,2844163217163.0,-50.99526066350711,-70.28735632183908,-57.37783498154253,-44.46831364124597,-54.82480525432837,3,-128.30293032108912,16.0
408470,"Hanpass Co., Ltd.","Hanpass Co., Ltd.",KRX,Packaged software,패키지 소프트웨어,4840,24611,51961377788.0,-20.263591433278417,-71.25890736342043,-79.10654263049727,-86.95417789757413,-55.56936215160974,3,,
001210,"Kumho Electric, Inc.",금호전기보통주,KRX,Semiconductors,세미컨덕터,10000,193516,114739146881.0,-66.47108130762783,-48.717948717948715,-51.021751488495944,-53.32555425904317,-57.201483416148704,3,61.050675922461494,73.0
476040,Organoidsciences Ltd.,오가노이드사이언스,KRX,Miscellaneous commercial services,기타 상업 서비스,6950,8802,44585592761.0,-30.5,-69.97840172786177,-75.83241562018912,-81.68642951251647,-57.69944937211348,3,-48.782471087413924,26.0
458350,"ESteem Co., Ltd.","ESteem Co., Ltd.",KRX,Miscellaneous commercial services,기타 상업 서비스,2960,4405,25702271652.0,-22.816166883963493,-70.22132796780684,-80.28195272778596,-90.34257748776508,-57.29563839025698,3,,
354200,"NGeneBio Co., Ltd.",엔젠바이오,KRX,Biotechnology,바이오테크놀로지,1309,30527,20502535984.0,-34.36209245465827,-69.85235641812793,-70.11076479168683,-70.36917316524574,-55.811295856875404,3,67.0074255020374,75.0
200230,TELCON RF PHARMACEUTICAL. Inc.,텔콘알에프제약,KRX,Industrial machinery,산업용 기계,2160,593,20716672530.0,-28.119800332778702,-73.97590361445783,-78.06233197251817,-82.14876033057851,-58.08531931662239,3,-163.32675149289122,14.0
153890,"Justek, Inc.","Justek, Inc.",KRX,Electrical products,전기 제품,10000,11420,120503044128.0,-41.00294985250738,-71.7114568599717,-71.7114568599717,-71.7114568599717,-59.42805405698598,3,,
493280,IMBiologics Corp.,IMBiologics Corp.,KRX,Biotechnology,바이오테크놀로지,17590,20399,262328124104.0,-24.506437768240342,-69.88013698630137,-76.48333772391992,-83.08653846153847,-55.692577741648094,3,,
206560,"Dexter Studios Co., Ltd.",덱스터스튜디오,KRX,Movies/Entertainment,무비/엔터테인먼트,911,16984,23243342239.0,-24.77291494632535,-69.734219269103,-76.52461879206066,-83.31501831501832,-55.82393725376654,3,32.403123792989305,62.0
464490,QuadMedicine Inc.,쿼드메디슨,KRX,Medical specialties,의학 전문 분야,4510,2358,51152896338.0,-32.18045112781955,-67.34250543084721,-74.25580386364908,-81.16910229645094,-57.42566276931727,3,-314.6782100524074,9.0
058820,"CMG Pharmaceutical Co., Ltd.",CMG제약,KRX,Pharmaceuticals: major,의약품: 주요,550,72930,81616084686.0,-42.946058091286304,-69.08375491849354,-69.75693122268763,-70.43010752688173,-59.0325819701271,3,,
250930,"YeSUN Tech Co., Ltd.",예선테크,KRX,Industrial specialties,산업 분야,778,9125,5369412818.0,-52.415902140672785,-64.31192660550458,-65.53203167882066,-66.75213675213675,-60.28557986356152,3,,
240600,"Yujin Technology Co., Ltd.",유진테크놀로지,KRX,Industrial machinery,산업용 기계,998,6629,8943350511.0,-42.97140575999087,-62.80743853912449,-67.7946229168328,-72.78180729454111,-57.865336054096026,3,10.729369465638008,50.0
487580,"Poled Co., Ltd.","Poled Co., Ltd.",KRX,Metal fabrication,금속 가공,2960,9455,,-17.77777777777778,-85.2,-85.2,-85.2,-58.23111111111112,3,,
210980,SK D&D Co. Ltd.,SK디앤디보통주,KRX,Homebuilding,홈빌딩,3400,5330,211062446156.0,-56.50507083904618,-61.55717414928006,-57.249550537005405,-52.94192692473076,-56.95175865782171,3,-255.51883084880933,11.0
233990,"JILGYUNGYI Co., Ltd.",질경이,KRX,Household/Personal care,가정/개인 위생용품,691,500,11128688679.0,-55.41935483870968,-69.55947136563877,-56.131311138872455,-42.70315091210614,-55.846528618807355,3,,
001000,"Silla Textile Co., Ltd.",신라섬유,KRX,Textiles,텍스타일,1711,5217,8230085806.999999,-72.40322580645162,-82.66464032421479,-82.86202313240443,-83.05940594059406,-78.6785042020233,2,,
288980,"Moadata Co., Ltd",모아데이타,KRX,Information technology services,정보 기술 서비스,237,264859,8949819031.0,-69.80891719745223,-70.22613065326634,-74.47572241819512,-78.72531418312388,-72.60900032989797,2,-212.91179573930893,12.0
012340,"NUINTEK Co., Ltd.",뉴인텍,KRX,Electrical products,전기 제품,439,86782,9300828068.0,-62.890955198647504,-63.660098581295216,-70.86227220250734,-78.06444582371945,-67.67374540096341,2,,
142760,MOA Life Plus Co. Ltd.,모아라이프플러스,KRX,Biotechnology,바이오테크놀로지,489,78044,9845990004.0,-45.30201342281879,-73.45276872964169,-78.76221498371336,-84.07166123778502,-65.37813435935553,2,-11.597289814338135,39.0
308100,"Hyungji Global Co., Ltd.",형지글로벌,KRX,Apparel/Footwear,어패럴/풋웨어,294,77504,7487098701.0,-41.2,-68.38709677419355,-76.4891458713735,-84.59119496855345,-62.37348752282411,2,,
900100,PHIONX,애머릿지코퍼레이션,KRX,Trucking,트러킹,1167,333634,5491512869.0,-62.11038961038961,-68.62903225806451,-76.55520761839395,-84.4813829787234,-70.77728041519222,2,64.4721741322873,74.0
276730,"HanWool & Jeju, Inc.",한울앤제주,KRX,Beverages: alcoholic,음료: 알콜류,940,5442,22478810600.0,-77.45803357314149,-37.6657824933687,-57.39736813232912,-77.12895377128953,-65.42163430865408,2,-186.12230011699094,13.0
475040,Stradvision Inc.,Stradvision Inc.,KRX,Packaged software,패키지 소프트웨어,3130,23363,165781985600.0,-71.59709618874773,-71.59709618874773,-71.59709618874773,-71.59709618874773,-71.59709618874773,2,,
199730,"BioInfra Co.,Ltd.",바이오인프라,KRX,Miscellaneous commercial services,기타 상업 서비스,739,23260,3769884431.0,-68.65546218487395,-81.18537200504413,-83.33587666400066,-85.4863813229572,-77.46371087234998,2,,
417310,KORAMCO THE ONE REIT,코람코더원리츠보통주,KRX,Real estate investment trusts,부동산 투자 신탁,2380,4445,96758003654.0,-75.8130081300813,-75.20833333333333,-69.26826527991781,-63.32819722650231,-71.88616241998321,2,6430.769904002575,99.0
102940,Kolon Life Science Inc.,코오롱생명과학,KRX,Chemicals: major diversified,화학: 주요 복합,14350,16116,182221192017.0,-66.82080924855491,-76.12312811980033,-66.73912720997446,-57.35512630014859,-66.77180002540663,2,,
487400,"KNS, Inc.","KNS, Inc.",KRX,Telecommunications equipment,통신 장비,7380,61075,76135740166.0,-64.85714285714286,-64.85714285714286,-64.85714285714286,-64.85714285714286,-64.85714285714286,2,,
021880,MASON CAPITAL CORP,메이슨캐피탈,KRX,Finance/Rental/Leasing,금융/렌탈/리스,1160,6678,24719483776.0,-60.54421768707483,-71.84466019417475,-76.0918216225111,-80.33898305084746,-69.8727800483366,2,,
179900,"UTI, Inc.",유티아이,KRX,Industrial specialties,산업 분야,2375,16285,48855799952.0,-49.19786096256684,-84.95883470550982,-87.38285082914976,-89.8068669527897,-72.1088548825166,2,-38.20708257393678,29.0
033170,Signetics Corporation,시그네틱스,KRX,Electronic components,전자 부품,2745,59723,47407756281.0,-75.65410199556541,-84.42553191489361,-84.50209180014343,-84.57865168539325,-80.96289587831222,2,78.8794662085603,77.0
054940,EXA E & C Inc.,엑사이엔씨,KRX,Building products,건축 자재,3615,14152,24316208050.0,-76.78972712680577,-79.80446927374301,-80.41404566049354,-81.02362204724409,-78.96431824701844,2,23.45412192340827,58.0
376930,Noul Co Ltd.,노을,KRX,Packaged software,패키지 소프트웨어,1530,15236,15910566825.0,-55.32846715328467,-81.37553256238589,-85.03000526563949,-88.68447796889308,-73.14939002069757,2,24.54713164356583,58.0
084180,"Soosung Webtoon Co., Ltd.",수성웹툰,KRX,Industrial machinery,산업용 기계,250,250526,3921574028.0,-47.145877378435515,-84.55836936380481,-88.84982940069528,-93.14128943758574,-72.16824859179138,2,,
060900,"Agent AI Co.,Ltd.",에이전트에이아이,KRX,Oil refining/Marketing,정유/마케팅,2500,95384,18276910255.0,-43.88327721661055,-72.16035634743875,-78.7229091919654,-85.28546203649205,-64.78705640182346,2,,
093240,Hyungji Elite Inc.,형지엘리트보통주,KRX,Apparel/Footwear,어패럴/풋웨어,296,1056336,18081431854.0,-47.23707664884135,-71.0654936461388,-75.40710533203831,-79.74871701793782,-64.13909385875954,2,,
365660,Lemon Healthcare Co.,Lemon Healthcare Co.,KRX,Packaged software,패키지 소프트웨어,4420,48506,58531680679.0,-73.30917874396135,-73.30917874396135,-73.30917874396135,-73.30917874396135,-73.30917874396135,2,,
101670,Hydro Lithium Inc,하이드로리튬,KRX,Metal fabrication,금속 가공,484,15928,26468077114.0,-58.63247863247863,-78.91067538126362,-80.03899527818044,-81.16731517509727,-71.47638861989972,2,30.075242158191994,61.0
0039P0,"MadUp, Inc.","MadUp, Inc.",KRX,Information technology services,정보 기술 서비스,7920,186755,145005052071.0,-64.40449438202248,-64.40449438202248,-64.40449438202248,-64.40449438202248,-64.40449438202248,2,,
371950,"POONGWON PRECISION Co., Ltd.",풍원정밀,KRX,Electronic production equipment,전자 생산 장비,3225,21690,72226755867.0,-52.85087719298246,-74.24121405750799,-71.83624683918053,-69.43127962085308,-64.24209898070131,2,-23.75857363608742,34.0
036420,ContentreeJoongAng corp.,콘텐트리중앙보통주,KRX,Movies/Entertainment,무비/엔터테인먼트,1561,1218,29803108978.0,-64.88188976377953,-72.94627383015597,-79.32570101764209,-85.7051282051282,-73.54817651609707,2,-11.326607490776063,40.0
044380,"Jooyontech Co., Ltd",주연테크 보통주,KRX,Computer processing hardware,컴퓨터 프로세싱 하드웨어,386,115076,4848547654.0,-58.67237687366167,-78.84931506849315,-82.38086191380862,-85.91240875912409,-72.89746789774985,2,,
001770,"SHIN HWA DYNAMICS CO.,LTD",SHD보통주,KRX,Steel,스틸,4275,150793,5193603802.0,-49.64664310954063,-75.33179457587998,-75.66421284100008,-75.99663110612016,-65.2571849484163,2,-310.71968676375667,10.0
006050,"KUKYOUNG G&M Co., Ltd.",국영지앤엠,KRX,Engineering & construction,엔지니어링 및 건설,3410,3706,8713333607.0,-93.46743295019157,-97.47781065088758,-97.42433323600662,-97.37085582112567,-95.84157312168061,1,-244.46468890206822,11.0
006490,"FreeT, Inc.",인스코비보통주,KRX,Wireless telecommunications,무선 통신,1382,3174,23801330385.0,-89.30064518268902,-90.09910449741373,-92.67702006461073,-95.25493563180773,-91.32647011184206,1,-317.4357123590358,9.0
105550,"Edge Foundry Co.,Ltd",엣지파운드리,KRX,Automotive aftermarket,자동차 애프터마켓,1656,1411,23734162766.0,-85.21428571428571,-94.54814814814814,-95.65054466230936,-96.75294117647059,-91.47604108309989,1,,
223220,"Logis Mon, Inc.",로지스몬,KRX,Packaged software,패키지 소프트웨어,102,1,769591599.0,-74.17721518987342,-96.76190476190476,-98.03867050175775,-99.31543624161074,-88.49408837700402,1,,
204840,GL Pharm Tech Corp.,지엘팜텍,KRX,Pharmaceuticals: major,의약품: 주요,4355,1838,67002253417.99999,-79.97701149425288,-83.25,-83.77815315315316,-84.30630630630631,-82.25769648959304,1,,
403490,"WooDeumGee Farm Co., Ltd",농업회사법인 우듬지팜,KRX,Agricultural commodities/Milling,농산물/제분,2080,1169,19196260214.0,-84.87272727272727,-93.71601208459215,-94.57855398750155,-95.44109589041096,-90.69622330159186,1,-359.1969194418702,8.0
900270,HENGSHENG HOLDING GROUP LTD,헝셩그룹유한회사,KRX,Recreational products,레크리에이션 제품,2750,15285,34454800706.0,-82.45614035087719,-89.57345971563981,-94.55660433480736,-99.5397489539749,-89.71641874123529,1,-112.17376811481557,18.0
060570,Dreamus Company,드림어스컴퍼니,KRX,Computer peripherals,컴퓨터 주변기기,4945,815,72427185726.0,-77.99777530589544,-83.93176279447603,-86.63434500909784,-89.33692722371967,-83.17971712781689,1,,
034940,"ChoA Pharmaceutical Co., Ltd.",조아제약,KRX,Pharmaceuticals: other,의약품: 기타,2685,15223,16543226051.000002,-84.7226173541963,-88.0400890868597,-89.1470862857166,-90.2540834845735,-87.37729871310847,1,,
058450,HANJOO ART Co. LTD.,한주에이알티,KRX,Miscellaneous manufacturing,기타 제조업,701,67377,4657711313.0,-83.6214953271028,-75.86088154269973,-80.13462226601179,-84.40836298932385,-81.5293714904482,1,64.60097256860256,74.0
011080,"HYUNGJI Innovation & Creative Co., Ltd.",형지아이앤씨,KRX,Apparel/Footwear,어패럴/풋웨어,494,122837,3544547558.0,-80.43564356435644,-88.7439898602215,-90.35426893120965,-91.96454800219777,-86.38681878446836,1,,
035290,"Gold&S Co.,Ltd",골드앤에스,KRX,Miscellaneous commercial services,기타 상업 서비스,384,3429589,1830776733.0,-84.9706457925636,-86.40707964601769,-88.33044337630834,-90.25380710659898,-86.98652434281044,1,,
312610,"A.F.W Co., Ltd.",에이에프더블류,KRX,Electronic equipment/Instruments,전자 장비/기기,99,259943,2147230270.0,-84.57943925233644,-90.20771513353115,-91.60067285338978,-92.99363057324841,-88.79217941296844,1,-18.505885910807788,36.0
